Start-Index to extract observations: 0

OrbitsIDs for Oslo:
01199B 01301D 01339B 01690D 01728B 02079D 02468D 02506B 02895B 03246D 03284B 03386D 03635D 03673B 03775D 04024D 04062B 04164D 04840B 05580D 05618B 05720D 05969D 06007B 06147B 06358D 06747D 06785B 07136D 07174B 07525D 07914D 08303D 08481B 08692D 08832D 09081D 09119B 09470D 09859D 10248D 10388D 10637D 10815B 11415D 11453B 11804D 11842B 11982B 12193D 12231B 12582D 

OrbitsIDs for Karasjok:
00912C 01027C 01083C 01254C 01587C 01643C 01727C 02032C 02421C 02505C 02561C 02754C 02810C 02894C 03199C 03283C 03532C 03588C 03672C 03728C 03921C 03977C 04061C 04117C 05477C 05533C 05617C 05866C 05922C 06006C 06255C 06311C 06644C 06700C 07089C 07478C 07727C 07867C 08256C 08645C 09034C 09118C 09367C 09423C 09812C 10201C 10590C 11368C 11757C 12146C 12479C 12535C 

OrbitsIDs for Gratangen:
01214C 01301C 01354C 01494C 01690C 01743C 01883C 02079C 02272C 02468C 02521C 02661C 02910C 03050C 03246C 03299C 03439C 03635C 03775C 03828C 04024C 04077C 04164C 04217C 05384C 05580C 05633C 05773C 05969C 06022C 06162C 06358C 06747C 07136C 07329C 07525C 07718C 07914C 08303C 08496C 08692C 09081C 09134C 09470C 09859C 09912C 10052C 10248C 10637C 11415C 11804C 12193C 12582C 

OrbitsIDs for Beitostølen:
01028B 01270D 01410D 01588B 01659D 02048D 02188D 02577D 02755B 02966D 03533B 03744D 04133D 04522D 04771D 05300D 05478B 05689D 05867B 06256B 06327D 06467D 06645B 06716D 06856D 07105D 07245D 07494D 07634D 08272D 08412D 08590B 08801D 09050D 09190D 09368B 09439D 09579D 09757B 09828D 09968D 10217D 10357D 10606D 10746D 11135D 11384D 11524D 11773D 11913D 12162D 12231B 12302D 12551D 

OrbitsIDs for Værnes:
00959D 01270D 01370B 01410D 01619B 01759B 01939D 02188D 02537B 02577D 02717D 02926B 02966D 03315B 03744D 04093B 04133D 04522D 05260B 05300D 05649B 05689D 06038B 06467D 06856D 07245D 07634D 08412D 08801D 09190D 09579D 09968D 10357D 10746D 11135D 11524D 11913D 12302D 

OrbitsIDs for Østerås:
01028B 01199B 01301D 01339B 01690D 01728B 02079D 02468D 02506B 02895B 03246D 03284B 03635D 03673B 04024D 04062B 04840B 05580D 05618B 05969D 06007B 06358D 06747D 06785B 07136D 07174B 07525D 07914D 08303D 08692D 09081D 09119B 09470D 09859D 10248D 10637D 11415D 11453B 11804D 11842B 12193D 12231B 12582D 

OrbitsIDs for Trondheim:
00959D 01059B 01270D 01410D 01619B 01659D 02008B 02188D 02397B 02537B 02577D 02786B 02926B 02966D 03315B 03564B 03744D 03953B 04093B 04133D 04522D 04771D 05260B 05300D 05649B 05689D 05898B 06038B 06327D 06467D 06716D 06856D 07105D 07245D 07454B 07634D 08272D 08412D 08621B 08801D 09050D 09190D 09399B 09439D 09579D 09828D 09968D 10217D 10357D 10606D 10746D 11135D 11344B 11384D 11524D 11773D 11913D 12162D 12302D 12551D 

OrbitsIDs for Tromsø:
00934C 01105C 01161C 01245C 01301C 01385C 01525C 01690C 01774C 01830C 01914C 02079C 02163C 02303C 02468C 02552C 02608C 02692C 02941C 02997C 03081C 03246C 03386C 03470C 03635C 03719C 03775C 03859C 04024C 04108C 04164C 04248C 04942C 05275C 05331C 05415C 05580C 05664C 05720C 05804C 05969C 06053C 06193C 06358C 06498C 06747C 06887C 07136C 07276C 07525C 07665C 07749C 07914C 08303C 08387C 08443C 08692C 08832C 09081C 09221C 09470C 09610C 09859C 09999C 10083C 10248C 10388C 10472C 10637C 10777C 11166C 11415C 11555C 11804C 11944C 12193C 12333C 12582C 

OrbitsIDs for Bergen:
00966B 01068D 01277B 01628D 01666B 02017D 02195B 02406D 02795D 02973B 03184D 03362B 03573D 03751B 03962D 04140B 04740D 05307B 05518D 05696B 05907D 06296D 06685D 06863B 07074D 07463D 07641B 07852D 08241D 08419B 08630D 08808B 09019D 09408D 09797D 09975B 10186D 10575D 11353D 11531B 11742D 12131D 12520D 

OrbitsIDs for Hopen:
01011C 01042C 01068C 01182C 01239C 01379C 01462C 01488C 01602C 01628C 01711C 01768C 01851C 01877C 01908C 02017C 02100C 02240C 02266C 02297C 02380C 02406C 02489C 02546C 02629C 02655C 02686C 02769C 02795C 02878C 02935C 03018C 03044C 03075C 03184C 03267C 03407C 03433C 03464C 03547C 03573C 03656C 03796C 03822C 03853C 03936C 03962C 04045C 04102C 04185C 04211C 04242C 04880C 05269C 05352C 05409C 05492C 05518C 05601C 05658C 05741C 05767C 05798C 05881C 05907C 05990C 06047C 06130C 06156C 06187C 06270C 06296C 06436C 06545C 06685C 06825C 06934C 07074C 07214C 07323C 07354C 07463C 07603C 07852C 08101C 08132C 08241C 08381C 08490C 08521C 08630C 08770C 08879C 09019C 09102C 09133C 09159C 09268C 09299C 09382C 09408C 09548C 09657C 09797C 09937C 10046C 10186C 10326C 10435C 10575C 10715C 10824C 11213C 11353C 11493C 11742C 11882C 11965C 11991C 12131C 12271C 12380C 12520C 

OrbitsIDs for Brusdalen:
01068D 01308B 01628D 01697B 02017D 02086B 02406D 02475B 02795D 03184D 03253B 03573D 03642B 03782B 03962D 04031B 04171B 04740D 05518D 05587B 05727B 05907D 05976B 06296D 06685D 06754B 07074D 07283B 07463D 07672B 07852D 07921B 08241D 08310B 08450B 08630D 09019D 09088B 09408D 09797D 09866B 10186D 10255B 10575D 10644B 11353D 11742D 11951B 12131D 12520D 12589B 

OrbitsIDs for Jan-Mayen:
01069C 01215C 01240C 01355C 01495C 01629C 01744C 01769C 01884C 02018C 02273C 02407C 02522C 02547C 02662C 02796C 02911C 02936C 03051C 03185C 03300C 03440C 03574C 03829C 03963C 04078C 04103C 04218C 05270C 05385C 05519C 05634C 05659C 05774C 05908C 06023C 06048C 06163C 06297C 06412C 06437C 06552C 06686C 06801C 06826C 06941C 07075C 07190C 07215C 07330C 07464C 07579C 07604C 07719C 07853C 08108C 08242C 08357C 08382C 08497C 08631C 08746C 08771C 08886C 09020C 09135C 09160C 09275C 09524C 09549C 09664C 09798C 09913C 09938C 10053C 10187C 10302C 10327C 10442C 10576C 10716C 10831C 11220C 11354C 11469C 11494C 11743C 11858C 11883C 11998C 12132C 12247C 12272C 12387C 12521C 

OrbitsIDs for Flesland:
00966B 01068D 01277B 01628D 01666B 02017D 02055B 02195B 02406D 02795D 02973B 03184D 03362B 03573D 03751B 03962D 04140B 04740D 05307B 05518D 05696B 05907D 06296D 06685D 06863B 07074D 07463D 07641B 07852D 08241D 08419B 08630D 08808B 09019D 09408D 09797D 09975B 10186D 10575D 11353D 11531B 11742D 12131D 12520D 

OrbitsIDs for Iskoras:
00912C 01027C 01083C 01254C 01587C 01643C 02032C 02421C 02505C 02561C 02754C 02810C 02894C 03199C 03283C 03532C 03588C 03672C 03728C 03921C 03977C 04061C 04117C 05284C 05477C 05533C 05617C 05673C 05866C 05922C 06006C 06062C 06255C 06311C 06644C 06700C 07089C 07478C 07867C 08256C 08645C 09034C 09118C 09367C 09423C 09812C 10201C 10590C 11368C 11757C 12146C 12479C 12535C 

OrbitsIDs for Rena:
01059B 01301D 01619B 01690D 02008B 02079D 02397B 02468D 02786B 03246D 03386D 03564B 03635D 03775D 03953B 04024D 04164D 05580D 05898B 05969D 06358D 06747D 07136D 07454B 07525D 07914D 08303D 08621B 08692D 09081D 09399B 09470D 09859D 10248D 10637D 11344B 11415D 11804D 12193D 12582D 

OrbitsIDs for Korgåsen:
00943C 01229C 01369C 01618C 01674C 01758C 01898C 01923C 02287C 02312C 02452C 02536C 02676C 02701C 02925C 03065C 03090C 03314C 03454C 03479C 03619C 03843C 03868C 04008C 04092C 04232C 04257C 05259C 05399C 05424C 05564C 05648C 05788C 05813C 05953C 06037C 06177C 06202C 06591C 06731C 06980C 07120C 07369C 07509C 07758C 07898C 08147C 08287C 08511C 08536C 08676C 08925C 09065C 09314C 09454C 09703C 09843C 10067C 10092C 10232C 10481C 10621C 10870C 11259C 11399C 11648C 11788C 12037C 12177C 12426C 12566C 

OrbitsIDs for Bjørnøya:
01027C 01058C 01068C 01198C 01208C 01348C 01478C 01488C 01727C 01737C 01867C 01877C 02007C 02017C 02256C 02266C 02505C 02515C 02645C 02655C 02785C 02795C 02894C 02904C 03034C 03044C 03283C 03293C 03423C 03433C 03563C 03672C 03682C 03812C 03822C 03952C 04061C 04071C 04201C 04211C 05508C 05617C 05627C 05757C 05767C 05897C 06006C 06016C 06146C 06156C 06286C 06405C 06545C 06794C 06934C 07183C 07323C 07453C 07572C 08101C 08350C 08480C 08490C 08620C 08739C 08879C 09118C 09128C 09268C 09398C 09517C 09657C 09906C 10046C 10295C 10435C 10814C 10824C 11213C 11462C 11851C 11981C 11991C 12240C 12380C 

OrbitsIDs for Filefjell:
01168B 01837B 02048D 02226B 02437D 02615B 02755B 02826D 03004B 03215D 03604D 03782B 03993D 04171B 04771D 05338B 05478B 05549D 05727B 05867B 05938D 06327D 06716D 07105D 07283B 07494D 07672B 07883D 08272D 08450B 08590B 08661D 09050D 09368B 09439D 09757B 09828D 10217D 10606D 11384D 11773D 11951B 12162D 12551D 

OrbitsIDs for Juvvasshøe:
01099D 01588B 02048D 02437D 02755B 02826D 03215D 03533B 03604D 03993D 04771D 05478B 05549D 05867B 05938D 06256B 06327D 06645B 06716D 07105D 07494D 07883D 08272D 08590B 08661D 09050D 09368B 09439D 09757B 09828D 10217D 10606D 11384D 11773D 12162D 12551D 



=================================================================================================================
    Productfile=  ./RESULTS/libRad_v01_disort_1D_SWIA_solar_01199B_Oslo_TOA.nc 
    OrbitID    =  01199B 
    Specs      =  TOA 
    Across-track index : 151
    Along-track index  : 4203
    Overpass time (UTC): 2024-08-14 00:29
=================================================================================================================
Extracted data from ./RESULTS/libRad_v01_disort_1D_SWIA_solar_01199B_Oslo_TOA.nc:

 |------------------------|
 |     data  =    nan     |
 |------------------------|
 |    BMAFLX =    nan     |
 |------------------------|




=================================================================================================================
    Productfile=  ./RESULTS/libRad_v01_disort_1D_SWIA_solar_01301D_Oslo_TOA.nc 
    OrbitID    =  01301D 
    Specs      =  TOA 
    Across-track index : 151
    Along-track index  : 951
    Overpass time (UTC): 2024-08-20 14:07
=================================================================================================================
Extracted data from ./RESULTS/libRad_v01_disort_1D_SWIA_solar_01301D_Oslo_TOA.nc:

 |------------------------|
 |     data  =  395.2     |
 |------------------------|
 |    BMAFLX =  504.3     |
 |------------------------|




=================================================================================================================
    Productfile=  ./RESULTS/libRad_v01_disort_1D_SWIA_solar_01339B_Oslo_TOA.nc 
    OrbitID    =  01339B 
    Specs      =  TOA 
    Across-track index : 151
    Along-track index  : 4200
    Overpass time (UTC): 2024-08-23 00:29
=================================================================================================================
Extracted data from ./RESULTS/libRad_v01_disort_1D_SWIA_solar_01339B_Oslo_TOA.nc:

 |------------------------|
 |     data  =    nan     |
 |------------------------|
 |    BMAFLX =    nan     |
 |------------------------|




=================================================================================================================
    Productfile=  ./RESULTS/libRad_v01_disort_1D_SWIA_solar_01690D_Oslo_TOA.nc 
    OrbitID    =  01690D 
    Specs      =  TOA 
    Across-track index : 151
    Along-track index  : 948
    Overpass time (UTC): 2024-09-14 14:07
=================================================================================================================
Extracted data from ./RESULTS/libRad_v01_disort_1D_SWIA_solar_01690D_Oslo_TOA.nc:

 |------------------------|
 |     data  =  110.8     |
 |------------------------|
 |    BMAFLX =    nan     |
 |------------------------|




=================================================================================================================
    Productfile=  ./RESULTS/libRad_v01_disort_1D_SWIA_solar_01728B_Oslo_TOA.nc 
    OrbitID    =  01728B 
    Specs      =  TOA 
    Across-track index : 151
    Along-track index  : 4193
    Overpass time (UTC): 2024-09-17 00:29
=================================================================================================================
Extracted data from ./RESULTS/libRad_v01_disort_1D_SWIA_solar_01728B_Oslo_TOA.nc:

 |------------------------|
 |     data  =    nan     |
 |------------------------|
 |    BMAFLX =    nan     |
 |------------------------|




=================================================================================================================
    Productfile=  ./RESULTS/libRad_v01_disort_1D_SWIA_solar_02079D_Oslo_TOA.nc 
    OrbitID    =  02079D 
    Specs      =  TOA 
    Across-track index : 151
    Along-track index  : 945
    Overpass time (UTC): 2024-10-09 14:07
=================================================================================================================
Extracted data from ./RESULTS/libRad_v01_disort_1D_SWIA_solar_02079D_Oslo_TOA.nc:

 |------------------------|
 |     data  =  192.1     |
 |------------------------|
 |    BMAFLX =    nan     |
 |------------------------|




=================================================================================================================
    Productfile=  ./RESULTS/libRad_v01_disort_1D_SWIA_solar_02468D_Oslo_TOA.nc 
    OrbitID    =  02468D 
    Specs      =  TOA 
    Across-track index : 151
    Along-track index  : 943
    Overpass time (UTC): 2024-11-03 14:08
=================================================================================================================
Extracted data from ./RESULTS/libRad_v01_disort_1D_SWIA_solar_02468D_Oslo_TOA.nc:

 |------------------------|
 |     data  =   78.8     |
 |------------------------|
 |    BMAFLX =   68.0     |
 |------------------------|




=================================================================================================================
    Productfile=  ./RESULTS/libRad_v01_disort_1D_SWIA_solar_02506B_Oslo_TOA.nc 
    OrbitID    =  02506B 
    Specs      =  TOA 
    Across-track index : 151
    Along-track index  : 4190
    Overpass time (UTC): 2024-11-06 00:29
=================================================================================================================
Extracted data from ./RESULTS/libRad_v01_disort_1D_SWIA_solar_02506B_Oslo_TOA.nc:

 |------------------------|
 |     data  =    nan     |
 |------------------------|
 |    BMAFLX =    nan     |
 |------------------------|




=================================================================================================================
    Productfile=  ./RESULTS/libRad_v01_disort_1D_SWIA_solar_02895B_Oslo_TOA.nc 
    OrbitID    =  02895B 
    Specs      =  TOA 
    Across-track index : 151
    Along-track index  : 4188
    Overpass time (UTC): 2024-12-01 00:29
=================================================================================================================
Extracted data from ./RESULTS/libRad_v01_disort_1D_SWIA_solar_02895B_Oslo_TOA.nc:

 |------------------------|
 |     data  =    nan     |
 |------------------------|
 |    BMAFLX =    nan     |
 |------------------------|




=================================================================================================================
    Productfile=  ./RESULTS/libRad_v01_disort_1D_SWIA_solar_03246D_Oslo_TOA.nc 
    OrbitID    =  03246D 
    Specs      =  TOA 
    Across-track index : 151
    Along-track index  : 941
    Overpass time (UTC): 2024-12-23 14:07
=================================================================================================================
Extracted data from ./RESULTS/libRad_v01_disort_1D_SWIA_solar_03246D_Oslo_TOA.nc:

 |------------------------|
 |     data  =    nan     |
 |------------------------|
 |    BMAFLX =    nan     |
 |------------------------|




=================================================================================================================
    Productfile=  ./RESULTS/libRad_v01_disort_1D_SWIA_solar_03284B_Oslo_TOA.nc 
    OrbitID    =  03284B 
    Specs      =  TOA 
    Across-track index : 151
    Along-track index  : 4189
    Overpass time (UTC): 2024-12-26 00:28
=================================================================================================================
Extracted data from ./RESULTS/libRad_v01_disort_1D_SWIA_solar_03284B_Oslo_TOA.nc:

 |------------------------|
 |     data  =    nan     |
 |------------------------|
 |    BMAFLX =    nan     |
 |------------------------|




=================================================================================================================
    Productfile=  ./RESULTS/libRad_v01_disort_1D_SWIA_solar_03386D_Oslo_TOA.nc 
    OrbitID    =  03386D 
    Specs      =  TOA 
    Across-track index : 151
    Along-track index  : 955
    Overpass time (UTC): 2025-01-01 14:03
=================================================================================================================
Extracted data from ./RESULTS/libRad_v01_disort_1D_SWIA_solar_03386D_Oslo_TOA.nc:

 |------------------------|
 |     data  =   10.0     |
 |------------------------|
 |    BMAFLX =    nan     |
 |------------------------|




=================================================================================================================
    Productfile=  ./RESULTS/libRad_v01_disort_1D_SWIA_solar_03635D_Oslo_TOA.nc 
    OrbitID    =  03635D 
    Specs      =  TOA 
    Across-track index : 151
    Along-track index  : 942
    Overpass time (UTC): 2025-01-17 14:06
=================================================================================================================
Extracted data from ./RESULTS/libRad_v01_disort_1D_SWIA_solar_03635D_Oslo_TOA.nc:

 |------------------------|
 |     data  =   40.2     |
 |------------------------|
 |    BMAFLX =   32.1     |
 |------------------------|




=================================================================================================================
    Productfile=  ./RESULTS/libRad_v01_disort_1D_SWIA_solar_03673B_Oslo_TOA.nc 
    OrbitID    =  03673B 
    Specs      =  TOA 
    Across-track index : 151
    Along-track index  : 4189
    Overpass time (UTC): 2025-01-20 00:28
=================================================================================================================
Extracted data from ./RESULTS/libRad_v01_disort_1D_SWIA_solar_03673B_Oslo_TOA.nc:

 |------------------------|
 |     data  =    nan     |
 |------------------------|
 |    BMAFLX =    nan     |
 |------------------------|




=================================================================================================================
    Productfile=  ./RESULTS/libRad_v01_disort_1D_SWIA_solar_03775D_Oslo_TOA.nc 
    OrbitID    =  03775D 
    Specs      =  TOA 
    Across-track index : 151
    Along-track index  : 956
    Overpass time (UTC): 2025-01-26 14:02
=================================================================================================================
Extracted data from ./RESULTS/libRad_v01_disort_1D_SWIA_solar_03775D_Oslo_TOA.nc:

 |------------------------|
 |     data  =   81.8     |
 |------------------------|
 |    BMAFLX =    nan     |
 |------------------------|




=================================================================================================================
    Productfile=  ./RESULTS/libRad_v01_disort_1D_SWIA_solar_04024D_Oslo_TOA.nc 
    OrbitID    =  04024D 
    Specs      =  TOA 
    Across-track index : 151
    Along-track index  : 942
    Overpass time (UTC): 2025-02-11 14:06
=================================================================================================================
Extracted data from ./RESULTS/libRad_v01_disort_1D_SWIA_solar_04024D_Oslo_TOA.nc:

 |------------------------|
 |     data  =  137.2     |
 |------------------------|
 |    BMAFLX =    nan     |
 |------------------------|




=================================================================================================================
    Productfile=  ./RESULTS/libRad_v01_disort_1D_SWIA_solar_04062B_Oslo_TOA.nc 
    OrbitID    =  04062B 
    Specs      =  TOA 
    Across-track index : 151
    Along-track index  : 4189
    Overpass time (UTC): 2025-02-14 00:28
=================================================================================================================
Extracted data from ./RESULTS/libRad_v01_disort_1D_SWIA_solar_04062B_Oslo_TOA.nc:

 |------------------------|
 |     data  =    nan     |
 |------------------------|
 |    BMAFLX =    nan     |
 |------------------------|




=================================================================================================================
    Productfile=  ./RESULTS/libRad_v01_disort_1D_SWIA_solar_04164D_Oslo_TOA.nc 
    OrbitID    =  04164D 
    Specs      =  TOA 
    Across-track index : 151
    Along-track index  : 955
    Overpass time (UTC): 2025-02-20 14:02
=================================================================================================================
Extracted data from ./RESULTS/libRad_v01_disort_1D_SWIA_solar_04164D_Oslo_TOA.nc:

 |------------------------|
 |     data  =  173.3     |
 |------------------------|
 |    BMAFLX =    nan     |
 |------------------------|




=================================================================================================================
    Productfile=  ./RESULTS/libRad_v01_disort_1D_SWIA_solar_04840B_Oslo_TOA.nc 
    OrbitID    =  04840B 
    Specs      =  TOA 
    Across-track index : 151
    Along-track index  : 4190
    Overpass time (UTC): 2025-04-05 00:26
=================================================================================================================
Extracted data from ./RESULTS/libRad_v01_disort_1D_SWIA_solar_04840B_Oslo_TOA.nc:

 |------------------------|
 |     data  =    nan     |
 |------------------------|
 |    BMAFLX =    nan     |
 |------------------------|




=================================================================================================================
    Productfile=  ./RESULTS/libRad_v01_disort_1D_SWIA_solar_05580D_Oslo_TOA.nc 
    OrbitID    =  05580D 
    Specs      =  TOA 
    Across-track index : 151
    Along-track index  : 942
    Overpass time (UTC): 2025-05-22 14:04
=================================================================================================================
Extracted data from ./RESULTS/libRad_v01_disort_1D_SWIA_solar_05580D_Oslo_TOA.nc:

 |------------------------|
 |     data  =  211.2     |
 |------------------------|
 |    BMAFLX =    nan     |
 |------------------------|




=================================================================================================================
    Productfile=  ./RESULTS/libRad_v01_disort_1D_SWIA_solar_05618B_Oslo_TOA.nc 
    OrbitID    =  05618B 
    Specs      =  TOA 
    Across-track index : 151
    Along-track index  : 4189
    Overpass time (UTC): 2025-05-25 00:26
=================================================================================================================
Extracted data from ./RESULTS/libRad_v01_disort_1D_SWIA_solar_05618B_Oslo_TOA.nc:

 |------------------------|
 |     data  =    nan     |
 |------------------------|
 |    BMAFLX =    nan     |
 |------------------------|




=================================================================================================================
    Productfile=  ./RESULTS/libRad_v01_disort_1D_SWIA_solar_05720D_Oslo_TOA.nc 
    OrbitID    =  05720D 
    Specs      =  TOA 
    Across-track index : 151
    Along-track index  : 957
    Overpass time (UTC): 2025-05-31 14:01
=================================================================================================================
Extracted data from ./RESULTS/libRad_v01_disort_1D_SWIA_solar_05720D_Oslo_TOA.nc:

 |------------------------|
 |     data  =   78.4     |
 |------------------------|
 |    BMAFLX =  145.2     |
 |------------------------|




=================================================================================================================
    Productfile=  ./RESULTS/libRad_v01_disort_1D_SWIA_solar_05969D_Oslo_TOA.nc 
    OrbitID    =  05969D 
    Specs      =  TOA 
    Across-track index : 151
    Along-track index  : 943
    Overpass time (UTC): 2025-06-16 14:04
=================================================================================================================
Extracted data from ./RESULTS/libRad_v01_disort_1D_SWIA_solar_05969D_Oslo_TOA.nc:

 |------------------------|
 |     data  =  210.9     |
 |------------------------|
 |    BMAFLX =  250.6     |
 |------------------------|




=================================================================================================================
    Productfile=  ./RESULTS/libRad_v01_disort_1D_SWIA_solar_06007B_Oslo_TOA.nc 
    OrbitID    =  06007B 
    Specs      =  TOA 
    Across-track index : 151
    Along-track index  : 4190
    Overpass time (UTC): 2025-06-19 00:26
=================================================================================================================
Extracted data from ./RESULTS/libRad_v01_disort_1D_SWIA_solar_06007B_Oslo_TOA.nc:

 |------------------------|
 |     data  =    nan     |
 |------------------------|
 |    BMAFLX =    nan     |
 |------------------------|




=================================================================================================================
    Productfile=  ./RESULTS/libRad_v01_disort_1D_SWIA_solar_06147B_Oslo_TOA.nc 
    OrbitID    =  06147B 
    Specs      =  TOA 
    Across-track index : 151
    Along-track index  : 4203
    Overpass time (UTC): 2025-06-28 00:22
=================================================================================================================
Extracted data from ./RESULTS/libRad_v01_disort_1D_SWIA_solar_06147B_Oslo_TOA.nc:

 |------------------------|
 |     data  =    nan     |
 |------------------------|
 |    BMAFLX =    nan     |
 |------------------------|




=================================================================================================================
    Productfile=  ./RESULTS/libRad_v01_disort_1D_SWIA_solar_06358D_Oslo_TOA.nc 
    OrbitID    =  06358D 
    Specs      =  TOA 
    Across-track index : 151
    Along-track index  : 944
    Overpass time (UTC): 2025-07-11 14:04
=================================================================================================================
Extracted data from ./RESULTS/libRad_v01_disort_1D_SWIA_solar_06358D_Oslo_TOA.nc:

 |------------------------|
 |     data  =  349.0     |
 |------------------------|
 |    BMAFLX =  211.9     |
 |------------------------|




=================================================================================================================
    Productfile=  ./RESULTS/libRad_v01_disort_1D_SWIA_solar_06747D_Oslo_TOA.nc 
    OrbitID    =  06747D 
    Specs      =  TOA 
    Across-track index : 151
    Along-track index  : 945
    Overpass time (UTC): 2025-08-05 14:03
=================================================================================================================
Extracted data from ./RESULTS/libRad_v01_disort_1D_SWIA_solar_06747D_Oslo_TOA.nc:

 |------------------------|
 |     data  =  448.1     |
 |------------------------|
 |    BMAFLX =  389.6     |
 |------------------------|




=================================================================================================================
    Productfile=  ./RESULTS/libRad_v01_disort_1D_SWIA_solar_06785B_Oslo_TOA.nc 
    OrbitID    =  06785B 
    Specs      =  TOA 
    Across-track index : 151
    Along-track index  : 4190
    Overpass time (UTC): 2025-08-08 00:25
=================================================================================================================
Extracted data from ./RESULTS/libRad_v01_disort_1D_SWIA_solar_06785B_Oslo_TOA.nc:

 |------------------------|
 |     data  =    nan     |
 |------------------------|
 |    BMAFLX =    nan     |
 |------------------------|




=================================================================================================================
    Productfile=  ./RESULTS/libRad_v01_disort_1D_SWIA_solar_07136D_Oslo_TOA.nc 
    OrbitID    =  07136D 
    Specs      =  TOA 
    Across-track index : 151
    Along-track index  : 944
    Overpass time (UTC): 2025-08-30 14:03
=================================================================================================================
Extracted data from ./RESULTS/libRad_v01_disort_1D_SWIA_solar_07136D_Oslo_TOA.nc:

 |------------------------|
 |     data  =  177.4     |
 |------------------------|
 |    BMAFLX =  202.5     |
 |------------------------|




=================================================================================================================
    Productfile=  ./RESULTS/libRad_v01_disort_1D_SWIA_solar_07174B_Oslo_TOA.nc 
    OrbitID    =  07174B 
    Specs      =  TOA 
    Across-track index : 151
    Along-track index  : 4190
    Overpass time (UTC): 2025-09-02 00:25
=================================================================================================================
Extracted data from ./RESULTS/libRad_v01_disort_1D_SWIA_solar_07174B_Oslo_TOA.nc:

 |------------------------|
 |     data  =    nan     |
 |------------------------|
 |    BMAFLX =    nan     |
 |------------------------|




=================================================================================================================
    Productfile=  ./RESULTS/libRad_v01_disort_1D_SWIA_solar_07525D_Oslo_TOA.nc 
    OrbitID    =  07525D 
    Specs      =  TOA 
    Across-track index : 151
    Along-track index  : 944
    Overpass time (UTC): 2025-09-24 14:03
=================================================================================================================
Extracted data from ./RESULTS/libRad_v01_disort_1D_SWIA_solar_07525D_Oslo_TOA.nc:

 |------------------------|
 |     data  =   66.5     |
 |------------------------|
 |    BMAFLX =    nan     |
 |------------------------|




=================================================================================================================
    Productfile=  ./RESULTS/libRad_v01_disort_1D_SWIA_solar_07914D_Oslo_TOA.nc 
    OrbitID    =  07914D 
    Specs      =  TOA 
    Across-track index : 151
    Along-track index  : 942
    Overpass time (UTC): 2025-10-19 14:04
=================================================================================================================
Extracted data from ./RESULTS/libRad_v01_disort_1D_SWIA_solar_07914D_Oslo_TOA.nc:

 |------------------------|
 |     data  =   76.4     |
 |------------------------|
 |    BMAFLX =    nan     |
 |------------------------|




=================================================================================================================
    Productfile=  ./RESULTS/libRad_v01_disort_1D_SWIA_solar_08303D_Oslo_TOA.nc 
    OrbitID    =  08303D 
    Specs      =  TOA 
    Across-track index : 151
    Along-track index  : 943
    Overpass time (UTC): 2025-11-13 14:03
=================================================================================================================
Extracted data from ./RESULTS/libRad_v01_disort_1D_SWIA_solar_08303D_Oslo_TOA.nc:

 |------------------------|
 |     data  =   59.3     |
 |------------------------|
 |    BMAFLX =   60.8     |
 |------------------------|


     Skipping 08481B. Do not find product BMA_FLX

     Skipping 08692D. Do not find product BMA_FLX

     Skipping 08832D. Do not find product BMA_FLX

     Skipping 09081D. Do not find product BMA_FLX

     Skipping 09119B. Do not find product BMA_FLX

     Skipping 09470D. Do not find product BMA_FLX



=================================================================================================================
    Productfile=  ./RESULTS/libRad_v01_disort_1D_SWIA_solar_09859D_Oslo_TOA.nc 
    OrbitID    =  09859D 
    Specs      =  TOA 
    Across-track index : 151
    Along-track index  : 944
    Overpass time (UTC): 2026-02-21 14:04
=================================================================================================================
Extracted data from ./RESULTS/libRad_v01_disort_1D_SWIA_solar_09859D_Oslo_TOA.nc:

 |------------------------|
 |     data  =   92.4     |
 |------------------------|
 |    BMAFLX =    nan     |
 |------------------------|


     Skipping 10248D. Do not find product BMA_FLX

     Skipping 10388D. Do not find product BMA_FLX

     Skipping 10637D. Do not find product BMA_FLX

     Skipping 10815B. Do not find product BMA_FLX



=================================================================================================================
    Productfile=  ./RESULTS/libRad_v01_disort_1D_SWIA_solar_11415D_Oslo_TOA.nc 
    OrbitID    =  11415D 
    Specs      =  TOA 
    Across-track index : 151
    Along-track index  : 945
    Overpass time (UTC): 2026-06-01 14:04
=================================================================================================================
Extracted data from ./RESULTS/libRad_v01_disort_1D_SWIA_solar_11415D_Oslo_TOA.nc:

 |------------------------|
 |     data  =  460.8     |
 |------------------------|
 |    BMAFLX =  467.0     |
 |------------------------|


     Skipping 11453B. Do not find product BMA_FLX

     Skipping 11804D. Do not find product BMA_FLX

     Skipping 11842B. Do not find product BMA_FLX



=================================================================================================================
    Productfile=  ./RESULTS/libRad_v01_disort_1D_SWIA_solar_11982B_Oslo_TOA.nc 
    OrbitID    =  11982B 
    Specs      =  TOA 
    Across-track index : 151
    Along-track index  : 4203
    Overpass time (UTC): 2026-07-08 00:23
=================================================================================================================
Extracted data from ./RESULTS/libRad_v01_disort_1D_SWIA_solar_11982B_Oslo_TOA.nc:

 |------------------------|
 |     data  =    nan     |
 |------------------------|
 |    BMAFLX =    nan     |
 |------------------------|




=================================================================================================================
    Productfile=  ./RESULTS/libRad_v01_disort_1D_SWIA_solar_12193D_Oslo_TOA.nc 
    OrbitID    =  12193D 
    Specs      =  TOA 
    Across-track index : 151
    Along-track index  : 945
    Overpass time (UTC): 2026-07-21 14:05
=================================================================================================================
Extracted data from ./RESULTS/libRad_v01_disort_1D_SWIA_solar_12193D_Oslo_TOA.nc:

 |------------------------|
 |     data  =  387.0     |
 |------------------------|
 |    BMAFLX =  245.2     |
 |------------------------|


     Skipping 12231B. Do not find product BMA_FLX



=================================================================================================================
    Productfile=  ./RESULTS/libRad_v01_disort_1D_SWIA_solar_12582D_Oslo_TOA.nc 
    OrbitID    =  12582D 
    Specs      =  TOA 
    Across-track index : 151
    Along-track index  : 944
    Overpass time (UTC): 2026-08-15 14:06
=================================================================================================================
Extracted data from ./RESULTS/libRad_v01_disort_1D_SWIA_solar_12582D_Oslo_TOA.nc:

 |------------------------|
 |     data  =  229.3     |
 |------------------------|
 |    BMAFLX =  221.9     |
 |------------------------|




=================================================================================================================
    Productfile=  ./RESULTS/libRad_v01_disort_1D_SWIA_solar_00912C_Karasjok_TOA.nc 
    OrbitID    =  00912C 
    Specs      =  TOA 
    Across-track index : 151
    Along-track index  : 4519
    Overpass time (UTC): 2024-07-26 13:39
=================================================================================================================
Extracted data from ./RESULTS/libRad_v01_disort_1D_SWIA_solar_00912C_Karasjok_TOA.nc:

 |------------------------|
 |     data  =  108.0     |
 |------------------------|
 |    BMAFLX =    nan     |
 |------------------------|




=================================================================================================================
    Productfile=  ./RESULTS/libRad_v01_disort_1D_SWIA_solar_01027C_Karasjok_TOA.nc 
    OrbitID    =  01027C 
    Specs      =  TOA 
    Across-track index : 151
    Along-track index  : 331
    Overpass time (UTC): 2024-08-02 23:02
=================================================================================================================
Extracted data from ./RESULTS/libRad_v01_disort_1D_SWIA_solar_01027C_Karasjok_TOA.nc:

 |------------------------|
 |     data  =    nan     |
 |------------------------|
 |    BMAFLX =    nan     |
 |------------------------|




=================================================================================================================
    Productfile=  ./RESULTS/libRad_v01_disort_1D_SWIA_solar_01083C_Karasjok_TOA.nc 
    OrbitID    =  01083C 
    Specs      =  TOA 
    Across-track index : 151
    Along-track index  : 4517
    Overpass time (UTC): 2024-08-06 13:39
=================================================================================================================
Extracted data from ./RESULTS/libRad_v01_disort_1D_SWIA_solar_01083C_Karasjok_TOA.nc:

 |------------------------|
 |     data  =  111.9     |
 |------------------------|
 |    BMAFLX =    nan     |
 |------------------------|




=================================================================================================================
    Productfile=  ./RESULTS/libRad_v01_disort_1D_SWIA_solar_01254C_Karasjok_TOA.nc 
    OrbitID    =  01254C 
    Specs      =  TOA 
    Across-track index : 151
    Along-track index  : 4533
    Overpass time (UTC): 2024-08-17 13:33
=================================================================================================================
Extracted data from ./RESULTS/libRad_v01_disort_1D_SWIA_solar_01254C_Karasjok_TOA.nc:

 |------------------------|
 |     data  =  133.2     |
 |------------------------|
 |    BMAFLX =    nan     |
 |------------------------|




=================================================================================================================
    Productfile=  ./RESULTS/libRad_v01_disort_1D_SWIA_solar_01587C_Karasjok_TOA.nc 
    OrbitID    =  01587C 
    Specs      =  TOA 
    Across-track index : 151
    Along-track index  : 325
    Overpass time (UTC): 2024-09-07 23:03
=================================================================================================================
Extracted data from ./RESULTS/libRad_v01_disort_1D_SWIA_solar_01587C_Karasjok_TOA.nc:

 |------------------------|
 |     data  =    nan     |
 |------------------------|
 |    BMAFLX =    nan     |
 |------------------------|




=================================================================================================================
    Productfile=  ./RESULTS/libRad_v01_disort_1D_SWIA_solar_01643C_Karasjok_TOA.nc 
    OrbitID    =  01643C 
    Specs      =  TOA 
    Across-track index : 151
    Along-track index  : 4532
    Overpass time (UTC): 2024-09-11 13:34
=================================================================================================================
Extracted data from ./RESULTS/libRad_v01_disort_1D_SWIA_solar_01643C_Karasjok_TOA.nc:

 |------------------------|
 |     data  =    nan     |
 |------------------------|
 |    BMAFLX =    nan     |
 |------------------------|




=================================================================================================================
    Productfile=  ./RESULTS/libRad_v01_disort_1D_SWIA_solar_01727C_Karasjok_TOA.nc 
    OrbitID    =  01727C 
    Specs      =  TOA 
    Across-track index : 151
    Along-track index  : 337
    Overpass time (UTC): 2024-09-16 22:59
=================================================================================================================
Extracted data from ./RESULTS/libRad_v01_disort_1D_SWIA_solar_01727C_Karasjok_TOA.nc:

 |------------------------|
 |     data  =    nan     |
 |------------------------|
 |    BMAFLX =    nan     |
 |------------------------|




=================================================================================================================
    Productfile=  ./RESULTS/libRad_v01_disort_1D_SWIA_solar_02032C_Karasjok_TOA.nc 
    OrbitID    =  02032C 
    Specs      =  TOA 
    Across-track index : 151
    Along-track index  : 4514
    Overpass time (UTC): 2024-10-06 13:36
=================================================================================================================
Extracted data from ./RESULTS/libRad_v01_disort_1D_SWIA_solar_02032C_Karasjok_TOA.nc:

 |------------------------|
 |     data  =   66.0     |
 |------------------------|
 |    BMAFLX =    nan     |
 |------------------------|




=================================================================================================================
    Productfile=  ./RESULTS/libRad_v01_disort_1D_SWIA_solar_02421C_Karasjok_TOA.nc 
    OrbitID    =  02421C 
    Specs      =  TOA 
    Across-track index : 151
    Along-track index  : 4518
    Overpass time (UTC): 2024-10-31 13:35
=================================================================================================================
Extracted data from ./RESULTS/libRad_v01_disort_1D_SWIA_solar_02421C_Karasjok_TOA.nc:

 |------------------------|
 |     data  =    nan     |
 |------------------------|
 |    BMAFLX =    nan     |
 |------------------------|




=================================================================================================================
    Productfile=  ./RESULTS/libRad_v01_disort_1D_SWIA_solar_02505C_Karasjok_TOA.nc 
    OrbitID    =  02505C 
    Specs      =  TOA 
    Across-track index : 151
    Along-track index  : 334
    Overpass time (UTC): 2024-11-05 22:59
=================================================================================================================
Extracted data from ./RESULTS/libRad_v01_disort_1D_SWIA_solar_02505C_Karasjok_TOA.nc:

 |------------------------|
 |     data  =    nan     |
 |------------------------|
 |    BMAFLX =    nan     |
 |------------------------|




=================================================================================================================
    Productfile=  ./RESULTS/libRad_v01_disort_1D_SWIA_solar_02561C_Karasjok_TOA.nc 
    OrbitID    =  02561C 
    Specs      =  TOA 
    Across-track index : 151
    Along-track index  : 4529
    Overpass time (UTC): 2024-11-09 13:32
=================================================================================================================
Extracted data from ./RESULTS/libRad_v01_disort_1D_SWIA_solar_02561C_Karasjok_TOA.nc:

 |------------------------|
 |     data  =    nan     |
 |------------------------|
 |    BMAFLX =    nan     |
 |------------------------|




=================================================================================================================
    Productfile=  ./RESULTS/libRad_v01_disort_1D_SWIA_solar_02754C_Karasjok_TOA.nc 
    OrbitID    =  02754C 
    Specs      =  TOA 
    Across-track index : 151
    Along-track index  : 317
    Overpass time (UTC): 2024-11-21 23:03
=================================================================================================================
Extracted data from ./RESULTS/libRad_v01_disort_1D_SWIA_solar_02754C_Karasjok_TOA.nc:

 |------------------------|
 |     data  =    nan     |
 |------------------------|
 |    BMAFLX =    nan     |
 |------------------------|




=================================================================================================================
    Productfile=  ./RESULTS/libRad_v01_disort_1D_SWIA_solar_02810C_Karasjok_TOA.nc 
    OrbitID    =  02810C 
    Specs      =  TOA 
    Across-track index : 151
    Along-track index  : 4558
    Overpass time (UTC): 2024-11-25 13:36
=================================================================================================================
Extracted data from ./RESULTS/libRad_v01_disort_1D_SWIA_solar_02810C_Karasjok_TOA.nc:

 |------------------------|
 |     data  =    nan     |
 |------------------------|
 |    BMAFLX =    nan     |
 |------------------------|




=================================================================================================================
    Productfile=  ./RESULTS/libRad_v01_disort_1D_SWIA_solar_02894C_Karasjok_TOA.nc 
    OrbitID    =  02894C 
    Specs      =  TOA 
    Across-track index : 151
    Along-track index  : 332
    Overpass time (UTC): 2024-11-30 22:59
=================================================================================================================
Extracted data from ./RESULTS/libRad_v01_disort_1D_SWIA_solar_02894C_Karasjok_TOA.nc:

 |------------------------|
 |     data  =    nan     |
 |------------------------|
 |    BMAFLX =    nan     |
 |------------------------|




=================================================================================================================
    Productfile=  ./RESULTS/libRad_v01_disort_1D_SWIA_solar_03199C_Karasjok_TOA.nc 
    OrbitID    =  03199C 
    Specs      =  TOA 
    Across-track index : 151
    Along-track index  : 4515
    Overpass time (UTC): 2024-12-20 13:35
=================================================================================================================
Extracted data from ./RESULTS/libRad_v01_disort_1D_SWIA_solar_03199C_Karasjok_TOA.nc:

 |------------------------|
 |     data  =    nan     |
 |------------------------|
 |    BMAFLX =    nan     |
 |------------------------|




=================================================================================================================
    Productfile=  ./RESULTS/libRad_v01_disort_1D_SWIA_solar_03283C_Karasjok_TOA.nc 
    OrbitID    =  03283C 
    Specs      =  TOA 
    Across-track index : 151
    Along-track index  : 333
    Overpass time (UTC): 2024-12-25 22:58
=================================================================================================================
Extracted data from ./RESULTS/libRad_v01_disort_1D_SWIA_solar_03283C_Karasjok_TOA.nc:

 |------------------------|
 |     data  =    nan     |
 |------------------------|
 |    BMAFLX =    nan     |
 |------------------------|




=================================================================================================================
    Productfile=  ./RESULTS/libRad_v01_disort_1D_SWIA_solar_03532C_Karasjok_TOA.nc 
    OrbitID    =  03532C 
    Specs      =  TOA 
    Across-track index : 151
    Along-track index  : 320
    Overpass time (UTC): 2025-01-10 23:02
=================================================================================================================
Extracted data from ./RESULTS/libRad_v01_disort_1D_SWIA_solar_03532C_Karasjok_TOA.nc:

 |------------------------|
 |     data  =    nan     |
 |------------------------|
 |    BMAFLX =    nan     |
 |------------------------|




=================================================================================================================
    Productfile=  ./RESULTS/libRad_v01_disort_1D_SWIA_solar_03588C_Karasjok_TOA.nc 
    OrbitID    =  03588C 
    Specs      =  TOA 
    Across-track index : 151
    Along-track index  : 4516
    Overpass time (UTC): 2025-01-14 13:34
=================================================================================================================
Extracted data from ./RESULTS/libRad_v01_disort_1D_SWIA_solar_03588C_Karasjok_TOA.nc:

 |------------------------|
 |     data  =    nan     |
 |------------------------|
 |    BMAFLX =    nan     |
 |------------------------|




=================================================================================================================
    Productfile=  ./RESULTS/libRad_v01_disort_1D_SWIA_solar_03672C_Karasjok_TOA.nc 
    OrbitID    =  03672C 
    Specs      =  TOA 
    Across-track index : 151
    Along-track index  : 333
    Overpass time (UTC): 2025-01-19 22:58
=================================================================================================================
Extracted data from ./RESULTS/libRad_v01_disort_1D_SWIA_solar_03672C_Karasjok_TOA.nc:

 |------------------------|
 |     data  =    nan     |
 |------------------------|
 |    BMAFLX =    nan     |
 |------------------------|




=================================================================================================================
    Productfile=  ./RESULTS/libRad_v01_disort_1D_SWIA_solar_03728C_Karasjok_TOA.nc 
    OrbitID    =  03728C 
    Specs      =  TOA 
    Across-track index : 151
    Along-track index  : 4528
    Overpass time (UTC): 2025-01-23 13:30
=================================================================================================================
Extracted data from ./RESULTS/libRad_v01_disort_1D_SWIA_solar_03728C_Karasjok_TOA.nc:

 |------------------------|
 |     data  =    nan     |
 |------------------------|
 |    BMAFLX =    nan     |
 |------------------------|




=================================================================================================================
    Productfile=  ./RESULTS/libRad_v01_disort_1D_SWIA_solar_03921C_Karasjok_TOA.nc 
    OrbitID    =  03921C 
    Specs      =  TOA 
    Across-track index : 151
    Along-track index  : 321
    Overpass time (UTC): 2025-02-04 23:01
=================================================================================================================
Extracted data from ./RESULTS/libRad_v01_disort_1D_SWIA_solar_03921C_Karasjok_TOA.nc:

 |------------------------|
 |     data  =    nan     |
 |------------------------|
 |    BMAFLX =    nan     |
 |------------------------|




=================================================================================================================
    Productfile=  ./RESULTS/libRad_v01_disort_1D_SWIA_solar_03977C_Karasjok_TOA.nc 
    OrbitID    =  03977C 
    Specs      =  TOA 
    Across-track index : 151
    Along-track index  : 4516
    Overpass time (UTC): 2025-02-08 13:34
=================================================================================================================
Extracted data from ./RESULTS/libRad_v01_disort_1D_SWIA_solar_03977C_Karasjok_TOA.nc:

 |------------------------|
 |     data  =    nan     |
 |------------------------|
 |    BMAFLX =    nan     |
 |------------------------|




=================================================================================================================
    Productfile=  ./RESULTS/libRad_v01_disort_1D_SWIA_solar_04061C_Karasjok_TOA.nc 
    OrbitID    =  04061C 
    Specs      =  TOA 
    Across-track index : 151
    Along-track index  : 332
    Overpass time (UTC): 2025-02-13 22:58
=================================================================================================================
Extracted data from ./RESULTS/libRad_v01_disort_1D_SWIA_solar_04061C_Karasjok_TOA.nc:

 |------------------------|
 |     data  =    nan     |
 |------------------------|
 |    BMAFLX =    nan     |
 |------------------------|




=================================================================================================================
    Productfile=  ./RESULTS/libRad_v01_disort_1D_SWIA_solar_04117C_Karasjok_TOA.nc 
    OrbitID    =  04117C 
    Specs      =  TOA 
    Across-track index : 151
    Along-track index  : 4528
    Overpass time (UTC): 2025-02-17 13:30
=================================================================================================================
Extracted data from ./RESULTS/libRad_v01_disort_1D_SWIA_solar_04117C_Karasjok_TOA.nc:

 |------------------------|
 |     data  =   45.1     |
 |------------------------|
 |    BMAFLX =    nan     |
 |------------------------|




=================================================================================================================
    Productfile=  ./RESULTS/libRad_v01_disort_1D_SWIA_solar_05477C_Karasjok_TOA.nc 
    OrbitID    =  05477C 
    Specs      =  TOA 
    Across-track index : 151
    Along-track index  : 319
    Overpass time (UTC): 2025-05-15 23:00
=================================================================================================================
Extracted data from ./RESULTS/libRad_v01_disort_1D_SWIA_solar_05477C_Karasjok_TOA.nc:

 |------------------------|
 |     data  =    nan     |
 |------------------------|
 |    BMAFLX =    nan     |
 |------------------------|




=================================================================================================================
    Productfile=  ./RESULTS/libRad_v01_disort_1D_SWIA_solar_05533C_Karasjok_TOA.nc 
    OrbitID    =  05533C 
    Specs      =  TOA 
    Across-track index : 151
    Along-track index  : 4515
    Overpass time (UTC): 2025-05-19 13:32
=================================================================================================================
Extracted data from ./RESULTS/libRad_v01_disort_1D_SWIA_solar_05533C_Karasjok_TOA.nc:

 |------------------------|
 |     data  =  382.3     |
 |------------------------|
 |    BMAFLX =    nan     |
 |------------------------|




=================================================================================================================
    Productfile=  ./RESULTS/libRad_v01_disort_1D_SWIA_solar_05617C_Karasjok_TOA.nc 
    OrbitID    =  05617C 
    Specs      =  TOA 
    Across-track index : 151
    Along-track index  : 332
    Overpass time (UTC): 2025-05-24 22:56
=================================================================================================================
Extracted data from ./RESULTS/libRad_v01_disort_1D_SWIA_solar_05617C_Karasjok_TOA.nc:

 |------------------------|
 |     data  =   10.2     |
 |------------------------|
 |    BMAFLX =    nan     |
 |------------------------|




=================================================================================================================
    Productfile=  ./RESULTS/libRad_v01_disort_1D_SWIA_solar_05866C_Karasjok_TOA.nc 
    OrbitID    =  05866C 
    Specs      =  TOA 
    Across-track index : 151
    Along-track index  : 319
    Overpass time (UTC): 2025-06-09 23:00
=================================================================================================================
Extracted data from ./RESULTS/libRad_v01_disort_1D_SWIA_solar_05866C_Karasjok_TOA.nc:

 |------------------------|
 |     data  =   35.8     |
 |------------------------|
 |    BMAFLX =    nan     |
 |------------------------|




=================================================================================================================
    Productfile=  ./RESULTS/libRad_v01_disort_1D_SWIA_solar_05922C_Karasjok_TOA.nc 
    OrbitID    =  05922C 
    Specs      =  TOA 
    Across-track index : 151
    Along-track index  : 4516
    Overpass time (UTC): 2025-06-13 13:32
=================================================================================================================
Extracted data from ./RESULTS/libRad_v01_disort_1D_SWIA_solar_05922C_Karasjok_TOA.nc:

 |------------------------|
 |     data  =  380.1     |
 |------------------------|
 |    BMAFLX =    nan     |
 |------------------------|




=================================================================================================================
    Productfile=  ./RESULTS/libRad_v01_disort_1D_SWIA_solar_06006C_Karasjok_TOA.nc 
    OrbitID    =  06006C 
    Specs      =  TOA 
    Across-track index : 151
    Along-track index  : 333
    Overpass time (UTC): 2025-06-18 22:56
=================================================================================================================
Extracted data from ./RESULTS/libRad_v01_disort_1D_SWIA_solar_06006C_Karasjok_TOA.nc:

 |------------------------|
 |     data  =   41.0     |
 |------------------------|
 |    BMAFLX =    nan     |
 |------------------------|




=================================================================================================================
    Productfile=  ./RESULTS/libRad_v01_disort_1D_SWIA_solar_06255C_Karasjok_TOA.nc 
    OrbitID    =  06255C 
    Specs      =  TOA 
    Across-track index : 151
    Along-track index  : 320
    Overpass time (UTC): 2025-07-04 22:59
=================================================================================================================
Extracted data from ./RESULTS/libRad_v01_disort_1D_SWIA_solar_06255C_Karasjok_TOA.nc:

 |------------------------|
 |     data  =   25.5     |
 |------------------------|
 |    BMAFLX =    nan     |
 |------------------------|




=================================================================================================================
    Productfile=  ./RESULTS/libRad_v01_disort_1D_SWIA_solar_06311C_Karasjok_TOA.nc 
    OrbitID    =  06311C 
    Specs      =  TOA 
    Across-track index : 151
    Along-track index  : 4516
    Overpass time (UTC): 2025-07-08 13:31
=================================================================================================================
Extracted data from ./RESULTS/libRad_v01_disort_1D_SWIA_solar_06311C_Karasjok_TOA.nc:

 |------------------------|
 |     data  =  234.1     |
 |------------------------|
 |    BMAFLX =    nan     |
 |------------------------|




=================================================================================================================
    Productfile=  ./RESULTS/libRad_v01_disort_1D_SWIA_solar_06644C_Karasjok_TOA.nc 
    OrbitID    =  06644C 
    Specs      =  TOA 
    Across-track index : 151
    Along-track index  : 321
    Overpass time (UTC): 2025-07-29 22:59
=================================================================================================================
Extracted data from ./RESULTS/libRad_v01_disort_1D_SWIA_solar_06644C_Karasjok_TOA.nc:

 |------------------------|
 |     data  =    nan     |
 |------------------------|
 |    BMAFLX =    nan     |
 |------------------------|




=================================================================================================================
    Productfile=  ./RESULTS/libRad_v01_disort_1D_SWIA_solar_06700C_Karasjok_TOA.nc 
    OrbitID    =  06700C 
    Specs      =  TOA 
    Across-track index : 151
    Along-track index  : 4517
    Overpass time (UTC): 2025-08-02 13:31
=================================================================================================================
Extracted data from ./RESULTS/libRad_v01_disort_1D_SWIA_solar_06700C_Karasjok_TOA.nc:

 |------------------------|
 |     data  =  471.9     |
 |------------------------|
 |    BMAFLX =    nan     |
 |------------------------|




=================================================================================================================
    Productfile=  ./RESULTS/libRad_v01_disort_1D_SWIA_solar_07089C_Karasjok_TOA.nc 
    OrbitID    =  07089C 
    Specs      =  TOA 
    Across-track index : 151
    Along-track index  : 4516
    Overpass time (UTC): 2025-08-27 13:31
=================================================================================================================
Extracted data from ./RESULTS/libRad_v01_disort_1D_SWIA_solar_07089C_Karasjok_TOA.nc:

 |------------------------|
 |     data  =  249.5     |
 |------------------------|
 |    BMAFLX =  248.5     |
 |------------------------|




=================================================================================================================
    Productfile=  ./RESULTS/libRad_v01_disort_1D_SWIA_solar_07478C_Karasjok_TOA.nc 
    OrbitID    =  07478C 
    Specs      =  TOA 
    Across-track index : 151
    Along-track index  : 4515
    Overpass time (UTC): 2025-09-21 13:31
=================================================================================================================
Extracted data from ./RESULTS/libRad_v01_disort_1D_SWIA_solar_07478C_Karasjok_TOA.nc:

 |------------------------|
 |     data  =  194.6     |
 |------------------------|
 |    BMAFLX =  167.4     |
 |------------------------|




=================================================================================================================
    Productfile=  ./RESULTS/libRad_v01_disort_1D_SWIA_solar_07727C_Karasjok_TOA.nc 
    OrbitID    =  07727C 
    Specs      =  TOA 
    Across-track index : 151
    Along-track index  : 4504
    Overpass time (UTC): 2025-10-07 13:34
=================================================================================================================
Extracted data from ./RESULTS/libRad_v01_disort_1D_SWIA_solar_07727C_Karasjok_TOA.nc:

 |------------------------|
 |     data  =   99.9     |
 |------------------------|
 |    BMAFLX =   99.8     |
 |------------------------|

Traceback (most recent call last):
  File "/homevip/bgre/publication_1/Read_RTM.py", line 2000, in <module>
    ACMCOM.ReadEarthCAREh5(ProductFile, verbose=verbose, ACM3D=ACM3D)
    ~~~~~~~~~~~~~~~~~~~~~~^^^^^^^^^^^^^^^^^^^^^^^^^^^^^^^^^^^^^^^^^^^
  File "/homevip/bgre/publication_1/Read_RTM.py", line 1332, in ReadEarthCAREh5
    self.volume_mixing_ratio_layer_mean_O3=SD['volume_mixing_ratio_layer_mean_O3'][()]
                                           ~~~~~~~~~~~~~~~~~~~~~~~~~~~~~~~~~~~~~~~^^^^
  File "h5py/_objects.pyx", line 54, in h5py._objects.with_phil.wrapper
  File "h5py/_objects.pyx", line 55, in h5py._objects.with_phil.wrapper
  File "/home/bgre/anaconda3/envs/NEVAR/lib/python3.13/site-packages/h5py/_hl/dataset.py", line 872, in __getitem__
    return self._fast_reader.read(args)
           ~~~~~~~~~~~~~~~~~~~~~~^^^^^^
KeyboardInterrupt
Start-Index to extract observations: 0

OrbitsIDs for Oslo:
01199B 01301D 01339B 01690D 01728B 02079D 02468D 02506B 02895B 03246D 03284B 03386D 03635D 03673B 03775D 04024D 04062B 04164D 04840B 05580D 05618B 05720D 05969D 06007B 06147B 06358D 06747D 06785B 07136D 07174B 07525D 07914D 08303D 08481B 08692D 08832D 09081D 09119B 09470D 09859D 10248D 10388D 10637D 10815B 11415D 11453B 11804D 11842B 11982B 12193D 12231B 12582D 

OrbitsIDs for Karasjok:
00912C 01027C 01083C 01254C 01587C 01643C 01727C 02032C 02421C 02505C 02561C 02754C 02810C 02894C 03199C 03283C 03532C 03588C 03672C 03728C 03921C 03977C 04061C 04117C 05477C 05533C 05617C 05866C 05922C 06006C 06255C 06311C 06644C 06700C 07089C 07478C 07727C 07867C 08256C 08645C 09034C 09118C 09367C 09423C 09812C 10201C 10590C 11368C 11757C 12146C 12479C 12535C 

OrbitsIDs for Gratangen:
01214C 01301C 01354C 01494C 01690C 01743C 01883C 02079C 02272C 02468C 02521C 02661C 02910C 03050C 03246C 03299C 03439C 03635C 03775C 03828C 04024C 04077C 04164C 04217C 05384C 05580C 05633C 05773C 05969C 06022C 06162C 06358C 06747C 07136C 07329C 07525C 07718C 07914C 08303C 08496C 08692C 09081C 09134C 09470C 09859C 09912C 10052C 10248C 10637C 11415C 11804C 12193C 12582C 

OrbitsIDs for Beitostølen:
01028B 01270D 01410D 01588B 01659D 02048D 02188D 02577D 02755B 02966D 03533B 03744D 04133D 04522D 04771D 05300D 05478B 05689D 05867B 06256B 06327D 06467D 06645B 06716D 06856D 07105D 07245D 07494D 07634D 08272D 08412D 08590B 08801D 09050D 09190D 09368B 09439D 09579D 09757B 09828D 09968D 10217D 10357D 10606D 10746D 11135D 11384D 11524D 11773D 11913D 12162D 12231B 12302D 12551D 

OrbitsIDs for Værnes:
00959D 01270D 01370B 01410D 01619B 01759B 01939D 02188D 02537B 02577D 02717D 02926B 02966D 03315B 03744D 04093B 04133D 04522D 05260B 05300D 05649B 05689D 06038B 06467D 06856D 07245D 07634D 08412D 08801D 09190D 09579D 09968D 10357D 10746D 11135D 11524D 11913D 12302D 

OrbitsIDs for Østerås:
01028B 01199B 01301D 01339B 01690D 01728B 02079D 02468D 02506B 02895B 03246D 03284B 03635D 03673B 04024D 04062B 04840B 05580D 05618B 05969D 06007B 06358D 06747D 06785B 07136D 07174B 07525D 07914D 08303D 08692D 09081D 09119B 09470D 09859D 10248D 10637D 11415D 11453B 11804D 11842B 12193D 12231B 12582D 

OrbitsIDs for Trondheim:
00959D 01059B 01270D 01410D 01619B 01659D 02008B 02188D 02397B 02537B 02577D 02786B 02926B 02966D 03315B 03564B 03744D 03953B 04093B 04133D 04522D 04771D 05260B 05300D 05649B 05689D 05898B 06038B 06327D 06467D 06716D 06856D 07105D 07245D 07454B 07634D 08272D 08412D 08621B 08801D 09050D 09190D 09399B 09439D 09579D 09828D 09968D 10217D 10357D 10606D 10746D 11135D 11344B 11384D 11524D 11773D 11913D 12162D 12302D 12551D 

OrbitsIDs for Tromsø:
00934C 01105C 01161C 01245C 01301C 01385C 01525C 01690C 01774C 01830C 01914C 02079C 02163C 02303C 02468C 02552C 02608C 02692C 02941C 02997C 03081C 03246C 03386C 03470C 03635C 03719C 03775C 03859C 04024C 04108C 04164C 04248C 04942C 05275C 05331C 05415C 05580C 05664C 05720C 05804C 05969C 06053C 06193C 06358C 06498C 06747C 06887C 07136C 07276C 07525C 07665C 07749C 07914C 08303C 08387C 08443C 08692C 08832C 09081C 09221C 09470C 09610C 09859C 09999C 10083C 10248C 10388C 10472C 10637C 10777C 11166C 11415C 11555C 11804C 11944C 12193C 12333C 12582C 

OrbitsIDs for Bergen:
00966B 01068D 01277B 01628D 01666B 02017D 02195B 02406D 02795D 02973B 03184D 03362B 03573D 03751B 03962D 04140B 04740D 05307B 05518D 05696B 05907D 06296D 06685D 06863B 07074D 07463D 07641B 07852D 08241D 08419B 08630D 08808B 09019D 09408D 09797D 09975B 10186D 10575D 11353D 11531B 11742D 12131D 12520D 

OrbitsIDs for Hopen:
01011C 01042C 01068C 01182C 01239C 01379C 01462C 01488C 01602C 01628C 01711C 01768C 01851C 01877C 01908C 02017C 02100C 02240C 02266C 02297C 02380C 02406C 02489C 02546C 02629C 02655C 02686C 02769C 02795C 02878C 02935C 03018C 03044C 03075C 03184C 03267C 03407C 03433C 03464C 03547C 03573C 03656C 03796C 03822C 03853C 03936C 03962C 04045C 04102C 04185C 04211C 04242C 04880C 05269C 05352C 05409C 05492C 05518C 05601C 05658C 05741C 05767C 05798C 05881C 05907C 05990C 06047C 06130C 06156C 06187C 06270C 06296C 06436C 06545C 06685C 06825C 06934C 07074C 07214C 07323C 07354C 07463C 07603C 07852C 08101C 08132C 08241C 08381C 08490C 08521C 08630C 08770C 08879C 09019C 09102C 09133C 09159C 09268C 09299C 09382C 09408C 09548C 09657C 09797C 09937C 10046C 10186C 10326C 10435C 10575C 10715C 10824C 11213C 11353C 11493C 11742C 11882C 11965C 11991C 12131C 12271C 12380C 12520C 

OrbitsIDs for Brusdalen:
01068D 01308B 01628D 01697B 02017D 02086B 02406D 02475B 02795D 03184D 03253B 03573D 03642B 03782B 03962D 04031B 04171B 04740D 05518D 05587B 05727B 05907D 05976B 06296D 06685D 06754B 07074D 07283B 07463D 07672B 07852D 07921B 08241D 08310B 08450B 08630D 09019D 09088B 09408D 09797D 09866B 10186D 10255B 10575D 10644B 11353D 11742D 11951B 12131D 12520D 12589B 

OrbitsIDs for Jan-Mayen:
01069C 01215C 01240C 01355C 01495C 01629C 01744C 01769C 01884C 02018C 02273C 02407C 02522C 02547C 02662C 02796C 02911C 02936C 03051C 03185C 03300C 03440C 03574C 03829C 03963C 04078C 04103C 04218C 05270C 05385C 05519C 05634C 05659C 05774C 05908C 06023C 06048C 06163C 06297C 06412C 06437C 06552C 06686C 06801C 06826C 06941C 07075C 07190C 07215C 07330C 07464C 07579C 07604C 07719C 07853C 08108C 08242C 08357C 08382C 08497C 08631C 08746C 08771C 08886C 09020C 09135C 09160C 09275C 09524C 09549C 09664C 09798C 09913C 09938C 10053C 10187C 10302C 10327C 10442C 10576C 10716C 10831C 11220C 11354C 11469C 11494C 11743C 11858C 11883C 11998C 12132C 12247C 12272C 12387C 12521C 

OrbitsIDs for Flesland:
00966B 01068D 01277B 01628D 01666B 02017D 02055B 02195B 02406D 02795D 02973B 03184D 03362B 03573D 03751B 03962D 04140B 04740D 05307B 05518D 05696B 05907D 06296D 06685D 06863B 07074D 07463D 07641B 07852D 08241D 08419B 08630D 08808B 09019D 09408D 09797D 09975B 10186D 10575D 11353D 11531B 11742D 12131D 12520D 

OrbitsIDs for Iskoras:
00912C 01027C 01083C 01254C 01587C 01643C 02032C 02421C 02505C 02561C 02754C 02810C 02894C 03199C 03283C 03532C 03588C 03672C 03728C 03921C 03977C 04061C 04117C 05284C 05477C 05533C 05617C 05673C 05866C 05922C 06006C 06062C 06255C 06311C 06644C 06700C 07089C 07478C 07867C 08256C 08645C 09034C 09118C 09367C 09423C 09812C 10201C 10590C 11368C 11757C 12146C 12479C 12535C 

OrbitsIDs for Rena:
01059B 01301D 01619B 01690D 02008B 02079D 02397B 02468D 02786B 03246D 03386D 03564B 03635D 03775D 03953B 04024D 04164D 05580D 05898B 05969D 06358D 06747D 07136D 07454B 07525D 07914D 08303D 08621B 08692D 09081D 09399B 09470D 09859D 10248D 10637D 11344B 11415D 11804D 12193D 12582D 

OrbitsIDs for Korgåsen:
00943C 01229C 01369C 01618C 01674C 01758C 01898C 01923C 02287C 02312C 02452C 02536C 02676C 02701C 02925C 03065C 03090C 03314C 03454C 03479C 03619C 03843C 03868C 04008C 04092C 04232C 04257C 05259C 05399C 05424C 05564C 05648C 05788C 05813C 05953C 06037C 06177C 06202C 06591C 06731C 06980C 07120C 07369C 07509C 07758C 07898C 08147C 08287C 08511C 08536C 08676C 08925C 09065C 09314C 09454C 09703C 09843C 10067C 10092C 10232C 10481C 10621C 10870C 11259C 11399C 11648C 11788C 12037C 12177C 12426C 12566C 

OrbitsIDs for Bjørnøya:
01027C 01058C 01068C 01198C 01208C 01348C 01478C 01488C 01727C 01737C 01867C 01877C 02007C 02017C 02256C 02266C 02505C 02515C 02645C 02655C 02785C 02795C 02894C 02904C 03034C 03044C 03283C 03293C 03423C 03433C 03563C 03672C 03682C 03812C 03822C 03952C 04061C 04071C 04201C 04211C 05508C 05617C 05627C 05757C 05767C 05897C 06006C 06016C 06146C 06156C 06286C 06405C 06545C 06794C 06934C 07183C 07323C 07453C 07572C 08101C 08350C 08480C 08490C 08620C 08739C 08879C 09118C 09128C 09268C 09398C 09517C 09657C 09906C 10046C 10295C 10435C 10814C 10824C 11213C 11462C 11851C 11981C 11991C 12240C 12380C 

OrbitsIDs for Filefjell:
01168B 01837B 02048D 02226B 02437D 02615B 02755B 02826D 03004B 03215D 03604D 03782B 03993D 04171B 04771D 05338B 05478B 05549D 05727B 05867B 05938D 06327D 06716D 07105D 07283B 07494D 07672B 07883D 08272D 08450B 08590B 08661D 09050D 09368B 09439D 09757B 09828D 10217D 10606D 11384D 11773D 11951B 12162D 12551D 

OrbitsIDs for Juvvasshøe:
01099D 01588B 02048D 02437D 02755B 02826D 03215D 03533B 03604D 03993D 04771D 05478B 05549D 05867B 05938D 06256B 06327D 06645B 06716D 07105D 07494D 07883D 08272D 08590B 08661D 09050D 09368B 09439D 09757B 09828D 10217D 10606D 11384D 11773D 12162D 12551D 



=================================================================================================================
    Productfile=  ./RESULTS/libRad_v01_disort_1D_SWIA_solar_01199B_Oslo_TOA.nc 
    OrbitID    =  01199B 
    Specs      =  TOA 
    Across-track index : 151
    Along-track index  : 4203
    Overpass time (UTC): 2024-08-14 00:29
=================================================================================================================
Extracted data from ./RESULTS/libRad_v01_disort_1D_SWIA_solar_01199B_Oslo_TOA.nc:

 |------------------------|
 |     data  =    nan     |
 |------------------------|
 |    BMAFLX =    nan     |
 |------------------------|




=================================================================================================================
    Productfile=  ./RESULTS/libRad_v01_disort_1D_SWIA_solar_01301D_Oslo_TOA.nc 
    OrbitID    =  01301D 
    Specs      =  TOA 
    Across-track index : 151
    Along-track index  : 951
    Overpass time (UTC): 2024-08-20 14:07
=================================================================================================================
Extracted data from ./RESULTS/libRad_v01_disort_1D_SWIA_solar_01301D_Oslo_TOA.nc:

 |------------------------|
 |     data  =  395.2     |
 |------------------------|
 |    BMAFLX =  504.3     |
 |------------------------|




=================================================================================================================
    Productfile=  ./RESULTS/libRad_v01_disort_1D_SWIA_solar_01339B_Oslo_TOA.nc 
    OrbitID    =  01339B 
    Specs      =  TOA 
    Across-track index : 151
    Along-track index  : 4200
    Overpass time (UTC): 2024-08-23 00:29
=================================================================================================================
Extracted data from ./RESULTS/libRad_v01_disort_1D_SWIA_solar_01339B_Oslo_TOA.nc:

 |------------------------|
 |     data  =    nan     |
 |------------------------|
 |    BMAFLX =    nan     |
 |------------------------|




=================================================================================================================
    Productfile=  ./RESULTS/libRad_v01_disort_1D_SWIA_solar_01690D_Oslo_TOA.nc 
    OrbitID    =  01690D 
    Specs      =  TOA 
    Across-track index : 151
    Along-track index  : 948
    Overpass time (UTC): 2024-09-14 14:07
=================================================================================================================
Extracted data from ./RESULTS/libRad_v01_disort_1D_SWIA_solar_01690D_Oslo_TOA.nc:

 |------------------------|
 |     data  =  110.8     |
 |------------------------|
 |    BMAFLX =    nan     |
 |------------------------|




=================================================================================================================
    Productfile=  ./RESULTS/libRad_v01_disort_1D_SWIA_solar_01728B_Oslo_TOA.nc 
    OrbitID    =  01728B 
    Specs      =  TOA 
    Across-track index : 151
    Along-track index  : 4193
    Overpass time (UTC): 2024-09-17 00:29
=================================================================================================================
Extracted data from ./RESULTS/libRad_v01_disort_1D_SWIA_solar_01728B_Oslo_TOA.nc:

 |------------------------|
 |     data  =    nan     |
 |------------------------|
 |    BMAFLX =    nan     |
 |------------------------|




=================================================================================================================
    Productfile=  ./RESULTS/libRad_v01_disort_1D_SWIA_solar_02079D_Oslo_TOA.nc 
    OrbitID    =  02079D 
    Specs      =  TOA 
    Across-track index : 151
    Along-track index  : 945
    Overpass time (UTC): 2024-10-09 14:07
=================================================================================================================
Extracted data from ./RESULTS/libRad_v01_disort_1D_SWIA_solar_02079D_Oslo_TOA.nc:

 |------------------------|
 |     data  =  192.1     |
 |------------------------|
 |    BMAFLX =    nan     |
 |------------------------|




=================================================================================================================
    Productfile=  ./RESULTS/libRad_v01_disort_1D_SWIA_solar_02468D_Oslo_TOA.nc 
    OrbitID    =  02468D 
    Specs      =  TOA 
    Across-track index : 151
    Along-track index  : 943
    Overpass time (UTC): 2024-11-03 14:08
=================================================================================================================
Extracted data from ./RESULTS/libRad_v01_disort_1D_SWIA_solar_02468D_Oslo_TOA.nc:

 |------------------------|
 |     data  =   78.8     |
 |------------------------|
 |    BMAFLX =   68.0     |
 |------------------------|




=================================================================================================================
    Productfile=  ./RESULTS/libRad_v01_disort_1D_SWIA_solar_02506B_Oslo_TOA.nc 
    OrbitID    =  02506B 
    Specs      =  TOA 
    Across-track index : 151
    Along-track index  : 4190
    Overpass time (UTC): 2024-11-06 00:29
=================================================================================================================
Extracted data from ./RESULTS/libRad_v01_disort_1D_SWIA_solar_02506B_Oslo_TOA.nc:

 |------------------------|
 |     data  =    nan     |
 |------------------------|
 |    BMAFLX =    nan     |
 |------------------------|




=================================================================================================================
    Productfile=  ./RESULTS/libRad_v01_disort_1D_SWIA_solar_02895B_Oslo_TOA.nc 
    OrbitID    =  02895B 
    Specs      =  TOA 
    Across-track index : 151
    Along-track index  : 4188
    Overpass time (UTC): 2024-12-01 00:29
=================================================================================================================
Extracted data from ./RESULTS/libRad_v01_disort_1D_SWIA_solar_02895B_Oslo_TOA.nc:

 |------------------------|
 |     data  =    nan     |
 |------------------------|
 |    BMAFLX =    nan     |
 |------------------------|




=================================================================================================================
    Productfile=  ./RESULTS/libRad_v01_disort_1D_SWIA_solar_03246D_Oslo_TOA.nc 
    OrbitID    =  03246D 
    Specs      =  TOA 
    Across-track index : 151
    Along-track index  : 941
    Overpass time (UTC): 2024-12-23 14:07
=================================================================================================================
Extracted data from ./RESULTS/libRad_v01_disort_1D_SWIA_solar_03246D_Oslo_TOA.nc:

 |------------------------|
 |     data  =    nan     |
 |------------------------|
 |    BMAFLX =    nan     |
 |------------------------|




=================================================================================================================
    Productfile=  ./RESULTS/libRad_v01_disort_1D_SWIA_solar_03284B_Oslo_TOA.nc 
    OrbitID    =  03284B 
    Specs      =  TOA 
    Across-track index : 151
    Along-track index  : 4189
    Overpass time (UTC): 2024-12-26 00:28
=================================================================================================================
Extracted data from ./RESULTS/libRad_v01_disort_1D_SWIA_solar_03284B_Oslo_TOA.nc:

 |------------------------|
 |     data  =    nan     |
 |------------------------|
 |    BMAFLX =    nan     |
 |------------------------|




=================================================================================================================
    Productfile=  ./RESULTS/libRad_v01_disort_1D_SWIA_solar_03386D_Oslo_TOA.nc 
    OrbitID    =  03386D 
    Specs      =  TOA 
    Across-track index : 151
    Along-track index  : 955
    Overpass time (UTC): 2025-01-01 14:03
=================================================================================================================
Extracted data from ./RESULTS/libRad_v01_disort_1D_SWIA_solar_03386D_Oslo_TOA.nc:

 |------------------------|
 |     data  =   10.0     |
 |------------------------|
 |    BMAFLX =    nan     |
 |------------------------|




=================================================================================================================
    Productfile=  ./RESULTS/libRad_v01_disort_1D_SWIA_solar_03635D_Oslo_TOA.nc 
    OrbitID    =  03635D 
    Specs      =  TOA 
    Across-track index : 151
    Along-track index  : 942
    Overpass time (UTC): 2025-01-17 14:06
=================================================================================================================
Extracted data from ./RESULTS/libRad_v01_disort_1D_SWIA_solar_03635D_Oslo_TOA.nc:

 |------------------------|
 |     data  =   40.2     |
 |------------------------|
 |    BMAFLX =   32.1     |
 |------------------------|




=================================================================================================================
    Productfile=  ./RESULTS/libRad_v01_disort_1D_SWIA_solar_03673B_Oslo_TOA.nc 
    OrbitID    =  03673B 
    Specs      =  TOA 
    Across-track index : 151
    Along-track index  : 4189
    Overpass time (UTC): 2025-01-20 00:28
=================================================================================================================
Extracted data from ./RESULTS/libRad_v01_disort_1D_SWIA_solar_03673B_Oslo_TOA.nc:

 |------------------------|
 |     data  =    nan     |
 |------------------------|
 |    BMAFLX =    nan     |
 |------------------------|




=================================================================================================================
    Productfile=  ./RESULTS/libRad_v01_disort_1D_SWIA_solar_03775D_Oslo_TOA.nc 
    OrbitID    =  03775D 
    Specs      =  TOA 
    Across-track index : 151
    Along-track index  : 956
    Overpass time (UTC): 2025-01-26 14:02
=================================================================================================================
Extracted data from ./RESULTS/libRad_v01_disort_1D_SWIA_solar_03775D_Oslo_TOA.nc:

 |------------------------|
 |     data  =   81.8     |
 |------------------------|
 |    BMAFLX =    nan     |
 |------------------------|




=================================================================================================================
    Productfile=  ./RESULTS/libRad_v01_disort_1D_SWIA_solar_04024D_Oslo_TOA.nc 
    OrbitID    =  04024D 
    Specs      =  TOA 
    Across-track index : 151
    Along-track index  : 942
    Overpass time (UTC): 2025-02-11 14:06
=================================================================================================================
Extracted data from ./RESULTS/libRad_v01_disort_1D_SWIA_solar_04024D_Oslo_TOA.nc:

 |------------------------|
 |     data  =  137.2     |
 |------------------------|
 |    BMAFLX =    nan     |
 |------------------------|




=================================================================================================================
    Productfile=  ./RESULTS/libRad_v01_disort_1D_SWIA_solar_04062B_Oslo_TOA.nc 
    OrbitID    =  04062B 
    Specs      =  TOA 
    Across-track index : 151
    Along-track index  : 4189
    Overpass time (UTC): 2025-02-14 00:28
=================================================================================================================
Extracted data from ./RESULTS/libRad_v01_disort_1D_SWIA_solar_04062B_Oslo_TOA.nc:

 |------------------------|
 |     data  =    nan     |
 |------------------------|
 |    BMAFLX =    nan     |
 |------------------------|




=================================================================================================================
    Productfile=  ./RESULTS/libRad_v01_disort_1D_SWIA_solar_04164D_Oslo_TOA.nc 
    OrbitID    =  04164D 
    Specs      =  TOA 
    Across-track index : 151
    Along-track index  : 955
    Overpass time (UTC): 2025-02-20 14:02
=================================================================================================================
Extracted data from ./RESULTS/libRad_v01_disort_1D_SWIA_solar_04164D_Oslo_TOA.nc:

 |------------------------|
 |     data  =  173.3     |
 |------------------------|
 |    BMAFLX =    nan     |
 |------------------------|




=================================================================================================================
    Productfile=  ./RESULTS/libRad_v01_disort_1D_SWIA_solar_04840B_Oslo_TOA.nc 
    OrbitID    =  04840B 
    Specs      =  TOA 
    Across-track index : 151
    Along-track index  : 4190
    Overpass time (UTC): 2025-04-05 00:26
=================================================================================================================
Extracted data from ./RESULTS/libRad_v01_disort_1D_SWIA_solar_04840B_Oslo_TOA.nc:

 |------------------------|
 |     data  =    nan     |
 |------------------------|
 |    BMAFLX =    nan     |
 |------------------------|




=================================================================================================================
    Productfile=  ./RESULTS/libRad_v01_disort_1D_SWIA_solar_05580D_Oslo_TOA.nc 
    OrbitID    =  05580D 
    Specs      =  TOA 
    Across-track index : 151
    Along-track index  : 942
    Overpass time (UTC): 2025-05-22 14:04
=================================================================================================================
Extracted data from ./RESULTS/libRad_v01_disort_1D_SWIA_solar_05580D_Oslo_TOA.nc:

 |------------------------|
 |     data  =  211.2     |
 |------------------------|
 |    BMAFLX =    nan     |
 |------------------------|




=================================================================================================================
    Productfile=  ./RESULTS/libRad_v01_disort_1D_SWIA_solar_05618B_Oslo_TOA.nc 
    OrbitID    =  05618B 
    Specs      =  TOA 
    Across-track index : 151
    Along-track index  : 4189
    Overpass time (UTC): 2025-05-25 00:26
=================================================================================================================
Extracted data from ./RESULTS/libRad_v01_disort_1D_SWIA_solar_05618B_Oslo_TOA.nc:

 |------------------------|
 |     data  =    nan     |
 |------------------------|
 |    BMAFLX =    nan     |
 |------------------------|




=================================================================================================================
    Productfile=  ./RESULTS/libRad_v01_disort_1D_SWIA_solar_05720D_Oslo_TOA.nc 
    OrbitID    =  05720D 
    Specs      =  TOA 
    Across-track index : 151
    Along-track index  : 957
    Overpass time (UTC): 2025-05-31 14:01
=================================================================================================================
Extracted data from ./RESULTS/libRad_v01_disort_1D_SWIA_solar_05720D_Oslo_TOA.nc:

 |------------------------|
 |     data  =   78.4     |
 |------------------------|
 |    BMAFLX =  145.2     |
 |------------------------|




=================================================================================================================
    Productfile=  ./RESULTS/libRad_v01_disort_1D_SWIA_solar_05969D_Oslo_TOA.nc 
    OrbitID    =  05969D 
    Specs      =  TOA 
    Across-track index : 151
    Along-track index  : 943
    Overpass time (UTC): 2025-06-16 14:04
=================================================================================================================
Extracted data from ./RESULTS/libRad_v01_disort_1D_SWIA_solar_05969D_Oslo_TOA.nc:

 |------------------------|
 |     data  =  210.9     |
 |------------------------|
 |    BMAFLX =  250.6     |
 |------------------------|




=================================================================================================================
    Productfile=  ./RESULTS/libRad_v01_disort_1D_SWIA_solar_06007B_Oslo_TOA.nc 
    OrbitID    =  06007B 
    Specs      =  TOA 
    Across-track index : 151
    Along-track index  : 4190
    Overpass time (UTC): 2025-06-19 00:26
=================================================================================================================
Extracted data from ./RESULTS/libRad_v01_disort_1D_SWIA_solar_06007B_Oslo_TOA.nc:

 |------------------------|
 |     data  =    nan     |
 |------------------------|
 |    BMAFLX =    nan     |
 |------------------------|




=================================================================================================================
    Productfile=  ./RESULTS/libRad_v01_disort_1D_SWIA_solar_06147B_Oslo_TOA.nc 
    OrbitID    =  06147B 
    Specs      =  TOA 
    Across-track index : 151
    Along-track index  : 4203
    Overpass time (UTC): 2025-06-28 00:22
=================================================================================================================
Extracted data from ./RESULTS/libRad_v01_disort_1D_SWIA_solar_06147B_Oslo_TOA.nc:

 |------------------------|
 |     data  =    nan     |
 |------------------------|
 |    BMAFLX =    nan     |
 |------------------------|




=================================================================================================================
    Productfile=  ./RESULTS/libRad_v01_disort_1D_SWIA_solar_06358D_Oslo_TOA.nc 
    OrbitID    =  06358D 
    Specs      =  TOA 
    Across-track index : 151
    Along-track index  : 944
    Overpass time (UTC): 2025-07-11 14:04
=================================================================================================================
Extracted data from ./RESULTS/libRad_v01_disort_1D_SWIA_solar_06358D_Oslo_TOA.nc:

 |------------------------|
 |     data  =  349.0     |
 |------------------------|
 |    BMAFLX =  211.9     |
 |------------------------|




=================================================================================================================
    Productfile=  ./RESULTS/libRad_v01_disort_1D_SWIA_solar_06747D_Oslo_TOA.nc 
    OrbitID    =  06747D 
    Specs      =  TOA 
    Across-track index : 151
    Along-track index  : 945
    Overpass time (UTC): 2025-08-05 14:03
=================================================================================================================
Extracted data from ./RESULTS/libRad_v01_disort_1D_SWIA_solar_06747D_Oslo_TOA.nc:

 |------------------------|
 |     data  =  448.1     |
 |------------------------|
 |    BMAFLX =  389.6     |
 |------------------------|




=================================================================================================================
    Productfile=  ./RESULTS/libRad_v01_disort_1D_SWIA_solar_06785B_Oslo_TOA.nc 
    OrbitID    =  06785B 
    Specs      =  TOA 
    Across-track index : 151
    Along-track index  : 4190
    Overpass time (UTC): 2025-08-08 00:25
=================================================================================================================
Extracted data from ./RESULTS/libRad_v01_disort_1D_SWIA_solar_06785B_Oslo_TOA.nc:

 |------------------------|
 |     data  =    nan     |
 |------------------------|
 |    BMAFLX =    nan     |
 |------------------------|




=================================================================================================================
    Productfile=  ./RESULTS/libRad_v01_disort_1D_SWIA_solar_07136D_Oslo_TOA.nc 
    OrbitID    =  07136D 
    Specs      =  TOA 
    Across-track index : 151
    Along-track index  : 944
    Overpass time (UTC): 2025-08-30 14:03
=================================================================================================================
Extracted data from ./RESULTS/libRad_v01_disort_1D_SWIA_solar_07136D_Oslo_TOA.nc:

 |------------------------|
 |     data  =  177.4     |
 |------------------------|
 |    BMAFLX =  202.5     |
 |------------------------|




=================================================================================================================
    Productfile=  ./RESULTS/libRad_v01_disort_1D_SWIA_solar_07174B_Oslo_TOA.nc 
    OrbitID    =  07174B 
    Specs      =  TOA 
    Across-track index : 151
    Along-track index  : 4190
    Overpass time (UTC): 2025-09-02 00:25
=================================================================================================================
Extracted data from ./RESULTS/libRad_v01_disort_1D_SWIA_solar_07174B_Oslo_TOA.nc:

 |------------------------|
 |     data  =    nan     |
 |------------------------|
 |    BMAFLX =    nan     |
 |------------------------|




=================================================================================================================
    Productfile=  ./RESULTS/libRad_v01_disort_1D_SWIA_solar_07525D_Oslo_TOA.nc 
    OrbitID    =  07525D 
    Specs      =  TOA 
    Across-track index : 151
    Along-track index  : 944
    Overpass time (UTC): 2025-09-24 14:03
=================================================================================================================
Extracted data from ./RESULTS/libRad_v01_disort_1D_SWIA_solar_07525D_Oslo_TOA.nc:

 |------------------------|
 |     data  =   66.5     |
 |------------------------|
 |    BMAFLX =    nan     |
 |------------------------|




=================================================================================================================
    Productfile=  ./RESULTS/libRad_v01_disort_1D_SWIA_solar_07914D_Oslo_TOA.nc 
    OrbitID    =  07914D 
    Specs      =  TOA 
    Across-track index : 151
    Along-track index  : 942
    Overpass time (UTC): 2025-10-19 14:04
=================================================================================================================
Extracted data from ./RESULTS/libRad_v01_disort_1D_SWIA_solar_07914D_Oslo_TOA.nc:

 |------------------------|
 |     data  =   76.4     |
 |------------------------|
 |    BMAFLX =    nan     |
 |------------------------|




=================================================================================================================
    Productfile=  ./RESULTS/libRad_v01_disort_1D_SWIA_solar_08303D_Oslo_TOA.nc 
    OrbitID    =  08303D 
    Specs      =  TOA 
    Across-track index : 151
    Along-track index  : 943
    Overpass time (UTC): 2025-11-13 14:03
=================================================================================================================
Extracted data from ./RESULTS/libRad_v01_disort_1D_SWIA_solar_08303D_Oslo_TOA.nc:

 |------------------------|
 |     data  =   59.3     |
 |------------------------|
 |    BMAFLX =   60.8     |
 |------------------------|


     Skipping 08481B. Do not find product BMA_FLX

     Skipping 08692D. Do not find product BMA_FLX

     Skipping 08832D. Do not find product BMA_FLX

     Skipping 09081D. Do not find product BMA_FLX

     Skipping 09119B. Do not find product BMA_FLX

     Skipping 09470D. Do not find product BMA_FLX



=================================================================================================================
    Productfile=  ./RESULTS/libRad_v01_disort_1D_SWIA_solar_09859D_Oslo_TOA.nc 
    OrbitID    =  09859D 
    Specs      =  TOA 
    Across-track index : 151
    Along-track index  : 944
    Overpass time (UTC): 2026-02-21 14:04
=================================================================================================================
Extracted data from ./RESULTS/libRad_v01_disort_1D_SWIA_solar_09859D_Oslo_TOA.nc:

 |------------------------|
 |     data  =   92.4     |
 |------------------------|
 |    BMAFLX =    nan     |
 |------------------------|


     Skipping 10248D. Do not find product BMA_FLX

     Skipping 10388D. Do not find product BMA_FLX

     Skipping 10637D. Do not find product BMA_FLX

     Skipping 10815B. Do not find product BMA_FLX



=================================================================================================================
    Productfile=  ./RESULTS/libRad_v01_disort_1D_SWIA_solar_11415D_Oslo_TOA.nc 
    OrbitID    =  11415D 
    Specs      =  TOA 
    Across-track index : 151
    Along-track index  : 945
    Overpass time (UTC): 2026-06-01 14:04
=================================================================================================================
Extracted data from ./RESULTS/libRad_v01_disort_1D_SWIA_solar_11415D_Oslo_TOA.nc:

 |------------------------|
 |     data  =  460.8     |
 |------------------------|
 |    BMAFLX =  467.0     |
 |------------------------|


     Skipping 11453B. Do not find product BMA_FLX

     Skipping 11804D. Do not find product BMA_FLX

     Skipping 11842B. Do not find product BMA_FLX



=================================================================================================================
    Productfile=  ./RESULTS/libRad_v01_disort_1D_SWIA_solar_11982B_Oslo_TOA.nc 
    OrbitID    =  11982B 
    Specs      =  TOA 
    Across-track index : 151
    Along-track index  : 4203
    Overpass time (UTC): 2026-07-08 00:23
=================================================================================================================
Extracted data from ./RESULTS/libRad_v01_disort_1D_SWIA_solar_11982B_Oslo_TOA.nc:

 |------------------------|
 |     data  =    nan     |
 |------------------------|
 |    BMAFLX =    nan     |
 |------------------------|




=================================================================================================================
    Productfile=  ./RESULTS/libRad_v01_disort_1D_SWIA_solar_12193D_Oslo_TOA.nc 
    OrbitID    =  12193D 
    Specs      =  TOA 
    Across-track index : 151
    Along-track index  : 945
    Overpass time (UTC): 2026-07-21 14:05
=================================================================================================================
Extracted data from ./RESULTS/libRad_v01_disort_1D_SWIA_solar_12193D_Oslo_TOA.nc:

 |------------------------|
 |     data  =  387.0     |
 |------------------------|
 |    BMAFLX =  245.2     |
 |------------------------|


     Skipping 12231B. Do not find product BMA_FLX



=================================================================================================================
    Productfile=  ./RESULTS/libRad_v01_disort_1D_SWIA_solar_12582D_Oslo_TOA.nc 
    OrbitID    =  12582D 
    Specs      =  TOA 
    Across-track index : 151
    Along-track index  : 944
    Overpass time (UTC): 2026-08-15 14:06
=================================================================================================================
Extracted data from ./RESULTS/libRad_v01_disort_1D_SWIA_solar_12582D_Oslo_TOA.nc:

 |------------------------|
 |     data  =  229.3     |
 |------------------------|
 |    BMAFLX =  221.9     |
 |------------------------|




=================================================================================================================
    Productfile=  ./RESULTS/libRad_v01_disort_1D_SWIA_solar_00912C_Karasjok_TOA.nc 
    OrbitID    =  00912C 
    Specs      =  TOA 
    Across-track index : 151
    Along-track index  : 4519
    Overpass time (UTC): 2024-07-26 13:39
=================================================================================================================
Extracted data from ./RESULTS/libRad_v01_disort_1D_SWIA_solar_00912C_Karasjok_TOA.nc:

 |------------------------|
 |     data  =  108.0     |
 |------------------------|
 |    BMAFLX =    nan     |
 |------------------------|




=================================================================================================================
    Productfile=  ./RESULTS/libRad_v01_disort_1D_SWIA_solar_01027C_Karasjok_TOA.nc 
    OrbitID    =  01027C 
    Specs      =  TOA 
    Across-track index : 151
    Along-track index  : 331
    Overpass time (UTC): 2024-08-02 23:02
=================================================================================================================
Extracted data from ./RESULTS/libRad_v01_disort_1D_SWIA_solar_01027C_Karasjok_TOA.nc:

 |------------------------|
 |     data  =    nan     |
 |------------------------|
 |    BMAFLX =    nan     |
 |------------------------|




=================================================================================================================
    Productfile=  ./RESULTS/libRad_v01_disort_1D_SWIA_solar_01083C_Karasjok_TOA.nc 
    OrbitID    =  01083C 
    Specs      =  TOA 
    Across-track index : 151
    Along-track index  : 4517
    Overpass time (UTC): 2024-08-06 13:39
=================================================================================================================
Extracted data from ./RESULTS/libRad_v01_disort_1D_SWIA_solar_01083C_Karasjok_TOA.nc:

 |------------------------|
 |     data  =  111.9     |
 |------------------------|
 |    BMAFLX =    nan     |
 |------------------------|




=================================================================================================================
    Productfile=  ./RESULTS/libRad_v01_disort_1D_SWIA_solar_01254C_Karasjok_TOA.nc 
    OrbitID    =  01254C 
    Specs      =  TOA 
    Across-track index : 151
    Along-track index  : 4533
    Overpass time (UTC): 2024-08-17 13:33
=================================================================================================================
Extracted data from ./RESULTS/libRad_v01_disort_1D_SWIA_solar_01254C_Karasjok_TOA.nc:

 |------------------------|
 |     data  =  133.2     |
 |------------------------|
 |    BMAFLX =    nan     |
 |------------------------|




=================================================================================================================
    Productfile=  ./RESULTS/libRad_v01_disort_1D_SWIA_solar_01587C_Karasjok_TOA.nc 
    OrbitID    =  01587C 
    Specs      =  TOA 
    Across-track index : 151
    Along-track index  : 325
    Overpass time (UTC): 2024-09-07 23:03
=================================================================================================================
Extracted data from ./RESULTS/libRad_v01_disort_1D_SWIA_solar_01587C_Karasjok_TOA.nc:

 |------------------------|
 |     data  =    nan     |
 |------------------------|
 |    BMAFLX =    nan     |
 |------------------------|




=================================================================================================================
    Productfile=  ./RESULTS/libRad_v01_disort_1D_SWIA_solar_01643C_Karasjok_TOA.nc 
    OrbitID    =  01643C 
    Specs      =  TOA 
    Across-track index : 151
    Along-track index  : 4532
    Overpass time (UTC): 2024-09-11 13:34
=================================================================================================================
Extracted data from ./RESULTS/libRad_v01_disort_1D_SWIA_solar_01643C_Karasjok_TOA.nc:

 |------------------------|
 |     data  =    nan     |
 |------------------------|
 |    BMAFLX =    nan     |
 |------------------------|




=================================================================================================================
    Productfile=  ./RESULTS/libRad_v01_disort_1D_SWIA_solar_01727C_Karasjok_TOA.nc 
    OrbitID    =  01727C 
    Specs      =  TOA 
    Across-track index : 151
    Along-track index  : 337
    Overpass time (UTC): 2024-09-16 22:59
=================================================================================================================
Extracted data from ./RESULTS/libRad_v01_disort_1D_SWIA_solar_01727C_Karasjok_TOA.nc:

 |------------------------|
 |     data  =    nan     |
 |------------------------|
 |    BMAFLX =    nan     |
 |------------------------|




=================================================================================================================
    Productfile=  ./RESULTS/libRad_v01_disort_1D_SWIA_solar_02032C_Karasjok_TOA.nc 
    OrbitID    =  02032C 
    Specs      =  TOA 
    Across-track index : 151
    Along-track index  : 4514
    Overpass time (UTC): 2024-10-06 13:36
=================================================================================================================
Extracted data from ./RESULTS/libRad_v01_disort_1D_SWIA_solar_02032C_Karasjok_TOA.nc:

 |------------------------|
 |     data  =   66.0     |
 |------------------------|
 |    BMAFLX =    nan     |
 |------------------------|




=================================================================================================================
    Productfile=  ./RESULTS/libRad_v01_disort_1D_SWIA_solar_02421C_Karasjok_TOA.nc 
    OrbitID    =  02421C 
    Specs      =  TOA 
    Across-track index : 151
    Along-track index  : 4518
    Overpass time (UTC): 2024-10-31 13:35
=================================================================================================================
Extracted data from ./RESULTS/libRad_v01_disort_1D_SWIA_solar_02421C_Karasjok_TOA.nc:

 |------------------------|
 |     data  =    nan     |
 |------------------------|
 |    BMAFLX =    nan     |
 |------------------------|




=================================================================================================================
    Productfile=  ./RESULTS/libRad_v01_disort_1D_SWIA_solar_02505C_Karasjok_TOA.nc 
    OrbitID    =  02505C 
    Specs      =  TOA 
    Across-track index : 151
    Along-track index  : 334
    Overpass time (UTC): 2024-11-05 22:59
=================================================================================================================
Extracted data from ./RESULTS/libRad_v01_disort_1D_SWIA_solar_02505C_Karasjok_TOA.nc:

 |------------------------|
 |     data  =    nan     |
 |------------------------|
 |    BMAFLX =    nan     |
 |------------------------|




=================================================================================================================
    Productfile=  ./RESULTS/libRad_v01_disort_1D_SWIA_solar_02561C_Karasjok_TOA.nc 
    OrbitID    =  02561C 
    Specs      =  TOA 
    Across-track index : 151
    Along-track index  : 4529
    Overpass time (UTC): 2024-11-09 13:32
=================================================================================================================
Extracted data from ./RESULTS/libRad_v01_disort_1D_SWIA_solar_02561C_Karasjok_TOA.nc:

 |------------------------|
 |     data  =    nan     |
 |------------------------|
 |    BMAFLX =    nan     |
 |------------------------|




=================================================================================================================
    Productfile=  ./RESULTS/libRad_v01_disort_1D_SWIA_solar_02754C_Karasjok_TOA.nc 
    OrbitID    =  02754C 
    Specs      =  TOA 
    Across-track index : 151
    Along-track index  : 317
    Overpass time (UTC): 2024-11-21 23:03
=================================================================================================================
Extracted data from ./RESULTS/libRad_v01_disort_1D_SWIA_solar_02754C_Karasjok_TOA.nc:

 |------------------------|
 |     data  =    nan     |
 |------------------------|
 |    BMAFLX =    nan     |
 |------------------------|




=================================================================================================================
    Productfile=  ./RESULTS/libRad_v01_disort_1D_SWIA_solar_02810C_Karasjok_TOA.nc 
    OrbitID    =  02810C 
    Specs      =  TOA 
    Across-track index : 151
    Along-track index  : 4558
    Overpass time (UTC): 2024-11-25 13:36
=================================================================================================================
Extracted data from ./RESULTS/libRad_v01_disort_1D_SWIA_solar_02810C_Karasjok_TOA.nc:

 |------------------------|
 |     data  =    nan     |
 |------------------------|
 |    BMAFLX =    nan     |
 |------------------------|




=================================================================================================================
    Productfile=  ./RESULTS/libRad_v01_disort_1D_SWIA_solar_02894C_Karasjok_TOA.nc 
    OrbitID    =  02894C 
    Specs      =  TOA 
    Across-track index : 151
    Along-track index  : 332
    Overpass time (UTC): 2024-11-30 22:59
=================================================================================================================
Extracted data from ./RESULTS/libRad_v01_disort_1D_SWIA_solar_02894C_Karasjok_TOA.nc:

 |------------------------|
 |     data  =    nan     |
 |------------------------|
 |    BMAFLX =    nan     |
 |------------------------|




=================================================================================================================
    Productfile=  ./RESULTS/libRad_v01_disort_1D_SWIA_solar_03199C_Karasjok_TOA.nc 
    OrbitID    =  03199C 
    Specs      =  TOA 
    Across-track index : 151
    Along-track index  : 4515
    Overpass time (UTC): 2024-12-20 13:35
=================================================================================================================
Extracted data from ./RESULTS/libRad_v01_disort_1D_SWIA_solar_03199C_Karasjok_TOA.nc:

 |------------------------|
 |     data  =    nan     |
 |------------------------|
 |    BMAFLX =    nan     |
 |------------------------|




=================================================================================================================
    Productfile=  ./RESULTS/libRad_v01_disort_1D_SWIA_solar_03283C_Karasjok_TOA.nc 
    OrbitID    =  03283C 
    Specs      =  TOA 
    Across-track index : 151
    Along-track index  : 333
    Overpass time (UTC): 2024-12-25 22:58
=================================================================================================================
Extracted data from ./RESULTS/libRad_v01_disort_1D_SWIA_solar_03283C_Karasjok_TOA.nc:

 |------------------------|
 |     data  =    nan     |
 |------------------------|
 |    BMAFLX =    nan     |
 |------------------------|




=================================================================================================================
    Productfile=  ./RESULTS/libRad_v01_disort_1D_SWIA_solar_03532C_Karasjok_TOA.nc 
    OrbitID    =  03532C 
    Specs      =  TOA 
    Across-track index : 151
    Along-track index  : 320
    Overpass time (UTC): 2025-01-10 23:02
=================================================================================================================
Extracted data from ./RESULTS/libRad_v01_disort_1D_SWIA_solar_03532C_Karasjok_TOA.nc:

 |------------------------|
 |     data  =    nan     |
 |------------------------|
 |    BMAFLX =    nan     |
 |------------------------|




=================================================================================================================
    Productfile=  ./RESULTS/libRad_v01_disort_1D_SWIA_solar_03588C_Karasjok_TOA.nc 
    OrbitID    =  03588C 
    Specs      =  TOA 
    Across-track index : 151
    Along-track index  : 4516
    Overpass time (UTC): 2025-01-14 13:34
=================================================================================================================
Extracted data from ./RESULTS/libRad_v01_disort_1D_SWIA_solar_03588C_Karasjok_TOA.nc:

 |------------------------|
 |     data  =    nan     |
 |------------------------|
 |    BMAFLX =    nan     |
 |------------------------|




=================================================================================================================
    Productfile=  ./RESULTS/libRad_v01_disort_1D_SWIA_solar_03672C_Karasjok_TOA.nc 
    OrbitID    =  03672C 
    Specs      =  TOA 
    Across-track index : 151
    Along-track index  : 333
    Overpass time (UTC): 2025-01-19 22:58
=================================================================================================================
Extracted data from ./RESULTS/libRad_v01_disort_1D_SWIA_solar_03672C_Karasjok_TOA.nc:

 |------------------------|
 |     data  =    nan     |
 |------------------------|
 |    BMAFLX =    nan     |
 |------------------------|




=================================================================================================================
    Productfile=  ./RESULTS/libRad_v01_disort_1D_SWIA_solar_03728C_Karasjok_TOA.nc 
    OrbitID    =  03728C 
    Specs      =  TOA 
    Across-track index : 151
    Along-track index  : 4528
    Overpass time (UTC): 2025-01-23 13:30
=================================================================================================================
Extracted data from ./RESULTS/libRad_v01_disort_1D_SWIA_solar_03728C_Karasjok_TOA.nc:

 |------------------------|
 |     data  =    nan     |
 |------------------------|
 |    BMAFLX =    nan     |
 |------------------------|




=================================================================================================================
    Productfile=  ./RESULTS/libRad_v01_disort_1D_SWIA_solar_03921C_Karasjok_TOA.nc 
    OrbitID    =  03921C 
    Specs      =  TOA 
    Across-track index : 151
    Along-track index  : 321
    Overpass time (UTC): 2025-02-04 23:01
=================================================================================================================
Extracted data from ./RESULTS/libRad_v01_disort_1D_SWIA_solar_03921C_Karasjok_TOA.nc:

 |------------------------|
 |     data  =    nan     |
 |------------------------|
 |    BMAFLX =    nan     |
 |------------------------|




=================================================================================================================
    Productfile=  ./RESULTS/libRad_v01_disort_1D_SWIA_solar_03977C_Karasjok_TOA.nc 
    OrbitID    =  03977C 
    Specs      =  TOA 
    Across-track index : 151
    Along-track index  : 4516
    Overpass time (UTC): 2025-02-08 13:34
=================================================================================================================
Extracted data from ./RESULTS/libRad_v01_disort_1D_SWIA_solar_03977C_Karasjok_TOA.nc:

 |------------------------|
 |     data  =    nan     |
 |------------------------|
 |    BMAFLX =    nan     |
 |------------------------|




=================================================================================================================
    Productfile=  ./RESULTS/libRad_v01_disort_1D_SWIA_solar_04061C_Karasjok_TOA.nc 
    OrbitID    =  04061C 
    Specs      =  TOA 
    Across-track index : 151
    Along-track index  : 332
    Overpass time (UTC): 2025-02-13 22:58
=================================================================================================================
Extracted data from ./RESULTS/libRad_v01_disort_1D_SWIA_solar_04061C_Karasjok_TOA.nc:

 |------------------------|
 |     data  =    nan     |
 |------------------------|
 |    BMAFLX =    nan     |
 |------------------------|




=================================================================================================================
    Productfile=  ./RESULTS/libRad_v01_disort_1D_SWIA_solar_04117C_Karasjok_TOA.nc 
    OrbitID    =  04117C 
    Specs      =  TOA 
    Across-track index : 151
    Along-track index  : 4528
    Overpass time (UTC): 2025-02-17 13:30
=================================================================================================================
Extracted data from ./RESULTS/libRad_v01_disort_1D_SWIA_solar_04117C_Karasjok_TOA.nc:

 |------------------------|
 |     data  =   45.1     |
 |------------------------|
 |    BMAFLX =    nan     |
 |------------------------|




=================================================================================================================
    Productfile=  ./RESULTS/libRad_v01_disort_1D_SWIA_solar_05477C_Karasjok_TOA.nc 
    OrbitID    =  05477C 
    Specs      =  TOA 
    Across-track index : 151
    Along-track index  : 319
    Overpass time (UTC): 2025-05-15 23:00
=================================================================================================================
Extracted data from ./RESULTS/libRad_v01_disort_1D_SWIA_solar_05477C_Karasjok_TOA.nc:

 |------------------------|
 |     data  =    nan     |
 |------------------------|
 |    BMAFLX =    nan     |
 |------------------------|




=================================================================================================================
    Productfile=  ./RESULTS/libRad_v01_disort_1D_SWIA_solar_05533C_Karasjok_TOA.nc 
    OrbitID    =  05533C 
    Specs      =  TOA 
    Across-track index : 151
    Along-track index  : 4515
    Overpass time (UTC): 2025-05-19 13:32
=================================================================================================================
Extracted data from ./RESULTS/libRad_v01_disort_1D_SWIA_solar_05533C_Karasjok_TOA.nc:

 |------------------------|
 |     data  =  382.3     |
 |------------------------|
 |    BMAFLX =    nan     |
 |------------------------|




=================================================================================================================
    Productfile=  ./RESULTS/libRad_v01_disort_1D_SWIA_solar_05617C_Karasjok_TOA.nc 
    OrbitID    =  05617C 
    Specs      =  TOA 
    Across-track index : 151
    Along-track index  : 332
    Overpass time (UTC): 2025-05-24 22:56
=================================================================================================================
Extracted data from ./RESULTS/libRad_v01_disort_1D_SWIA_solar_05617C_Karasjok_TOA.nc:

 |------------------------|
 |     data  =   10.2     |
 |------------------------|
 |    BMAFLX =    nan     |
 |------------------------|




=================================================================================================================
    Productfile=  ./RESULTS/libRad_v01_disort_1D_SWIA_solar_05866C_Karasjok_TOA.nc 
    OrbitID    =  05866C 
    Specs      =  TOA 
    Across-track index : 151
    Along-track index  : 319
    Overpass time (UTC): 2025-06-09 23:00
=================================================================================================================
Extracted data from ./RESULTS/libRad_v01_disort_1D_SWIA_solar_05866C_Karasjok_TOA.nc:

 |------------------------|
 |     data  =   35.8     |
 |------------------------|
 |    BMAFLX =    nan     |
 |------------------------|




=================================================================================================================
    Productfile=  ./RESULTS/libRad_v01_disort_1D_SWIA_solar_05922C_Karasjok_TOA.nc 
    OrbitID    =  05922C 
    Specs      =  TOA 
    Across-track index : 151
    Along-track index  : 4516
    Overpass time (UTC): 2025-06-13 13:32
=================================================================================================================
Extracted data from ./RESULTS/libRad_v01_disort_1D_SWIA_solar_05922C_Karasjok_TOA.nc:

 |------------------------|
 |     data  =  380.1     |
 |------------------------|
 |    BMAFLX =    nan     |
 |------------------------|




=================================================================================================================
    Productfile=  ./RESULTS/libRad_v01_disort_1D_SWIA_solar_06006C_Karasjok_TOA.nc 
    OrbitID    =  06006C 
    Specs      =  TOA 
    Across-track index : 151
    Along-track index  : 333
    Overpass time (UTC): 2025-06-18 22:56
=================================================================================================================
Extracted data from ./RESULTS/libRad_v01_disort_1D_SWIA_solar_06006C_Karasjok_TOA.nc:

 |------------------------|
 |     data  =   41.0     |
 |------------------------|
 |    BMAFLX =    nan     |
 |------------------------|




=================================================================================================================
    Productfile=  ./RESULTS/libRad_v01_disort_1D_SWIA_solar_06255C_Karasjok_TOA.nc 
    OrbitID    =  06255C 
    Specs      =  TOA 
    Across-track index : 151
    Along-track index  : 320
    Overpass time (UTC): 2025-07-04 22:59
=================================================================================================================
Extracted data from ./RESULTS/libRad_v01_disort_1D_SWIA_solar_06255C_Karasjok_TOA.nc:

 |------------------------|
 |     data  =   25.5     |
 |------------------------|
 |    BMAFLX =    nan     |
 |------------------------|




=================================================================================================================
    Productfile=  ./RESULTS/libRad_v01_disort_1D_SWIA_solar_06311C_Karasjok_TOA.nc 
    OrbitID    =  06311C 
    Specs      =  TOA 
    Across-track index : 151
    Along-track index  : 4516
    Overpass time (UTC): 2025-07-08 13:31
=================================================================================================================
Extracted data from ./RESULTS/libRad_v01_disort_1D_SWIA_solar_06311C_Karasjok_TOA.nc:

 |------------------------|
 |     data  =  234.1     |
 |------------------------|
 |    BMAFLX =    nan     |
 |------------------------|




=================================================================================================================
    Productfile=  ./RESULTS/libRad_v01_disort_1D_SWIA_solar_06644C_Karasjok_TOA.nc 
    OrbitID    =  06644C 
    Specs      =  TOA 
    Across-track index : 151
    Along-track index  : 321
    Overpass time (UTC): 2025-07-29 22:59
=================================================================================================================
Extracted data from ./RESULTS/libRad_v01_disort_1D_SWIA_solar_06644C_Karasjok_TOA.nc:

 |------------------------|
 |     data  =    nan     |
 |------------------------|
 |    BMAFLX =    nan     |
 |------------------------|




=================================================================================================================
    Productfile=  ./RESULTS/libRad_v01_disort_1D_SWIA_solar_06700C_Karasjok_TOA.nc 
    OrbitID    =  06700C 
    Specs      =  TOA 
    Across-track index : 151
    Along-track index  : 4517
    Overpass time (UTC): 2025-08-02 13:31
=================================================================================================================
Extracted data from ./RESULTS/libRad_v01_disort_1D_SWIA_solar_06700C_Karasjok_TOA.nc:

 |------------------------|
 |     data  =  471.9     |
 |------------------------|
 |    BMAFLX =    nan     |
 |------------------------|




=================================================================================================================
    Productfile=  ./RESULTS/libRad_v01_disort_1D_SWIA_solar_07089C_Karasjok_TOA.nc 
    OrbitID    =  07089C 
    Specs      =  TOA 
    Across-track index : 151
    Along-track index  : 4516
    Overpass time (UTC): 2025-08-27 13:31
=================================================================================================================
Extracted data from ./RESULTS/libRad_v01_disort_1D_SWIA_solar_07089C_Karasjok_TOA.nc:

 |------------------------|
 |     data  =  249.5     |
 |------------------------|
 |    BMAFLX =  248.5     |
 |------------------------|




=================================================================================================================
    Productfile=  ./RESULTS/libRad_v01_disort_1D_SWIA_solar_07478C_Karasjok_TOA.nc 
    OrbitID    =  07478C 
    Specs      =  TOA 
    Across-track index : 151
    Along-track index  : 4515
    Overpass time (UTC): 2025-09-21 13:31
=================================================================================================================
Extracted data from ./RESULTS/libRad_v01_disort_1D_SWIA_solar_07478C_Karasjok_TOA.nc:

 |------------------------|
 |     data  =  194.6     |
 |------------------------|
 |    BMAFLX =  167.4     |
 |------------------------|




=================================================================================================================
    Productfile=  ./RESULTS/libRad_v01_disort_1D_SWIA_solar_07727C_Karasjok_TOA.nc 
    OrbitID    =  07727C 
    Specs      =  TOA 
    Across-track index : 151
    Along-track index  : 4504
    Overpass time (UTC): 2025-10-07 13:34
=================================================================================================================
Extracted data from ./RESULTS/libRad_v01_disort_1D_SWIA_solar_07727C_Karasjok_TOA.nc:

 |------------------------|
 |     data  =   99.9     |
 |------------------------|
 |    BMAFLX =   99.8     |
 |------------------------|




=================================================================================================================
    Productfile=  ./RESULTS/libRad_v01_disort_1D_SWIA_solar_07867C_Karasjok_TOA.nc 
    OrbitID    =  07867C 
    Specs      =  TOA 
    Across-track index : 151
    Along-track index  : 4514
    Overpass time (UTC): 2025-10-16 13:32
=================================================================================================================
Extracted data from ./RESULTS/libRad_v01_disort_1D_SWIA_solar_07867C_Karasjok_TOA.nc:

 |------------------------|
 |     data  =   35.0     |
 |------------------------|
 |    BMAFLX =    nan     |
 |------------------------|




=================================================================================================================
    Productfile=  ./RESULTS/libRad_v01_disort_1D_SWIA_solar_08256C_Karasjok_TOA.nc 
    OrbitID    =  08256C 
    Specs      =  TOA 
    Across-track index : 151
    Along-track index  : 4515
    Overpass time (UTC): 2025-11-10 13:31
=================================================================================================================
Extracted data from ./RESULTS/libRad_v01_disort_1D_SWIA_solar_08256C_Karasjok_TOA.nc:

 |------------------------|
 |     data  =    nan     |
 |------------------------|
 |    BMAFLX =    nan     |
 |------------------------|




=================================================================================================================
    Productfile=  ./RESULTS/libRad_v01_disort_1D_SWIA_solar_08645C_Karasjok_TOA.nc 
    OrbitID    =  08645C 
    Specs      =  TOA 
    Across-track index : 151
    Along-track index  : 4515
    Overpass time (UTC): 2025-12-05 13:31
=================================================================================================================
Extracted data from ./RESULTS/libRad_v01_disort_1D_SWIA_solar_08645C_Karasjok_TOA.nc:

 |------------------------|
 |     data  =    nan     |
 |------------------------|
 |    BMAFLX =    nan     |
 |------------------------|


     Skipping 09034C. Do not find product BMA_FLX

     Skipping 09118C. Do not find product BMA_FLX

     Skipping 09367C. Do not find product BMA_FLX

     Skipping 09423C. Do not find product BMA_FLX



=================================================================================================================
    Productfile=  ./RESULTS/libRad_v01_disort_1D_SWIA_solar_09812C_Karasjok_TOA.nc 
    OrbitID    =  09812C 
    Specs      =  TOA 
    Across-track index : 151
    Along-track index  : 4515
    Overpass time (UTC): 2026-02-18 13:32
=================================================================================================================
Extracted data from ./RESULTS/libRad_v01_disort_1D_SWIA_solar_09812C_Karasjok_TOA.nc:

 |------------------------|
 |     data  =   28.3     |
 |------------------------|
 |    BMAFLX =    nan     |
 |------------------------|


     Skipping 10201C. Do not find product BMA_FLX

     Skipping 10590C. Do not find product BMA_FLX



=================================================================================================================
    Productfile=  ./RESULTS/libRad_v01_disort_1D_SWIA_solar_11368C_Karasjok_TOA.nc 
    OrbitID    =  11368C 
    Specs      =  TOA 
    Across-track index : 151
    Along-track index  : 4514
    Overpass time (UTC): 2026-05-29 13:32
=================================================================================================================
Extracted data from ./RESULTS/libRad_v01_disort_1D_SWIA_solar_11368C_Karasjok_TOA.nc:

 |------------------------|
 |     data  =  108.9     |
 |------------------------|
 |    BMAFLX =    nan     |
 |------------------------|




=================================================================================================================
    Productfile=  ./RESULTS/libRad_v01_disort_1D_SWIA_solar_11757C_Karasjok_TOA.nc 
    OrbitID    =  11757C 
    Specs      =  TOA 
    Across-track index : 151
    Along-track index  : 4515
    Overpass time (UTC): 2026-06-23 13:33
=================================================================================================================
Extracted data from ./RESULTS/libRad_v01_disort_1D_SWIA_solar_11757C_Karasjok_TOA.nc:

 |------------------------|
 |     data  =  407.5     |
 |------------------------|
 |    BMAFLX =  304.6     |
 |------------------------|




=================================================================================================================
    Productfile=  ./RESULTS/libRad_v01_disort_1D_SWIA_solar_12146C_Karasjok_TOA.nc 
    OrbitID    =  12146C 
    Specs      =  TOA 
    Across-track index : 151
    Along-track index  : 4514
    Overpass time (UTC): 2026-07-18 13:33
=================================================================================================================
Extracted data from ./RESULTS/libRad_v01_disort_1D_SWIA_solar_12146C_Karasjok_TOA.nc:

 |------------------------|
 |     data  =  128.4     |
 |------------------------|
 |    BMAFLX =  170.3     |
 |------------------------|


     Skipping 12479C. Do not find product BMA_FLX



=================================================================================================================
    Productfile=  ./RESULTS/libRad_v01_disort_1D_SWIA_solar_12535C_Karasjok_TOA.nc 
    OrbitID    =  12535C 
    Specs      =  TOA 
    Across-track index : 151
    Along-track index  : 4514
    Overpass time (UTC): 2026-08-12 13:33
=================================================================================================================
Extracted data from ./RESULTS/libRad_v01_disort_1D_SWIA_solar_12535C_Karasjok_TOA.nc:

 |------------------------|
 |     data  =  120.2     |
 |------------------------|
 |    BMAFLX =    nan     |
 |------------------------|




=================================================================================================================
    Productfile=  ./RESULTS/libRad_v01_disort_1D_SWIA_solar_01214C_Gratangen_TOA.nc 
    OrbitID    =  01214C 
    Specs      =  TOA 
    Across-track index : 151
    Along-track index  : 239
    Overpass time (UTC): 2024-08-14 23:40
=================================================================================================================
Extracted data from ./RESULTS/libRad_v01_disort_1D_SWIA_solar_01214C_Gratangen_TOA.nc:

 |------------------------|
 |     data  =    nan     |
 |------------------------|
 |    BMAFLX =    nan     |
 |------------------------|




=================================================================================================================
    Productfile=  ./RESULTS/libRad_v01_disort_1D_SWIA_solar_01301C_Gratangen_TOA.nc 
    OrbitID    =  01301C 
    Specs      =  TOA 
    Across-track index : 151
    Along-track index  : 4613
    Overpass time (UTC): 2024-08-20 14:05
=================================================================================================================
Extracted data from ./RESULTS/libRad_v01_disort_1D_SWIA_solar_01301C_Gratangen_TOA.nc:

 |------------------------|
 |     data  =  437.4     |
 |------------------------|
 |    BMAFLX =    nan     |
 |------------------------|




=================================================================================================================
    Productfile=  ./RESULTS/libRad_v01_disort_1D_SWIA_solar_01354C_Gratangen_TOA.nc 
    OrbitID    =  01354C 
    Specs      =  TOA 
    Across-track index : 151
    Along-track index  : 238
    Overpass time (UTC): 2024-08-23 23:40
=================================================================================================================
Extracted data from ./RESULTS/libRad_v01_disort_1D_SWIA_solar_01354C_Gratangen_TOA.nc:

 |------------------------|
 |     data  =    nan     |
 |------------------------|
 |    BMAFLX =    nan     |
 |------------------------|




=================================================================================================================
    Productfile=  ./RESULTS/libRad_v01_disort_1D_SWIA_solar_01494C_Gratangen_TOA.nc 
    OrbitID    =  01494C 
    Specs      =  TOA 
    Across-track index : 151
    Along-track index  : 248
    Overpass time (UTC): 2024-09-01 23:37
=================================================================================================================
Extracted data from ./RESULTS/libRad_v01_disort_1D_SWIA_solar_01494C_Gratangen_TOA.nc:

 |------------------------|
 |     data  =    nan     |
 |------------------------|
 |    BMAFLX =    nan     |
 |------------------------|




=================================================================================================================
    Productfile=  ./RESULTS/libRad_v01_disort_1D_SWIA_solar_01690C_Gratangen_TOA.nc 
    OrbitID    =  01690C 
    Specs      =  TOA 
    Across-track index : 151
    Along-track index  : 4606
    Overpass time (UTC): 2024-09-14 14:05
=================================================================================================================
Extracted data from ./RESULTS/libRad_v01_disort_1D_SWIA_solar_01690C_Gratangen_TOA.nc:

 |------------------------|
 |     data  =  161.2     |
 |------------------------|
 |    BMAFLX =    nan     |
 |------------------------|




=================================================================================================================
    Productfile=  ./RESULTS/libRad_v01_disort_1D_SWIA_solar_01743C_Gratangen_TOA.nc 
    OrbitID    =  01743C 
    Specs      =  TOA 
    Across-track index : 151
    Along-track index  : 236
    Overpass time (UTC): 2024-09-17 23:40
=================================================================================================================
Extracted data from ./RESULTS/libRad_v01_disort_1D_SWIA_solar_01743C_Gratangen_TOA.nc:

 |------------------------|
 |     data  =    nan     |
 |------------------------|
 |    BMAFLX =    nan     |
 |------------------------|




=================================================================================================================
    Productfile=  ./RESULTS/libRad_v01_disort_1D_SWIA_solar_01883C_Gratangen_TOA.nc 
    OrbitID    =  01883C 
    Specs      =  TOA 
    Across-track index : 151
    Along-track index  : 246
    Overpass time (UTC): 2024-09-26 23:37
=================================================================================================================
Extracted data from ./RESULTS/libRad_v01_disort_1D_SWIA_solar_01883C_Gratangen_TOA.nc:

 |------------------------|
 |     data  =    nan     |
 |------------------------|
 |    BMAFLX =    nan     |
 |------------------------|




=================================================================================================================
    Productfile=  ./RESULTS/libRad_v01_disort_1D_SWIA_solar_02079C_Gratangen_TOA.nc 
    OrbitID    =  02079C 
    Specs      =  TOA 
    Across-track index : 151
    Along-track index  : 4603
    Overpass time (UTC): 2024-10-09 14:05
=================================================================================================================
Extracted data from ./RESULTS/libRad_v01_disort_1D_SWIA_solar_02079C_Gratangen_TOA.nc:

 |------------------------|
 |     data  =   98.9     |
 |------------------------|
 |    BMAFLX =    nan     |
 |------------------------|




=================================================================================================================
    Productfile=  ./RESULTS/libRad_v01_disort_1D_SWIA_solar_02272C_Gratangen_TOA.nc 
    OrbitID    =  02272C 
    Specs      =  TOA 
    Across-track index : 151
    Along-track index  : 247
    Overpass time (UTC): 2024-10-21 23:36
=================================================================================================================
Extracted data from ./RESULTS/libRad_v01_disort_1D_SWIA_solar_02272C_Gratangen_TOA.nc:

 |------------------------|
 |     data  =    nan     |
 |------------------------|
 |    BMAFLX =    nan     |
 |------------------------|




=================================================================================================================
    Productfile=  ./RESULTS/libRad_v01_disort_1D_SWIA_solar_02468C_Gratangen_TOA.nc 
    OrbitID    =  02468C 
    Specs      =  TOA 
    Across-track index : 151
    Along-track index  : 4602
    Overpass time (UTC): 2024-11-03 14:05
=================================================================================================================
Extracted data from ./RESULTS/libRad_v01_disort_1D_SWIA_solar_02468C_Gratangen_TOA.nc:

 |------------------------|
 |     data  =    nan     |
 |------------------------|
 |    BMAFLX =    nan     |
 |------------------------|




=================================================================================================================
    Productfile=  ./RESULTS/libRad_v01_disort_1D_SWIA_solar_02521C_Gratangen_TOA.nc 
    OrbitID    =  02521C 
    Specs      =  TOA 
    Across-track index : 151
    Along-track index  : 234
    Overpass time (UTC): 2024-11-06 23:40
=================================================================================================================
Extracted data from ./RESULTS/libRad_v01_disort_1D_SWIA_solar_02521C_Gratangen_TOA.nc:

 |------------------------|
 |     data  =    nan     |
 |------------------------|
 |    BMAFLX =    nan     |
 |------------------------|




=================================================================================================================
    Productfile=  ./RESULTS/libRad_v01_disort_1D_SWIA_solar_02661C_Gratangen_TOA.nc 
    OrbitID    =  02661C 
    Specs      =  TOA 
    Across-track index : 151
    Along-track index  : 244
    Overpass time (UTC): 2024-11-15 23:36
=================================================================================================================
Extracted data from ./RESULTS/libRad_v01_disort_1D_SWIA_solar_02661C_Gratangen_TOA.nc:

 |------------------------|
 |     data  =    nan     |
 |------------------------|
 |    BMAFLX =    nan     |
 |------------------------|




=================================================================================================================
    Productfile=  ./RESULTS/libRad_v01_disort_1D_SWIA_solar_02910C_Gratangen_TOA.nc 
    OrbitID    =  02910C 
    Specs      =  TOA 
    Across-track index : 151
    Along-track index  : 233
    Overpass time (UTC): 2024-12-01 23:39
=================================================================================================================
Extracted data from ./RESULTS/libRad_v01_disort_1D_SWIA_solar_02910C_Gratangen_TOA.nc:

 |------------------------|
 |     data  =    nan     |
 |------------------------|
 |    BMAFLX =    nan     |
 |------------------------|




=================================================================================================================
    Productfile=  ./RESULTS/libRad_v01_disort_1D_SWIA_solar_03050C_Gratangen_TOA.nc 
    OrbitID    =  03050C 
    Specs      =  TOA 
    Across-track index : 151
    Along-track index  : 247
    Overpass time (UTC): 2024-12-10 23:35
=================================================================================================================
Extracted data from ./RESULTS/libRad_v01_disort_1D_SWIA_solar_03050C_Gratangen_TOA.nc:

 |------------------------|
 |     data  =    nan     |
 |------------------------|
 |    BMAFLX =    nan     |
 |------------------------|




=================================================================================================================
    Productfile=  ./RESULTS/libRad_v01_disort_1D_SWIA_solar_03246C_Gratangen_TOA.nc 
    OrbitID    =  03246C 
    Specs      =  TOA 
    Across-track index : 151
    Along-track index  : 4600
    Overpass time (UTC): 2024-12-23 14:04
=================================================================================================================
Extracted data from ./RESULTS/libRad_v01_disort_1D_SWIA_solar_03246C_Gratangen_TOA.nc:

 |------------------------|
 |     data  =    nan     |
 |------------------------|
 |    BMAFLX =    nan     |
 |------------------------|




=================================================================================================================
    Productfile=  ./RESULTS/libRad_v01_disort_1D_SWIA_solar_03299C_Gratangen_TOA.nc 
    OrbitID    =  03299C 
    Specs      =  TOA 
    Across-track index : 151
    Along-track index  : 233
    Overpass time (UTC): 2024-12-26 23:39
=================================================================================================================
Extracted data from ./RESULTS/libRad_v01_disort_1D_SWIA_solar_03299C_Gratangen_TOA.nc:

 |------------------------|
 |     data  =    nan     |
 |------------------------|
 |    BMAFLX =    nan     |
 |------------------------|




=================================================================================================================
    Productfile=  ./RESULTS/libRad_v01_disort_1D_SWIA_solar_03439C_Gratangen_TOA.nc 
    OrbitID    =  03439C 
    Specs      =  TOA 
    Across-track index : 151
    Along-track index  : 246
    Overpass time (UTC): 2025-01-04 23:35
=================================================================================================================
Extracted data from ./RESULTS/libRad_v01_disort_1D_SWIA_solar_03439C_Gratangen_TOA.nc:

 |------------------------|
 |     data  =    nan     |
 |------------------------|
 |    BMAFLX =    nan     |
 |------------------------|




=================================================================================================================
    Productfile=  ./RESULTS/libRad_v01_disort_1D_SWIA_solar_03635C_Gratangen_TOA.nc 
    OrbitID    =  03635C 
    Specs      =  TOA 
    Across-track index : 151
    Along-track index  : 4601
    Overpass time (UTC): 2025-01-17 14:04
=================================================================================================================
Extracted data from ./RESULTS/libRad_v01_disort_1D_SWIA_solar_03635C_Gratangen_TOA.nc:

 |------------------------|
 |     data  =    nan     |
 |------------------------|
 |    BMAFLX =    nan     |
 |------------------------|




=================================================================================================================
    Productfile=  ./RESULTS/libRad_v01_disort_1D_SWIA_solar_03775C_Gratangen_TOA.nc 
    OrbitID    =  03775C 
    Specs      =  TOA 
    Across-track index : 151
    Along-track index  : 4613
    Overpass time (UTC): 2025-01-26 14:00
=================================================================================================================
Extracted data from ./RESULTS/libRad_v01_disort_1D_SWIA_solar_03775C_Gratangen_TOA.nc:

 |------------------------|
 |     data  =    nan     |
 |------------------------|
 |    BMAFLX =    nan     |
 |------------------------|




=================================================================================================================
    Productfile=  ./RESULTS/libRad_v01_disort_1D_SWIA_solar_03828C_Gratangen_TOA.nc 
    OrbitID    =  03828C 
    Specs      =  TOA 
    Across-track index : 151
    Along-track index  : 246
    Overpass time (UTC): 2025-01-29 23:34
=================================================================================================================
Extracted data from ./RESULTS/libRad_v01_disort_1D_SWIA_solar_03828C_Gratangen_TOA.nc:

 |------------------------|
 |     data  =    nan     |
 |------------------------|
 |    BMAFLX =    nan     |
 |------------------------|




=================================================================================================================
    Productfile=  ./RESULTS/libRad_v01_disort_1D_SWIA_solar_04024C_Gratangen_TOA.nc 
    OrbitID    =  04024C 
    Specs      =  TOA 
    Across-track index : 151
    Along-track index  : 4600
    Overpass time (UTC): 2025-02-11 14:03
=================================================================================================================
Extracted data from ./RESULTS/libRad_v01_disort_1D_SWIA_solar_04024C_Gratangen_TOA.nc:

 |------------------------|
 |     data  =   24.4     |
 |------------------------|
 |    BMAFLX =    nan     |
 |------------------------|




=================================================================================================================
    Productfile=  ./RESULTS/libRad_v01_disort_1D_SWIA_solar_04077C_Gratangen_TOA.nc 
    OrbitID    =  04077C 
    Specs      =  TOA 
    Across-track index : 151
    Along-track index  : 232
    Overpass time (UTC): 2025-02-14 23:38
=================================================================================================================
Extracted data from ./RESULTS/libRad_v01_disort_1D_SWIA_solar_04077C_Gratangen_TOA.nc:

 |------------------------|
 |     data  =    nan     |
 |------------------------|
 |    BMAFLX =    nan     |
 |------------------------|




=================================================================================================================
    Productfile=  ./RESULTS/libRad_v01_disort_1D_SWIA_solar_04164C_Gratangen_TOA.nc 
    OrbitID    =  04164C 
    Specs      =  TOA 
    Across-track index : 151
    Along-track index  : 4614
    Overpass time (UTC): 2025-02-20 14:00
=================================================================================================================
Extracted data from ./RESULTS/libRad_v01_disort_1D_SWIA_solar_04164C_Gratangen_TOA.nc:

 |------------------------|
 |     data  =   60.3     |
 |------------------------|
 |    BMAFLX =    nan     |
 |------------------------|




=================================================================================================================
    Productfile=  ./RESULTS/libRad_v01_disort_1D_SWIA_solar_04217C_Gratangen_TOA.nc 
    OrbitID    =  04217C 
    Specs      =  TOA 
    Across-track index : 151
    Along-track index  : 246
    Overpass time (UTC): 2025-02-23 23:34
=================================================================================================================
Extracted data from ./RESULTS/libRad_v01_disort_1D_SWIA_solar_04217C_Gratangen_TOA.nc:

 |------------------------|
 |     data  =    nan     |
 |------------------------|
 |    BMAFLX =    nan     |
 |------------------------|




=================================================================================================================
    Productfile=  ./RESULTS/libRad_v01_disort_1D_SWIA_solar_05384C_Gratangen_TOA.nc 
    OrbitID    =  05384C 
    Specs      =  TOA 
    Across-track index : 151
    Along-track index  : 246
    Overpass time (UTC): 2025-05-09 23:33
=================================================================================================================
Extracted data from ./RESULTS/libRad_v01_disort_1D_SWIA_solar_05384C_Gratangen_TOA.nc:

 |------------------------|
 |     data  =    nan     |
 |------------------------|
 |    BMAFLX =    nan     |
 |------------------------|




=================================================================================================================
    Productfile=  ./RESULTS/libRad_v01_disort_1D_SWIA_solar_05580C_Gratangen_TOA.nc 
    OrbitID    =  05580C 
    Specs      =  TOA 
    Across-track index : 151
    Along-track index  : 4601
    Overpass time (UTC): 2025-05-22 14:02
=================================================================================================================
Extracted data from ./RESULTS/libRad_v01_disort_1D_SWIA_solar_05580C_Gratangen_TOA.nc:

 |------------------------|
 |     data  =  206.8     |
 |------------------------|
 |    BMAFLX =    nan     |
 |------------------------|




=================================================================================================================
    Productfile=  ./RESULTS/libRad_v01_disort_1D_SWIA_solar_05633C_Gratangen_TOA.nc 
    OrbitID    =  05633C 
    Specs      =  TOA 
    Across-track index : 151
    Along-track index  : 232
    Overpass time (UTC): 2025-05-25 23:36
=================================================================================================================
Extracted data from ./RESULTS/libRad_v01_disort_1D_SWIA_solar_05633C_Gratangen_TOA.nc:

 |------------------------|
 |     data  =    2.4     |
 |------------------------|
 |    BMAFLX =    nan     |
 |------------------------|




=================================================================================================================
    Productfile=  ./RESULTS/libRad_v01_disort_1D_SWIA_solar_05773C_Gratangen_TOA.nc 
    OrbitID    =  05773C 
    Specs      =  TOA 
    Across-track index : 151
    Along-track index  : 246
    Overpass time (UTC): 2025-06-03 23:32
=================================================================================================================
Extracted data from ./RESULTS/libRad_v01_disort_1D_SWIA_solar_05773C_Gratangen_TOA.nc:

 |------------------------|
 |     data  =   15.4     |
 |------------------------|
 |    BMAFLX =    nan     |
 |------------------------|




=================================================================================================================
    Productfile=  ./RESULTS/libRad_v01_disort_1D_SWIA_solar_05969C_Gratangen_TOA.nc 
    OrbitID    =  05969C 
    Specs      =  TOA 
    Across-track index : 151
    Along-track index  : 4601
    Overpass time (UTC): 2025-06-16 14:02
=================================================================================================================
Extracted data from ./RESULTS/libRad_v01_disort_1D_SWIA_solar_05969C_Gratangen_TOA.nc:

 |------------------------|
 |     data  =  212.1     |
 |------------------------|
 |    BMAFLX =    nan     |
 |------------------------|




=================================================================================================================
    Productfile=  ./RESULTS/libRad_v01_disort_1D_SWIA_solar_06022C_Gratangen_TOA.nc 
    OrbitID    =  06022C 
    Specs      =  TOA 
    Across-track index : 151
    Along-track index  : 232
    Overpass time (UTC): 2025-06-19 23:36
=================================================================================================================
Extracted data from ./RESULTS/libRad_v01_disort_1D_SWIA_solar_06022C_Gratangen_TOA.nc:

 |------------------------|
 |     data  =   27.3     |
 |------------------------|
 |    BMAFLX =    nan     |
 |------------------------|




=================================================================================================================
    Productfile=  ./RESULTS/libRad_v01_disort_1D_SWIA_solar_06162C_Gratangen_TOA.nc 
    OrbitID    =  06162C 
    Specs      =  TOA 
    Across-track index : 151
    Along-track index  : 245
    Overpass time (UTC): 2025-06-28 23:33
=================================================================================================================
Extracted data from ./RESULTS/libRad_v01_disort_1D_SWIA_solar_06162C_Gratangen_TOA.nc:

 |------------------------|
 |     data  =   32.1     |
 |------------------------|
 |    BMAFLX =    nan     |
 |------------------------|




=================================================================================================================
    Productfile=  ./RESULTS/libRad_v01_disort_1D_SWIA_solar_06358C_Gratangen_TOA.nc 
    OrbitID    =  06358C 
    Specs      =  TOA 
    Across-track index : 151
    Along-track index  : 4602
    Overpass time (UTC): 2025-07-11 14:01
=================================================================================================================
Extracted data from ./RESULTS/libRad_v01_disort_1D_SWIA_solar_06358C_Gratangen_TOA.nc:

 |------------------------|
 |     data  =  405.3     |
 |------------------------|
 |    BMAFLX =    nan     |
 |------------------------|




=================================================================================================================
    Productfile=  ./RESULTS/libRad_v01_disort_1D_SWIA_solar_06747C_Gratangen_TOA.nc 
    OrbitID    =  06747C 
    Specs      =  TOA 
    Across-track index : 151
    Along-track index  : 4602
    Overpass time (UTC): 2025-08-05 14:01
=================================================================================================================
Extracted data from ./RESULTS/libRad_v01_disort_1D_SWIA_solar_06747C_Gratangen_TOA.nc:

 |------------------------|
 |     data  =  402.1     |
 |------------------------|
 |    BMAFLX =    nan     |
 |------------------------|




=================================================================================================================
    Productfile=  ./RESULTS/libRad_v01_disort_1D_SWIA_solar_07136C_Gratangen_TOA.nc 
    OrbitID    =  07136C 
    Specs      =  TOA 
    Across-track index : 151
    Along-track index  : 4602
    Overpass time (UTC): 2025-08-30 14:01
=================================================================================================================
Extracted data from ./RESULTS/libRad_v01_disort_1D_SWIA_solar_07136C_Gratangen_TOA.nc:

 |------------------------|
 |     data  =  230.7     |
 |------------------------|
 |    BMAFLX =    nan     |
 |------------------------|




=================================================================================================================
    Productfile=  ./RESULTS/libRad_v01_disort_1D_SWIA_solar_07329C_Gratangen_TOA.nc 
    OrbitID    =  07329C 
    Specs      =  TOA 
    Across-track index : 151
    Along-track index  : 246
    Overpass time (UTC): 2025-09-11 23:32
=================================================================================================================
Extracted data from ./RESULTS/libRad_v01_disort_1D_SWIA_solar_07329C_Gratangen_TOA.nc:

 |------------------------|
 |     data  =    nan     |
 |------------------------|
 |    BMAFLX =    nan     |
 |------------------------|




=================================================================================================================
    Productfile=  ./RESULTS/libRad_v01_disort_1D_SWIA_solar_07525C_Gratangen_TOA.nc 
    OrbitID    =  07525C 
    Specs      =  TOA 
    Across-track index : 151
    Along-track index  : 4601
    Overpass time (UTC): 2025-09-24 14:01
=================================================================================================================
Extracted data from ./RESULTS/libRad_v01_disort_1D_SWIA_solar_07525C_Gratangen_TOA.nc:

 |------------------------|
 |     data  =  178.5     |
 |------------------------|
 |    BMAFLX =    nan     |
 |------------------------|




=================================================================================================================
    Productfile=  ./RESULTS/libRad_v01_disort_1D_SWIA_solar_07718C_Gratangen_TOA.nc 
    OrbitID    =  07718C 
    Specs      =  TOA 
    Across-track index : 151
    Along-track index  : 246
    Overpass time (UTC): 2025-10-06 23:32
=================================================================================================================
Extracted data from ./RESULTS/libRad_v01_disort_1D_SWIA_solar_07718C_Gratangen_TOA.nc:

 |------------------------|
 |     data  =    nan     |
 |------------------------|
 |    BMAFLX =    nan     |
 |------------------------|




=================================================================================================================
    Productfile=  ./RESULTS/libRad_v01_disort_1D_SWIA_solar_07914C_Gratangen_TOA.nc 
    OrbitID    =  07914C 
    Specs      =  TOA 
    Across-track index : 151
    Along-track index  : 4598
    Overpass time (UTC): 2025-10-19 14:02
=================================================================================================================
Extracted data from ./RESULTS/libRad_v01_disort_1D_SWIA_solar_07914C_Gratangen_TOA.nc:

 |------------------------|
 |     data  =   45.4     |
 |------------------------|
 |    BMAFLX =   62.7     |
 |------------------------|




=================================================================================================================
    Productfile=  ./RESULTS/libRad_v01_disort_1D_SWIA_solar_08303C_Gratangen_TOA.nc 
    OrbitID    =  08303C 
    Specs      =  TOA 
    Across-track index : 151
    Along-track index  : 4600
    Overpass time (UTC): 2025-11-13 14:01
=================================================================================================================
Extracted data from ./RESULTS/libRad_v01_disort_1D_SWIA_solar_08303C_Gratangen_TOA.nc:

 |------------------------|
 |     data  =    nan     |
 |------------------------|
 |    BMAFLX =    nan     |
 |------------------------|


     Skipping 08496C. Do not find product BMA_FLX

     Skipping 08692C. Do not find product BMA_FLX

     Skipping 09081C. Do not find product BMA_FLX

     Skipping 09134C. Do not find product BMA_FLX

     Skipping 09470C. Do not find product BMA_FLX



=================================================================================================================
    Productfile=  ./RESULTS/libRad_v01_disort_1D_SWIA_solar_09859C_Gratangen_TOA.nc 
    OrbitID    =  09859C 
    Specs      =  TOA 
    Across-track index : 151
    Along-track index  : 4600
    Overpass time (UTC): 2026-02-21 14:01
=================================================================================================================
Extracted data from ./RESULTS/libRad_v01_disort_1D_SWIA_solar_09859C_Gratangen_TOA.nc:

 |------------------------|
 |     data  =   58.4     |
 |------------------------|
 |    BMAFLX =   83.9     |
 |------------------------|


     Skipping 09912C. Do not find product BMA_FLX

     Skipping 10052C. Do not find product BMA_FLX

     Skipping 10248C. Do not find product BMA_FLX

     Skipping 10637C. Do not find product BMA_FLX



=================================================================================================================
    Productfile=  ./RESULTS/libRad_v01_disort_1D_SWIA_solar_11415C_Gratangen_TOA.nc 
    OrbitID    =  11415C 
    Specs      =  TOA 
    Across-track index : 151
    Along-track index  : 4599
    Overpass time (UTC): 2026-06-01 14:02
=================================================================================================================
Extracted data from ./RESULTS/libRad_v01_disort_1D_SWIA_solar_11415C_Gratangen_TOA.nc:

 |------------------------|
 |     data  =  116.0     |
 |------------------------|
 |    BMAFLX =   24.8     |
 |------------------------|


     Skipping 11804C. Do not find product BMA_FLX



=================================================================================================================
    Productfile=  ./RESULTS/libRad_v01_disort_1D_SWIA_solar_12193C_Gratangen_TOA.nc 
    OrbitID    =  12193C 
    Specs      =  TOA 
    Across-track index : 151
    Along-track index  : 4600
    Overpass time (UTC): 2026-07-21 14:03
=================================================================================================================
Extracted data from ./RESULTS/libRad_v01_disort_1D_SWIA_solar_12193C_Gratangen_TOA.nc:

 |------------------------|
 |     data  =  454.0     |
 |------------------------|
 |    BMAFLX =  483.5     |
 |------------------------|




=================================================================================================================
    Productfile=  ./RESULTS/libRad_v01_disort_1D_SWIA_solar_12582C_Gratangen_TOA.nc 
    OrbitID    =  12582C 
    Specs      =  TOA 
    Across-track index : 151
    Along-track index  : 4599
    Overpass time (UTC): 2026-08-15 14:03
=================================================================================================================
Extracted data from ./RESULTS/libRad_v01_disort_1D_SWIA_solar_12582C_Gratangen_TOA.nc:

 |------------------------|
 |     data  =  268.6     |
 |------------------------|
 |    BMAFLX =  322.7     |
 |------------------------|




=================================================================================================================
    Productfile=  ./RESULTS/libRad_v01_disort_1D_SWIA_solar_01028B_Beitostølen_TOA.nc 
    OrbitID    =  01028B 
    Specs      =  TOA 
    Across-track index : 151
    Along-track index  : 4352
    Overpass time (UTC): 2024-08-03 00:33
=================================================================================================================
Extracted data from ./RESULTS/libRad_v01_disort_1D_SWIA_solar_01028B_Beitostølen_TOA.nc:

 |------------------------|
 |     data  =    nan     |
 |------------------------|
 |    BMAFLX =    nan     |
 |------------------------|




=================================================================================================================
    Productfile=  ./RESULTS/libRad_v01_disort_1D_SWIA_solar_01270D_Beitostølen_TOA.nc 
    OrbitID    =  01270D 
    Specs      =  TOA 
    Across-track index : 151
    Along-track index  : 805
    Overpass time (UTC): 2024-08-18 14:17
=================================================================================================================
Extracted data from ./RESULTS/libRad_v01_disort_1D_SWIA_solar_01270D_Beitostølen_TOA.nc:

 |------------------------|
 |     data  =  497.4     |
 |------------------------|
 |    BMAFLX =  423.8     |
 |------------------------|




=================================================================================================================
    Productfile=  ./RESULTS/libRad_v01_disort_1D_SWIA_solar_01410D_Beitostølen_TOA.nc 
    OrbitID    =  01410D 
    Specs      =  TOA 
    Across-track index : 151
    Along-track index  : 810
    Overpass time (UTC): 2024-08-27 14:15
=================================================================================================================
Extracted data from ./RESULTS/libRad_v01_disort_1D_SWIA_solar_01410D_Beitostølen_TOA.nc:

 |------------------------|
 |     data  =  449.9     |
 |------------------------|
 |    BMAFLX =  384.6     |
 |------------------------|




=================================================================================================================
    Productfile=  ./RESULTS/libRad_v01_disort_1D_SWIA_solar_01588B_Beitostølen_TOA.nc 
    OrbitID    =  01588B 
    Specs      =  TOA 
    Across-track index : 151
    Along-track index  : 4343
    Overpass time (UTC): 2024-09-08 00:33
=================================================================================================================
Extracted data from ./RESULTS/libRad_v01_disort_1D_SWIA_solar_01588B_Beitostølen_TOA.nc:

 |------------------------|
 |     data  =    nan     |
 |------------------------|
 |    BMAFLX =    nan     |
 |------------------------|




=================================================================================================================
    Productfile=  ./RESULTS/libRad_v01_disort_1D_SWIA_solar_01659D_Beitostølen_TOA.nc 
    OrbitID    =  01659D 
    Specs      =  TOA 
    Across-track index : 151
    Along-track index  : 801
    Overpass time (UTC): 2024-09-12 14:17
=================================================================================================================
Extracted data from ./RESULTS/libRad_v01_disort_1D_SWIA_solar_01659D_Beitostølen_TOA.nc:

 |------------------------|
 |     data  =  293.4     |
 |------------------------|
 |    BMAFLX =  188.6     |
 |------------------------|




=================================================================================================================
    Productfile=  ./RESULTS/libRad_v01_disort_1D_SWIA_solar_02048D_Beitostølen_TOA.nc 
    OrbitID    =  02048D 
    Specs      =  TOA 
    Across-track index : 151
    Along-track index  : 794
    Overpass time (UTC): 2024-10-07 14:19
=================================================================================================================
Extracted data from ./RESULTS/libRad_v01_disort_1D_SWIA_solar_02048D_Beitostølen_TOA.nc:

 |------------------------|
 |     data  =  215.1     |
 |------------------------|
 |    BMAFLX =    nan     |
 |------------------------|




=================================================================================================================
    Productfile=  ./RESULTS/libRad_v01_disort_1D_SWIA_solar_02188D_Beitostølen_TOA.nc 
    OrbitID    =  02188D 
    Specs      =  TOA 
    Across-track index : 151
    Along-track index  : 807
    Overpass time (UTC): 2024-10-16 14:15
=================================================================================================================
Extracted data from ./RESULTS/libRad_v01_disort_1D_SWIA_solar_02188D_Beitostølen_TOA.nc:

 |------------------------|
 |     data  =  146.2     |
 |------------------------|
 |    BMAFLX =  132.2     |
 |------------------------|




=================================================================================================================
    Productfile=  ./RESULTS/libRad_v01_disort_1D_SWIA_solar_02577D_Beitostølen_TOA.nc 
    OrbitID    =  02577D 
    Specs      =  TOA 
    Across-track index : 151
    Along-track index  : 807
    Overpass time (UTC): 2024-11-10 14:14
=================================================================================================================
Extracted data from ./RESULTS/libRad_v01_disort_1D_SWIA_solar_02577D_Beitostølen_TOA.nc:

 |------------------------|
 |     data  =   18.8     |
 |------------------------|
 |    BMAFLX =    nan     |
 |------------------------|




=================================================================================================================
    Productfile=  ./RESULTS/libRad_v01_disort_1D_SWIA_solar_02755B_Beitostølen_TOA.nc 
    OrbitID    =  02755B 
    Specs      =  TOA 
    Across-track index : 151
    Along-track index  : 4335
    Overpass time (UTC): 2024-11-22 00:34
=================================================================================================================
Extracted data from ./RESULTS/libRad_v01_disort_1D_SWIA_solar_02755B_Beitostølen_TOA.nc:

 |------------------------|
 |     data  =    nan     |
 |------------------------|
 |    BMAFLX =    nan     |
 |------------------------|




=================================================================================================================
    Productfile=  ./RESULTS/libRad_v01_disort_1D_SWIA_solar_02966D_Beitostølen_TOA.nc 
    OrbitID    =  02966D 
    Specs      =  TOA 
    Across-track index : 151
    Along-track index  : 808
    Overpass time (UTC): 2024-12-05 14:14
=================================================================================================================
Extracted data from ./RESULTS/libRad_v01_disort_1D_SWIA_solar_02966D_Beitostølen_TOA.nc:

 |------------------------|
 |     data  =    nan     |
 |------------------------|
 |    BMAFLX =    nan     |
 |------------------------|




=================================================================================================================
    Productfile=  ./RESULTS/libRad_v01_disort_1D_SWIA_solar_03533B_Beitostølen_TOA.nc 
    OrbitID    =  03533B 
    Specs      =  TOA 
    Across-track index : 151
    Along-track index  : 4337
    Overpass time (UTC): 2025-01-11 00:32
=================================================================================================================
Extracted data from ./RESULTS/libRad_v01_disort_1D_SWIA_solar_03533B_Beitostølen_TOA.nc:

 |------------------------|
 |     data  =    nan     |
 |------------------------|
 |    BMAFLX =    nan     |
 |------------------------|




=================================================================================================================
    Productfile=  ./RESULTS/libRad_v01_disort_1D_SWIA_solar_03744D_Beitostølen_TOA.nc 
    OrbitID    =  03744D 
    Specs      =  TOA 
    Across-track index : 151
    Along-track index  : 806
    Overpass time (UTC): 2025-01-24 14:13
=================================================================================================================
Extracted data from ./RESULTS/libRad_v01_disort_1D_SWIA_solar_03744D_Beitostølen_TOA.nc:

 |------------------------|
 |     data  =   63.7     |
 |------------------------|
 |    BMAFLX =   81.0     |
 |------------------------|




=================================================================================================================
    Productfile=  ./RESULTS/libRad_v01_disort_1D_SWIA_solar_04133D_Beitostølen_TOA.nc 
    OrbitID    =  04133D 
    Specs      =  TOA 
    Across-track index : 151
    Along-track index  : 807
    Overpass time (UTC): 2025-02-18 14:13
=================================================================================================================
Extracted data from ./RESULTS/libRad_v01_disort_1D_SWIA_solar_04133D_Beitostølen_TOA.nc:

 |------------------------|
 |     data  =   79.1     |
 |------------------------|
 |    BMAFLX =    nan     |
 |------------------------|




=================================================================================================================
    Productfile=  ./RESULTS/libRad_v01_disort_1D_SWIA_solar_04522D_Beitostølen_TOA.nc 
    OrbitID    =  04522D 
    Specs      =  TOA 
    Across-track index : 151
    Along-track index  : 806
    Overpass time (UTC): 2025-03-15 14:12
=================================================================================================================
Extracted data from ./RESULTS/libRad_v01_disort_1D_SWIA_solar_04522D_Beitostølen_TOA.nc:

 |------------------------|
 |     data  =  235.2     |
 |------------------------|
 |    BMAFLX =  229.7     |
 |------------------------|




=================================================================================================================
    Productfile=  ./RESULTS/libRad_v01_disort_1D_SWIA_solar_04771D_Beitostølen_TOA.nc 
    OrbitID    =  04771D 
    Specs      =  TOA 
    Across-track index : 151
    Along-track index  : 794
    Overpass time (UTC): 2025-03-31 14:15
=================================================================================================================
Extracted data from ./RESULTS/libRad_v01_disort_1D_SWIA_solar_04771D_Beitostølen_TOA.nc:

 |------------------------|
 |     data  =  402.7     |
 |------------------------|
 |    BMAFLX =  374.0     |
 |------------------------|




=================================================================================================================
    Productfile=  ./RESULTS/libRad_v01_disort_1D_SWIA_solar_05300D_Beitostølen_TOA.nc 
    OrbitID    =  05300D 
    Specs      =  TOA 
    Across-track index : 151
    Along-track index  : 807
    Overpass time (UTC): 2025-05-04 14:12
=================================================================================================================
Extracted data from ./RESULTS/libRad_v01_disort_1D_SWIA_solar_05300D_Beitostølen_TOA.nc:

 |------------------------|
 |     data  =  136.5     |
 |------------------------|
 |    BMAFLX =  189.7     |
 |------------------------|




=================================================================================================================
    Productfile=  ./RESULTS/libRad_v01_disort_1D_SWIA_solar_05478B_Beitostølen_TOA.nc 
    OrbitID    =  05478B 
    Specs      =  TOA 
    Across-track index : 151
    Along-track index  : 4336
    Overpass time (UTC): 2025-05-16 00:30
=================================================================================================================
Extracted data from ./RESULTS/libRad_v01_disort_1D_SWIA_solar_05478B_Beitostølen_TOA.nc:

 |------------------------|
 |     data  =    nan     |
 |------------------------|
 |    BMAFLX =    nan     |
 |------------------------|




=================================================================================================================
    Productfile=  ./RESULTS/libRad_v01_disort_1D_SWIA_solar_05689D_Beitostølen_TOA.nc 
    OrbitID    =  05689D 
    Specs      =  TOA 
    Across-track index : 151
    Along-track index  : 807
    Overpass time (UTC): 2025-05-29 14:11
=================================================================================================================
Extracted data from ./RESULTS/libRad_v01_disort_1D_SWIA_solar_05689D_Beitostølen_TOA.nc:

 |------------------------|
 |     data  =  202.8     |
 |------------------------|
 |    BMAFLX =  227.3     |
 |------------------------|




=================================================================================================================
    Productfile=  ./RESULTS/libRad_v01_disort_1D_SWIA_solar_05867B_Beitostølen_TOA.nc 
    OrbitID    =  05867B 
    Specs      =  TOA 
    Across-track index : 151
    Along-track index  : 4337
    Overpass time (UTC): 2025-06-10 00:30
=================================================================================================================
Extracted data from ./RESULTS/libRad_v01_disort_1D_SWIA_solar_05867B_Beitostølen_TOA.nc:

 |------------------------|
 |     data  =    nan     |
 |------------------------|
 |    BMAFLX =    nan     |
 |------------------------|




=================================================================================================================
    Productfile=  ./RESULTS/libRad_v01_disort_1D_SWIA_solar_06256B_Beitostølen_TOA.nc 
    OrbitID    =  06256B 
    Specs      =  TOA 
    Across-track index : 151
    Along-track index  : 4338
    Overpass time (UTC): 2025-07-05 00:30
=================================================================================================================
Extracted data from ./RESULTS/libRad_v01_disort_1D_SWIA_solar_06256B_Beitostølen_TOA.nc:

 |------------------------|
 |     data  =    nan     |
 |------------------------|
 |    BMAFLX =    nan     |
 |------------------------|




=================================================================================================================
    Productfile=  ./RESULTS/libRad_v01_disort_1D_SWIA_solar_06327D_Beitostølen_TOA.nc 
    OrbitID    =  06327D 
    Specs      =  TOA 
    Across-track index : 151
    Along-track index  : 795
    Overpass time (UTC): 2025-07-09 14:14
=================================================================================================================
Extracted data from ./RESULTS/libRad_v01_disort_1D_SWIA_solar_06327D_Beitostølen_TOA.nc:

 |------------------------|
 |     data  =  126.1     |
 |------------------------|
 |    BMAFLX =  170.7     |
 |------------------------|




=================================================================================================================
    Productfile=  ./RESULTS/libRad_v01_disort_1D_SWIA_solar_06467D_Beitostølen_TOA.nc 
    OrbitID    =  06467D 
    Specs      =  TOA 
    Across-track index : 151
    Along-track index  : 808
    Overpass time (UTC): 2025-07-18 14:11
=================================================================================================================
Extracted data from ./RESULTS/libRad_v01_disort_1D_SWIA_solar_06467D_Beitostølen_TOA.nc:

 |------------------------|
 |     data  =  138.7     |
 |------------------------|
 |    BMAFLX =  137.0     |
 |------------------------|




=================================================================================================================
    Productfile=  ./RESULTS/libRad_v01_disort_1D_SWIA_solar_06645B_Beitostølen_TOA.nc 
    OrbitID    =  06645B 
    Specs      =  TOA 
    Across-track index : 151
    Along-track index  : 4338
    Overpass time (UTC): 2025-07-30 00:29
=================================================================================================================
Extracted data from ./RESULTS/libRad_v01_disort_1D_SWIA_solar_06645B_Beitostølen_TOA.nc:

 |------------------------|
 |     data  =    nan     |
 |------------------------|
 |    BMAFLX =    nan     |
 |------------------------|




=================================================================================================================
    Productfile=  ./RESULTS/libRad_v01_disort_1D_SWIA_solar_06716D_Beitostølen_TOA.nc 
    OrbitID    =  06716D 
    Specs      =  TOA 
    Across-track index : 151
    Along-track index  : 795
    Overpass time (UTC): 2025-08-03 14:14
=================================================================================================================
Extracted data from ./RESULTS/libRad_v01_disort_1D_SWIA_solar_06716D_Beitostølen_TOA.nc:

 |------------------------|
 |     data  =  600.4     |
 |------------------------|
 |    BMAFLX =    nan     |
 |------------------------|




=================================================================================================================
    Productfile=  ./RESULTS/libRad_v01_disort_1D_SWIA_solar_06856D_Beitostølen_TOA.nc 
    OrbitID    =  06856D 
    Specs      =  TOA 
    Across-track index : 151
    Along-track index  : 809
    Overpass time (UTC): 2025-08-12 14:10
=================================================================================================================
Extracted data from ./RESULTS/libRad_v01_disort_1D_SWIA_solar_06856D_Beitostølen_TOA.nc:

 |------------------------|
 |     data  =  537.6     |
 |------------------------|
 |    BMAFLX =    nan     |
 |------------------------|




=================================================================================================================
    Productfile=  ./RESULTS/libRad_v01_disort_1D_SWIA_solar_07105D_Beitostølen_TOA.nc 
    OrbitID    =  07105D 
    Specs      =  TOA 
    Across-track index : 151
    Along-track index  : 795
    Overpass time (UTC): 2025-08-28 14:14
=================================================================================================================
Extracted data from ./RESULTS/libRad_v01_disort_1D_SWIA_solar_07105D_Beitostølen_TOA.nc:

 |------------------------|
 |     data  =  397.4     |
 |------------------------|
 |    BMAFLX =  397.7     |
 |------------------------|




=================================================================================================================
    Productfile=  ./RESULTS/libRad_v01_disort_1D_SWIA_solar_07245D_Beitostølen_TOA.nc 
    OrbitID    =  07245D 
    Specs      =  TOA 
    Across-track index : 151
    Along-track index  : 808
    Overpass time (UTC): 2025-09-06 14:10
=================================================================================================================
Extracted data from ./RESULTS/libRad_v01_disort_1D_SWIA_solar_07245D_Beitostølen_TOA.nc:

 |------------------------|
 |     data  =  344.8     |
 |------------------------|
 |    BMAFLX =  317.9     |
 |------------------------|




=================================================================================================================
    Productfile=  ./RESULTS/libRad_v01_disort_1D_SWIA_solar_07494D_Beitostølen_TOA.nc 
    OrbitID    =  07494D 
    Specs      =  TOA 
    Across-track index : 151
    Along-track index  : 794
    Overpass time (UTC): 2025-09-22 14:14
=================================================================================================================
Extracted data from ./RESULTS/libRad_v01_disort_1D_SWIA_solar_07494D_Beitostølen_TOA.nc:

 |------------------------|
 |     data  =  309.4     |
 |------------------------|
 |    BMAFLX =  306.5     |
 |------------------------|




=================================================================================================================
    Productfile=  ./RESULTS/libRad_v01_disort_1D_SWIA_solar_07634D_Beitostølen_TOA.nc 
    OrbitID    =  07634D 
    Specs      =  TOA 
    Across-track index : 151
    Along-track index  : 809
    Overpass time (UTC): 2025-10-01 14:10
=================================================================================================================
Extracted data from ./RESULTS/libRad_v01_disort_1D_SWIA_solar_07634D_Beitostølen_TOA.nc:

 |------------------------|
 |     data  =  240.4     |
 |------------------------|
 |    BMAFLX =  244.6     |
 |------------------------|




=================================================================================================================
    Productfile=  ./RESULTS/libRad_v01_disort_1D_SWIA_solar_08272D_Beitostølen_TOA.nc 
    OrbitID    =  08272D 
    Specs      =  TOA 
    Across-track index : 151
    Along-track index  : 795
    Overpass time (UTC): 2025-11-11 14:14
=================================================================================================================
Extracted data from ./RESULTS/libRad_v01_disort_1D_SWIA_solar_08272D_Beitostølen_TOA.nc:

 |------------------------|
 |     data  =   47.7     |
 |------------------------|
 |    BMAFLX =    nan     |
 |------------------------|


     Skipping 08412D. Do not find product BMA_FLX



=================================================================================================================
    Productfile=  ./RESULTS/libRad_v01_disort_1D_SWIA_solar_08590B_Beitostølen_TOA.nc 
    OrbitID    =  08590B 
    Specs      =  TOA 
    Across-track index : 151
    Along-track index  : 4336
    Overpass time (UTC): 2025-12-02 00:29
=================================================================================================================
Extracted data from ./RESULTS/libRad_v01_disort_1D_SWIA_solar_08590B_Beitostølen_TOA.nc:

 |------------------------|
 |     data  =    nan     |
 |------------------------|
 |    BMAFLX =    nan     |
 |------------------------|


     Skipping 08801D. Do not find product BMA_FLX

     Skipping 09050D. Do not find product BMA_FLX



=================================================================================================================
    Productfile=  ./RESULTS/libRad_v01_disort_1D_SWIA_solar_09190D_Beitostølen_TOA.nc 
    OrbitID    =  09190D 
    Specs      =  TOA 
    Across-track index : 151
    Along-track index  : 809
    Overpass time (UTC): 2026-01-09 14:11
=================================================================================================================
Extracted data from ./RESULTS/libRad_v01_disort_1D_SWIA_solar_09190D_Beitostølen_TOA.nc:

 |------------------------|
 |     data  =    9.7     |
 |------------------------|
 |    BMAFLX =    nan     |
 |------------------------|


     Skipping 09368B. Do not find product BMA_FLX

     Skipping 09439D. Do not find product BMA_FLX

     Skipping 09579D. Do not find product BMA_FLX



=================================================================================================================
    Productfile=  ./RESULTS/libRad_v01_disort_1D_SWIA_solar_09757B_Beitostølen_TOA.nc 
    OrbitID    =  09757B 
    Specs      =  TOA 
    Across-track index : 151
    Along-track index  : 4337
    Overpass time (UTC): 2026-02-15 00:29
=================================================================================================================
Extracted data from ./RESULTS/libRad_v01_disort_1D_SWIA_solar_09757B_Beitostølen_TOA.nc:

 |------------------------|
 |     data  =    nan     |
 |------------------------|
 |    BMAFLX =    nan     |
 |------------------------|




=================================================================================================================
    Productfile=  ./RESULTS/libRad_v01_disort_1D_SWIA_solar_09828D_Beitostølen_TOA.nc 
    OrbitID    =  09828D 
    Specs      =  TOA 
    Across-track index : 151
    Along-track index  : 795
    Overpass time (UTC): 2026-02-19 14:14
=================================================================================================================
Extracted data from ./RESULTS/libRad_v01_disort_1D_SWIA_solar_09828D_Beitostølen_TOA.nc:

 |------------------------|
 |     data  =  162.4     |
 |------------------------|
 |    BMAFLX =  185.4     |
 |------------------------|


     Skipping 09968D. Do not find product BMA_FLX

     Skipping 10217D. Do not find product BMA_FLX

     Skipping 10357D. Do not find product BMA_FLX

     Skipping 10606D. Do not find product BMA_FLX



=================================================================================================================
    Productfile=  ./RESULTS/libRad_v01_disort_1D_SWIA_solar_10746D_Beitostølen_TOA.nc 
    OrbitID    =  10746D 
    Specs      =  TOA 
    Across-track index : 151
    Along-track index  : 807
    Overpass time (UTC): 2026-04-19 14:11
=================================================================================================================
Extracted data from ./RESULTS/libRad_v01_disort_1D_SWIA_solar_10746D_Beitostølen_TOA.nc:

 |------------------------|
 |     data  =  442.0     |
 |------------------------|
 |    BMAFLX =  526.2     |
 |------------------------|


     Skipping 11135D. Do not find product BMA_FLX



=================================================================================================================
    Productfile=  ./RESULTS/libRad_v01_disort_1D_SWIA_solar_11384D_Beitostølen_TOA.nc 
    OrbitID    =  11384D 
    Specs      =  TOA 
    Across-track index : 151
    Along-track index  : 795
    Overpass time (UTC): 2026-05-30 14:15
=================================================================================================================
Extracted data from ./RESULTS/libRad_v01_disort_1D_SWIA_solar_11384D_Beitostølen_TOA.nc:

 |------------------------|
 |     data  =  474.8     |
 |------------------------|
 |    BMAFLX =  439.6     |
 |------------------------|


     Skipping 11524D. Do not find product BMA_FLX

     Skipping 11773D. Do not find product BMA_FLX

     Skipping 11913D. Do not find product BMA_FLX



=================================================================================================================
    Productfile=  ./RESULTS/libRad_v01_disort_1D_SWIA_solar_12162D_Beitostølen_TOA.nc 
    OrbitID    =  12162D 
    Specs      =  TOA 
    Across-track index : 151
    Along-track index  : 795
    Overpass time (UTC): 2026-07-19 14:16
=================================================================================================================
Extracted data from ./RESULTS/libRad_v01_disort_1D_SWIA_solar_12162D_Beitostølen_TOA.nc:

 |------------------------|
 |     data  =  126.5     |
 |------------------------|
 |    BMAFLX =  133.2     |
 |------------------------|


     Skipping 12231B. Do not find product BMA_FLX

     Skipping 12302D. Do not find product BMA_FLX



=================================================================================================================
    Productfile=  ./RESULTS/libRad_v01_disort_1D_SWIA_solar_12551D_Beitostølen_TOA.nc 
    OrbitID    =  12551D 
    Specs      =  TOA 
    Across-track index : 151
    Along-track index  : 796
    Overpass time (UTC): 2026-08-13 14:16
=================================================================================================================
Extracted data from ./RESULTS/libRad_v01_disort_1D_SWIA_solar_12551D_Beitostølen_TOA.nc:

 |------------------------|
 |     data  =  401.2     |
 |------------------------|
 |    BMAFLX =  380.7     |
 |------------------------|




=================================================================================================================
    Productfile=  ./RESULTS/libRad_v01_disort_1D_SWIA_solar_00959D_Værnes_TOA.nc 
    OrbitID    =  00959D 
    Specs      =  TOA 
    Across-track index : 151
    Along-track index  : 557
    Overpass time (UTC): 2024-07-29 14:15
=================================================================================================================
Extracted data from ./RESULTS/libRad_v01_disort_1D_SWIA_solar_00959D_Værnes_TOA.nc:

 |------------------------|
 |     data  =  368.0     |
 |------------------------|
 |    BMAFLX =  372.2     |
 |------------------------|




=================================================================================================================
    Productfile=  ./RESULTS/libRad_v01_disort_1D_SWIA_solar_01270D_Værnes_TOA.nc 
    OrbitID    =  01270D 
    Specs      =  TOA 
    Across-track index : 151
    Along-track index  : 549
    Overpass time (UTC): 2024-08-18 14:16
=================================================================================================================
Extracted data from ./RESULTS/libRad_v01_disort_1D_SWIA_solar_01270D_Værnes_TOA.nc:

 |------------------------|
 |     data  =  508.5     |
 |------------------------|
 |    BMAFLX =  461.8     |
 |------------------------|




=================================================================================================================
    Productfile=  ./RESULTS/libRad_v01_disort_1D_SWIA_solar_01370B_Værnes_TOA.nc 
    OrbitID    =  01370B 
    Specs      =  TOA 
    Across-track index : 151
    Along-track index  : 4596
    Overpass time (UTC): 2024-08-25 00:19
=================================================================================================================
Extracted data from ./RESULTS/libRad_v01_disort_1D_SWIA_solar_01370B_Værnes_TOA.nc:

 |------------------------|
 |     data  =    nan     |
 |------------------------|
 |    BMAFLX =    nan     |
 |------------------------|




=================================================================================================================
    Productfile=  ./RESULTS/libRad_v01_disort_1D_SWIA_solar_01410D_Værnes_TOA.nc 
    OrbitID    =  01410D 
    Specs      =  TOA 
    Across-track index : 151
    Along-track index  : 554
    Overpass time (UTC): 2024-08-27 14:15
=================================================================================================================
Extracted data from ./RESULTS/libRad_v01_disort_1D_SWIA_solar_01410D_Værnes_TOA.nc:

 |------------------------|
 |     data  =  208.9     |
 |------------------------|
 |    BMAFLX =  206.6     |
 |------------------------|




=================================================================================================================
    Productfile=  ./RESULTS/libRad_v01_disort_1D_SWIA_solar_01619B_Værnes_TOA.nc 
    OrbitID    =  01619B 
    Specs      =  TOA 
    Across-track index : 151
    Along-track index  : 4582
    Overpass time (UTC): 2024-09-10 00:22
=================================================================================================================
Extracted data from ./RESULTS/libRad_v01_disort_1D_SWIA_solar_01619B_Værnes_TOA.nc:

 |------------------------|
 |     data  =    nan     |
 |------------------------|
 |    BMAFLX =    nan     |
 |------------------------|




=================================================================================================================
    Productfile=  ./RESULTS/libRad_v01_disort_1D_SWIA_solar_01759B_Værnes_TOA.nc 
    OrbitID    =  01759B 
    Specs      =  TOA 
    Across-track index : 151
    Along-track index  : 4591
    Overpass time (UTC): 2024-09-19 00:19
=================================================================================================================
Extracted data from ./RESULTS/libRad_v01_disort_1D_SWIA_solar_01759B_Værnes_TOA.nc:

 |------------------------|
 |     data  =    nan     |
 |------------------------|
 |    BMAFLX =    nan     |
 |------------------------|




=================================================================================================================
    Productfile=  ./RESULTS/libRad_v01_disort_1D_SWIA_solar_01939D_Værnes_TOA.nc 
    OrbitID    =  01939D 
    Specs      =  TOA 
    Across-track index : 151
    Along-track index  : 561
    Overpass time (UTC): 2024-09-30 14:12
=================================================================================================================
Extracted data from ./RESULTS/libRad_v01_disort_1D_SWIA_solar_01939D_Værnes_TOA.nc:

 |------------------------|
 |     data  =  214.1     |
 |------------------------|
 |    BMAFLX =  172.0     |
 |------------------------|




=================================================================================================================
    Productfile=  ./RESULTS/libRad_v01_disort_1D_SWIA_solar_02188D_Værnes_TOA.nc 
    OrbitID    =  02188D 
    Specs      =  TOA 
    Across-track index : 151
    Along-track index  : 552
    Overpass time (UTC): 2024-10-16 14:14
=================================================================================================================
Extracted data from ./RESULTS/libRad_v01_disort_1D_SWIA_solar_02188D_Værnes_TOA.nc:

 |------------------------|
 |     data  =   57.7     |
 |------------------------|
 |    BMAFLX =   60.3     |
 |------------------------|




=================================================================================================================
    Productfile=  ./RESULTS/libRad_v01_disort_1D_SWIA_solar_02537B_Værnes_TOA.nc 
    OrbitID    =  02537B 
    Specs      =  TOA 
    Across-track index : 151
    Along-track index  : 4589
    Overpass time (UTC): 2024-11-08 00:19
=================================================================================================================
Extracted data from ./RESULTS/libRad_v01_disort_1D_SWIA_solar_02537B_Værnes_TOA.nc:

 |------------------------|
 |     data  =    nan     |
 |------------------------|
 |    BMAFLX =    nan     |
 |------------------------|




=================================================================================================================
    Productfile=  ./RESULTS/libRad_v01_disort_1D_SWIA_solar_02577D_Værnes_TOA.nc 
    OrbitID    =  02577D 
    Specs      =  TOA 
    Across-track index : 151
    Along-track index  : 551
    Overpass time (UTC): 2024-11-10 14:14
=================================================================================================================
Extracted data from ./RESULTS/libRad_v01_disort_1D_SWIA_solar_02577D_Værnes_TOA.nc:

 |------------------------|
 |     data  =    9.2     |
 |------------------------|
 |    BMAFLX =    nan     |
 |------------------------|




=================================================================================================================
    Productfile=  ./RESULTS/libRad_v01_disort_1D_SWIA_solar_02717D_Værnes_TOA.nc 
    OrbitID    =  02717D 
    Specs      =  TOA 
    Across-track index : 151
    Along-track index  : 561
    Overpass time (UTC): 2024-11-19 14:11
=================================================================================================================
Extracted data from ./RESULTS/libRad_v01_disort_1D_SWIA_solar_02717D_Værnes_TOA.nc:

 |------------------------|
 |     data  =    nan     |
 |------------------------|
 |    BMAFLX =    nan     |
 |------------------------|




=================================================================================================================
    Productfile=  ./RESULTS/libRad_v01_disort_1D_SWIA_solar_02926B_Værnes_TOA.nc 
    OrbitID    =  02926B 
    Specs      =  TOA 
    Across-track index : 151
    Along-track index  : 4588
    Overpass time (UTC): 2024-12-03 00:18
=================================================================================================================
Extracted data from ./RESULTS/libRad_v01_disort_1D_SWIA_solar_02926B_Værnes_TOA.nc:

 |------------------------|
 |     data  =    nan     |
 |------------------------|
 |    BMAFLX =    nan     |
 |------------------------|




=================================================================================================================
    Productfile=  ./RESULTS/libRad_v01_disort_1D_SWIA_solar_02966D_Værnes_TOA.nc 
    OrbitID    =  02966D 
    Specs      =  TOA 
    Across-track index : 151
    Along-track index  : 552
    Overpass time (UTC): 2024-12-05 14:13
=================================================================================================================
Extracted data from ./RESULTS/libRad_v01_disort_1D_SWIA_solar_02966D_Værnes_TOA.nc:

 |------------------------|
 |     data  =    nan     |
 |------------------------|
 |    BMAFLX =    nan     |
 |------------------------|




=================================================================================================================
    Productfile=  ./RESULTS/libRad_v01_disort_1D_SWIA_solar_03315B_Værnes_TOA.nc 
    OrbitID    =  03315B 
    Specs      =  TOA 
    Across-track index : 151
    Along-track index  : 4586
    Overpass time (UTC): 2024-12-28 00:18
=================================================================================================================
Extracted data from ./RESULTS/libRad_v01_disort_1D_SWIA_solar_03315B_Værnes_TOA.nc:

 |------------------------|
 |     data  =    nan     |
 |------------------------|
 |    BMAFLX =    nan     |
 |------------------------|




=================================================================================================================
    Productfile=  ./RESULTS/libRad_v01_disort_1D_SWIA_solar_03744D_Værnes_TOA.nc 
    OrbitID    =  03744D 
    Specs      =  TOA 
    Across-track index : 151
    Along-track index  : 551
    Overpass time (UTC): 2025-01-24 14:13
=================================================================================================================
Extracted data from ./RESULTS/libRad_v01_disort_1D_SWIA_solar_03744D_Værnes_TOA.nc:

 |------------------------|
 |     data  =   15.7     |
 |------------------------|
 |    BMAFLX =    nan     |
 |------------------------|




=================================================================================================================
    Productfile=  ./RESULTS/libRad_v01_disort_1D_SWIA_solar_04093B_Værnes_TOA.nc 
    OrbitID    =  04093B 
    Specs      =  TOA 
    Across-track index : 151
    Along-track index  : 4587
    Overpass time (UTC): 2025-02-16 00:17
=================================================================================================================
Extracted data from ./RESULTS/libRad_v01_disort_1D_SWIA_solar_04093B_Værnes_TOA.nc:

 |------------------------|
 |     data  =    nan     |
 |------------------------|
 |    BMAFLX =    nan     |
 |------------------------|




=================================================================================================================
    Productfile=  ./RESULTS/libRad_v01_disort_1D_SWIA_solar_04133D_Værnes_TOA.nc 
    OrbitID    =  04133D 
    Specs      =  TOA 
    Across-track index : 151
    Along-track index  : 551
    Overpass time (UTC): 2025-02-18 14:12
=================================================================================================================
Extracted data from ./RESULTS/libRad_v01_disort_1D_SWIA_solar_04133D_Værnes_TOA.nc:

 |------------------------|
 |     data  =  135.7     |
 |------------------------|
 |    BMAFLX =  115.9     |
 |------------------------|




=================================================================================================================
    Productfile=  ./RESULTS/libRad_v01_disort_1D_SWIA_solar_04522D_Værnes_TOA.nc 
    OrbitID    =  04522D 
    Specs      =  TOA 
    Across-track index : 151
    Along-track index  : 551
    Overpass time (UTC): 2025-03-15 14:12
=================================================================================================================
Extracted data from ./RESULTS/libRad_v01_disort_1D_SWIA_solar_04522D_Værnes_TOA.nc:

 |------------------------|
 |     data  =  284.7     |
 |------------------------|
 |    BMAFLX =  256.5     |
 |------------------------|




=================================================================================================================
    Productfile=  ./RESULTS/libRad_v01_disort_1D_SWIA_solar_05260B_Værnes_TOA.nc 
    OrbitID    =  05260B 
    Specs      =  TOA 
    Across-track index : 151
    Along-track index  : 4589
    Overpass time (UTC): 2025-05-02 00:16
=================================================================================================================
Extracted data from ./RESULTS/libRad_v01_disort_1D_SWIA_solar_05260B_Værnes_TOA.nc:

 |------------------------|
 |     data  =    nan     |
 |------------------------|
 |    BMAFLX =    nan     |
 |------------------------|




=================================================================================================================
    Productfile=  ./RESULTS/libRad_v01_disort_1D_SWIA_solar_05300D_Værnes_TOA.nc 
    OrbitID    =  05300D 
    Specs      =  TOA 
    Across-track index : 151
    Along-track index  : 552
    Overpass time (UTC): 2025-05-04 14:11
=================================================================================================================
Extracted data from ./RESULTS/libRad_v01_disort_1D_SWIA_solar_05300D_Værnes_TOA.nc:

 |------------------------|
 |     data  =  390.0     |
 |------------------------|
 |    BMAFLX =  385.3     |
 |------------------------|




=================================================================================================================
    Productfile=  ./RESULTS/libRad_v01_disort_1D_SWIA_solar_05649B_Værnes_TOA.nc 
    OrbitID    =  05649B 
    Specs      =  TOA 
    Across-track index : 151
    Along-track index  : 4588
    Overpass time (UTC): 2025-05-27 00:16
=================================================================================================================
Extracted data from ./RESULTS/libRad_v01_disort_1D_SWIA_solar_05649B_Værnes_TOA.nc:

 |------------------------|
 |     data  =    nan     |
 |------------------------|
 |    BMAFLX =    nan     |
 |------------------------|




=================================================================================================================
    Productfile=  ./RESULTS/libRad_v01_disort_1D_SWIA_solar_05689D_Værnes_TOA.nc 
    OrbitID    =  05689D 
    Specs      =  TOA 
    Across-track index : 151
    Along-track index  : 551
    Overpass time (UTC): 2025-05-29 14:11
=================================================================================================================
Extracted data from ./RESULTS/libRad_v01_disort_1D_SWIA_solar_05689D_Værnes_TOA.nc:

 |------------------------|
 |     data  =  169.2     |
 |------------------------|
 |    BMAFLX =  301.4     |
 |------------------------|




=================================================================================================================
    Productfile=  ./RESULTS/libRad_v01_disort_1D_SWIA_solar_06038B_Værnes_TOA.nc 
    OrbitID    =  06038B 
    Specs      =  TOA 
    Across-track index : 151
    Along-track index  : 4589
    Overpass time (UTC): 2025-06-21 00:15
=================================================================================================================
Extracted data from ./RESULTS/libRad_v01_disort_1D_SWIA_solar_06038B_Værnes_TOA.nc:

 |------------------------|
 |     data  =    nan     |
 |------------------------|
 |    BMAFLX =    nan     |
 |------------------------|




=================================================================================================================
    Productfile=  ./RESULTS/libRad_v01_disort_1D_SWIA_solar_06467D_Værnes_TOA.nc 
    OrbitID    =  06467D 
    Specs      =  TOA 
    Across-track index : 151
    Along-track index  : 552
    Overpass time (UTC): 2025-07-18 14:10
=================================================================================================================
Extracted data from ./RESULTS/libRad_v01_disort_1D_SWIA_solar_06467D_Værnes_TOA.nc:

 |------------------------|
 |     data  =   82.3     |
 |------------------------|
 |    BMAFLX =    nan     |
 |------------------------|




=================================================================================================================
    Productfile=  ./RESULTS/libRad_v01_disort_1D_SWIA_solar_06856D_Værnes_TOA.nc 
    OrbitID    =  06856D 
    Specs      =  TOA 
    Across-track index : 151
    Along-track index  : 553
    Overpass time (UTC): 2025-08-12 14:10
=================================================================================================================
Extracted data from ./RESULTS/libRad_v01_disort_1D_SWIA_solar_06856D_Værnes_TOA.nc:

 |------------------------|
 |     data  =   83.1     |
 |------------------------|
 |    BMAFLX =   96.5     |
 |------------------------|




=================================================================================================================
    Productfile=  ./RESULTS/libRad_v01_disort_1D_SWIA_solar_07245D_Værnes_TOA.nc 
    OrbitID    =  07245D 
    Specs      =  TOA 
    Across-track index : 151
    Along-track index  : 552
    Overpass time (UTC): 2025-09-06 14:10
=================================================================================================================
Extracted data from ./RESULTS/libRad_v01_disort_1D_SWIA_solar_07245D_Værnes_TOA.nc:

 |------------------------|
 |     data  =  288.6     |
 |------------------------|
 |    BMAFLX =  262.3     |
 |------------------------|




=================================================================================================================
    Productfile=  ./RESULTS/libRad_v01_disort_1D_SWIA_solar_07634D_Værnes_TOA.nc 
    OrbitID    =  07634D 
    Specs      =  TOA 
    Across-track index : 151
    Along-track index  : 553
    Overpass time (UTC): 2025-10-01 14:10
=================================================================================================================
Extracted data from ./RESULTS/libRad_v01_disort_1D_SWIA_solar_07634D_Værnes_TOA.nc:

 |------------------------|
 |     data  =   73.5     |
 |------------------------|
 |    BMAFLX =    nan     |
 |------------------------|


     Skipping 08412D. Do not find product BMA_FLX

     Skipping 08801D. Do not find product BMA_FLX



=================================================================================================================
    Productfile=  ./RESULTS/libRad_v01_disort_1D_SWIA_solar_09190D_Værnes_TOA.nc 
    OrbitID    =  09190D 
    Specs      =  TOA 
    Across-track index : 151
    Along-track index  : 553
    Overpass time (UTC): 2026-01-09 14:10
=================================================================================================================
Extracted data from ./RESULTS/libRad_v01_disort_1D_SWIA_solar_09190D_Værnes_TOA.nc:

 |------------------------|
 |     data  =    nan     |
 |------------------------|
 |    BMAFLX =    nan     |
 |------------------------|


     Skipping 09579D. Do not find product BMA_FLX

     Skipping 09968D. Do not find product BMA_FLX

     Skipping 10357D. Do not find product BMA_FLX



=================================================================================================================
    Productfile=  ./RESULTS/libRad_v01_disort_1D_SWIA_solar_10746D_Værnes_TOA.nc 
    OrbitID    =  10746D 
    Specs      =  TOA 
    Across-track index : 151
    Along-track index  : 552
    Overpass time (UTC): 2026-04-19 14:11
=================================================================================================================
Extracted data from ./RESULTS/libRad_v01_disort_1D_SWIA_solar_10746D_Værnes_TOA.nc:

 |------------------------|
 |     data  =   78.1     |
 |------------------------|
 |    BMAFLX =    nan     |
 |------------------------|


     Skipping 11135D. Do not find product BMA_FLX

     Skipping 11524D. Do not find product BMA_FLX

     Skipping 11913D. Do not find product BMA_FLX

     Skipping 12302D. Do not find product BMA_FLX



=================================================================================================================
    Productfile=  ./RESULTS/libRad_v01_disort_1D_SWIA_solar_01028B_Østerås_TOA.nc 
    OrbitID    =  01028B 
    Specs      =  TOA 
    Across-track index : 151
    Along-track index  : 4193
    Overpass time (UTC): 2024-08-03 00:32
=================================================================================================================
Extracted data from ./RESULTS/libRad_v01_disort_1D_SWIA_solar_01028B_Østerås_TOA.nc:

 |------------------------|
 |     data  =    nan     |
 |------------------------|
 |    BMAFLX =    nan     |
 |------------------------|




=================================================================================================================
    Productfile=  ./RESULTS/libRad_v01_disort_1D_SWIA_solar_01199B_Østerås_TOA.nc 
    OrbitID    =  01199B 
    Specs      =  TOA 
    Across-track index : 151
    Along-track index  : 4205
    Overpass time (UTC): 2024-08-14 00:29
=================================================================================================================
Extracted data from ./RESULTS/libRad_v01_disort_1D_SWIA_solar_01199B_Østerås_TOA.nc:

 |------------------------|
 |     data  =    nan     |
 |------------------------|
 |    BMAFLX =    nan     |
 |------------------------|




=================================================================================================================
    Productfile=  ./RESULTS/libRad_v01_disort_1D_SWIA_solar_01301D_Østerås_TOA.nc 
    OrbitID    =  01301D 
    Specs      =  TOA 
    Across-track index : 151
    Along-track index  : 952
    Overpass time (UTC): 2024-08-20 14:07
=================================================================================================================
Extracted data from ./RESULTS/libRad_v01_disort_1D_SWIA_solar_01301D_Østerås_TOA.nc:

 |------------------------|
 |     data  =  464.4     |
 |------------------------|
 |    BMAFLX =  504.8     |
 |------------------------|




=================================================================================================================
    Productfile=  ./RESULTS/libRad_v01_disort_1D_SWIA_solar_01339B_Østerås_TOA.nc 
    OrbitID    =  01339B 
    Specs      =  TOA 
    Across-track index : 151
    Along-track index  : 4202
    Overpass time (UTC): 2024-08-23 00:29
=================================================================================================================
Extracted data from ./RESULTS/libRad_v01_disort_1D_SWIA_solar_01339B_Østerås_TOA.nc:

 |------------------------|
 |     data  =    nan     |
 |------------------------|
 |    BMAFLX =    nan     |
 |------------------------|




=================================================================================================================
    Productfile=  ./RESULTS/libRad_v01_disort_1D_SWIA_solar_01690D_Østerås_TOA.nc 
    OrbitID    =  01690D 
    Specs      =  TOA 
    Across-track index : 151
    Along-track index  : 949
    Overpass time (UTC): 2024-09-14 14:07
=================================================================================================================
Extracted data from ./RESULTS/libRad_v01_disort_1D_SWIA_solar_01690D_Østerås_TOA.nc:

 |------------------------|
 |     data  =  110.4     |
 |------------------------|
 |    BMAFLX =    nan     |
 |------------------------|




=================================================================================================================
    Productfile=  ./RESULTS/libRad_v01_disort_1D_SWIA_solar_01728B_Østerås_TOA.nc 
    OrbitID    =  01728B 
    Specs      =  TOA 
    Across-track index : 151
    Along-track index  : 4196
    Overpass time (UTC): 2024-09-17 00:29
=================================================================================================================
Extracted data from ./RESULTS/libRad_v01_disort_1D_SWIA_solar_01728B_Østerås_TOA.nc:

 |------------------------|
 |     data  =    nan     |
 |------------------------|
 |    BMAFLX =    nan     |
 |------------------------|




=================================================================================================================
    Productfile=  ./RESULTS/libRad_v01_disort_1D_SWIA_solar_02079D_Østerås_TOA.nc 
    OrbitID    =  02079D 
    Specs      =  TOA 
    Across-track index : 151
    Along-track index  : 946
    Overpass time (UTC): 2024-10-09 14:07
=================================================================================================================
Extracted data from ./RESULTS/libRad_v01_disort_1D_SWIA_solar_02079D_Østerås_TOA.nc:

 |------------------------|
 |     data  =  190.8     |
 |------------------------|
 |    BMAFLX =    nan     |
 |------------------------|




=================================================================================================================
    Productfile=  ./RESULTS/libRad_v01_disort_1D_SWIA_solar_02468D_Østerås_TOA.nc 
    OrbitID    =  02468D 
    Specs      =  TOA 
    Across-track index : 151
    Along-track index  : 944
    Overpass time (UTC): 2024-11-03 14:08
=================================================================================================================
Extracted data from ./RESULTS/libRad_v01_disort_1D_SWIA_solar_02468D_Østerås_TOA.nc:

 |------------------------|
 |     data  =   79.0     |
 |------------------------|
 |    BMAFLX =   69.4     |
 |------------------------|




=================================================================================================================
    Productfile=  ./RESULTS/libRad_v01_disort_1D_SWIA_solar_02506B_Østerås_TOA.nc 
    OrbitID    =  02506B 
    Specs      =  TOA 
    Across-track index : 151
    Along-track index  : 4193
    Overpass time (UTC): 2024-11-06 00:29
=================================================================================================================
Extracted data from ./RESULTS/libRad_v01_disort_1D_SWIA_solar_02506B_Østerås_TOA.nc:

 |------------------------|
 |     data  =    nan     |
 |------------------------|
 |    BMAFLX =    nan     |
 |------------------------|




=================================================================================================================
    Productfile=  ./RESULTS/libRad_v01_disort_1D_SWIA_solar_02895B_Østerås_TOA.nc 
    OrbitID    =  02895B 
    Specs      =  TOA 
    Across-track index : 151
    Along-track index  : 4191
    Overpass time (UTC): 2024-12-01 00:29
=================================================================================================================
Extracted data from ./RESULTS/libRad_v01_disort_1D_SWIA_solar_02895B_Østerås_TOA.nc:

 |------------------------|
 |     data  =    nan     |
 |------------------------|
 |    BMAFLX =    nan     |
 |------------------------|




=================================================================================================================
    Productfile=  ./RESULTS/libRad_v01_disort_1D_SWIA_solar_03246D_Østerås_TOA.nc 
    OrbitID    =  03246D 
    Specs      =  TOA 
    Across-track index : 151
    Along-track index  : 943
    Overpass time (UTC): 2024-12-23 14:07
=================================================================================================================
Extracted data from ./RESULTS/libRad_v01_disort_1D_SWIA_solar_03246D_Østerås_TOA.nc:

 |------------------------|
 |     data  =    nan     |
 |------------------------|
 |    BMAFLX =    nan     |
 |------------------------|




=================================================================================================================
    Productfile=  ./RESULTS/libRad_v01_disort_1D_SWIA_solar_03284B_Østerås_TOA.nc 
    OrbitID    =  03284B 
    Specs      =  TOA 
    Across-track index : 151
    Along-track index  : 4192
    Overpass time (UTC): 2024-12-26 00:28
=================================================================================================================
Extracted data from ./RESULTS/libRad_v01_disort_1D_SWIA_solar_03284B_Østerås_TOA.nc:

 |------------------------|
 |     data  =    nan     |
 |------------------------|
 |    BMAFLX =    nan     |
 |------------------------|




=================================================================================================================
    Productfile=  ./RESULTS/libRad_v01_disort_1D_SWIA_solar_03635D_Østerås_TOA.nc 
    OrbitID    =  03635D 
    Specs      =  TOA 
    Across-track index : 151
    Along-track index  : 943
    Overpass time (UTC): 2025-01-17 14:06
=================================================================================================================
Extracted data from ./RESULTS/libRad_v01_disort_1D_SWIA_solar_03635D_Østerås_TOA.nc:

 |------------------------|
 |     data  =   40.3     |
 |------------------------|
 |    BMAFLX =    nan     |
 |------------------------|




=================================================================================================================
    Productfile=  ./RESULTS/libRad_v01_disort_1D_SWIA_solar_03673B_Østerås_TOA.nc 
    OrbitID    =  03673B 
    Specs      =  TOA 
    Across-track index : 151
    Along-track index  : 4192
    Overpass time (UTC): 2025-01-20 00:28
=================================================================================================================
Extracted data from ./RESULTS/libRad_v01_disort_1D_SWIA_solar_03673B_Østerås_TOA.nc:

 |------------------------|
 |     data  =    nan     |
 |------------------------|
 |    BMAFLX =    nan     |
 |------------------------|




=================================================================================================================
    Productfile=  ./RESULTS/libRad_v01_disort_1D_SWIA_solar_04024D_Østerås_TOA.nc 
    OrbitID    =  04024D 
    Specs      =  TOA 
    Across-track index : 151
    Along-track index  : 943
    Overpass time (UTC): 2025-02-11 14:06
=================================================================================================================
Extracted data from ./RESULTS/libRad_v01_disort_1D_SWIA_solar_04024D_Østerås_TOA.nc:

 |------------------------|
 |     data  =  139.5     |
 |------------------------|
 |    BMAFLX =    nan     |
 |------------------------|




=================================================================================================================
    Productfile=  ./RESULTS/libRad_v01_disort_1D_SWIA_solar_04062B_Østerås_TOA.nc 
    OrbitID    =  04062B 
    Specs      =  TOA 
    Across-track index : 151
    Along-track index  : 4191
    Overpass time (UTC): 2025-02-14 00:28
=================================================================================================================
Extracted data from ./RESULTS/libRad_v01_disort_1D_SWIA_solar_04062B_Østerås_TOA.nc:

 |------------------------|
 |     data  =    nan     |
 |------------------------|
 |    BMAFLX =    nan     |
 |------------------------|




=================================================================================================================
    Productfile=  ./RESULTS/libRad_v01_disort_1D_SWIA_solar_04840B_Østerås_TOA.nc 
    OrbitID    =  04840B 
    Specs      =  TOA 
    Across-track index : 151
    Along-track index  : 4192
    Overpass time (UTC): 2025-04-05 00:26
=================================================================================================================
Extracted data from ./RESULTS/libRad_v01_disort_1D_SWIA_solar_04840B_Østerås_TOA.nc:

 |------------------------|
 |     data  =    nan     |
 |------------------------|
 |    BMAFLX =    nan     |
 |------------------------|




=================================================================================================================
    Productfile=  ./RESULTS/libRad_v01_disort_1D_SWIA_solar_05580D_Østerås_TOA.nc 
    OrbitID    =  05580D 
    Specs      =  TOA 
    Across-track index : 151
    Along-track index  : 943
    Overpass time (UTC): 2025-05-22 14:04
=================================================================================================================
Extracted data from ./RESULTS/libRad_v01_disort_1D_SWIA_solar_05580D_Østerås_TOA.nc:

 |------------------------|
 |     data  =  124.2     |
 |------------------------|
 |    BMAFLX =  243.8     |
 |------------------------|




=================================================================================================================
    Productfile=  ./RESULTS/libRad_v01_disort_1D_SWIA_solar_05618B_Østerås_TOA.nc 
    OrbitID    =  05618B 
    Specs      =  TOA 
    Across-track index : 151
    Along-track index  : 4192
    Overpass time (UTC): 2025-05-25 00:26
=================================================================================================================
Extracted data from ./RESULTS/libRad_v01_disort_1D_SWIA_solar_05618B_Østerås_TOA.nc:

 |------------------------|
 |     data  =    nan     |
 |------------------------|
 |    BMAFLX =    nan     |
 |------------------------|




=================================================================================================================
    Productfile=  ./RESULTS/libRad_v01_disort_1D_SWIA_solar_05969D_Østerås_TOA.nc 
    OrbitID    =  05969D 
    Specs      =  TOA 
    Across-track index : 151
    Along-track index  : 944
    Overpass time (UTC): 2025-06-16 14:04
=================================================================================================================
Extracted data from ./RESULTS/libRad_v01_disort_1D_SWIA_solar_05969D_Østerås_TOA.nc:

 |------------------------|
 |     data  =  173.7     |
 |------------------------|
 |    BMAFLX =  230.5     |
 |------------------------|




=================================================================================================================
    Productfile=  ./RESULTS/libRad_v01_disort_1D_SWIA_solar_06007B_Østerås_TOA.nc 
    OrbitID    =  06007B 
    Specs      =  TOA 
    Across-track index : 151
    Along-track index  : 4193
    Overpass time (UTC): 2025-06-19 00:26
=================================================================================================================
Extracted data from ./RESULTS/libRad_v01_disort_1D_SWIA_solar_06007B_Østerås_TOA.nc:

 |------------------------|
 |     data  =    nan     |
 |------------------------|
 |    BMAFLX =    nan     |
 |------------------------|




=================================================================================================================
    Productfile=  ./RESULTS/libRad_v01_disort_1D_SWIA_solar_06358D_Østerås_TOA.nc 
    OrbitID    =  06358D 
    Specs      =  TOA 
    Across-track index : 151
    Along-track index  : 945
    Overpass time (UTC): 2025-07-11 14:04
=================================================================================================================
Extracted data from ./RESULTS/libRad_v01_disort_1D_SWIA_solar_06358D_Østerås_TOA.nc:

 |------------------------|
 |     data  =  246.5     |
 |------------------------|
 |    BMAFLX =  206.3     |
 |------------------------|




=================================================================================================================
    Productfile=  ./RESULTS/libRad_v01_disort_1D_SWIA_solar_06747D_Østerås_TOA.nc 
    OrbitID    =  06747D 
    Specs      =  TOA 
    Across-track index : 151
    Along-track index  : 946
    Overpass time (UTC): 2025-08-05 14:03
=================================================================================================================
Extracted data from ./RESULTS/libRad_v01_disort_1D_SWIA_solar_06747D_Østerås_TOA.nc:

 |------------------------|
 |     data  =  507.0     |
 |------------------------|
 |    BMAFLX =  402.6     |
 |------------------------|




=================================================================================================================
    Productfile=  ./RESULTS/libRad_v01_disort_1D_SWIA_solar_06785B_Østerås_TOA.nc 
    OrbitID    =  06785B 
    Specs      =  TOA 
    Across-track index : 151
    Along-track index  : 4193
    Overpass time (UTC): 2025-08-08 00:25
=================================================================================================================
Extracted data from ./RESULTS/libRad_v01_disort_1D_SWIA_solar_06785B_Østerås_TOA.nc:

 |------------------------|
 |     data  =    nan     |
 |------------------------|
 |    BMAFLX =    nan     |
 |------------------------|




=================================================================================================================
    Productfile=  ./RESULTS/libRad_v01_disort_1D_SWIA_solar_07136D_Østerås_TOA.nc 
    OrbitID    =  07136D 
    Specs      =  TOA 
    Across-track index : 151
    Along-track index  : 945
    Overpass time (UTC): 2025-08-30 14:03
=================================================================================================================
Extracted data from ./RESULTS/libRad_v01_disort_1D_SWIA_solar_07136D_Østerås_TOA.nc:

 |------------------------|
 |     data  =  151.8     |
 |------------------------|
 |    BMAFLX =  182.7     |
 |------------------------|




=================================================================================================================
    Productfile=  ./RESULTS/libRad_v01_disort_1D_SWIA_solar_07174B_Østerås_TOA.nc 
    OrbitID    =  07174B 
    Specs      =  TOA 
    Across-track index : 151
    Along-track index  : 4192
    Overpass time (UTC): 2025-09-02 00:25
=================================================================================================================
Extracted data from ./RESULTS/libRad_v01_disort_1D_SWIA_solar_07174B_Østerås_TOA.nc:

 |------------------------|
 |     data  =    nan     |
 |------------------------|
 |    BMAFLX =    nan     |
 |------------------------|




=================================================================================================================
    Productfile=  ./RESULTS/libRad_v01_disort_1D_SWIA_solar_07525D_Østerås_TOA.nc 
    OrbitID    =  07525D 
    Specs      =  TOA 
    Across-track index : 151
    Along-track index  : 945
    Overpass time (UTC): 2025-09-24 14:03
=================================================================================================================
Extracted data from ./RESULTS/libRad_v01_disort_1D_SWIA_solar_07525D_Østerås_TOA.nc:

 |------------------------|
 |     data  =   68.4     |
 |------------------------|
 |    BMAFLX =    nan     |
 |------------------------|




=================================================================================================================
    Productfile=  ./RESULTS/libRad_v01_disort_1D_SWIA_solar_07914D_Østerås_TOA.nc 
    OrbitID    =  07914D 
    Specs      =  TOA 
    Across-track index : 151
    Along-track index  : 943
    Overpass time (UTC): 2025-10-19 14:04
=================================================================================================================
Extracted data from ./RESULTS/libRad_v01_disort_1D_SWIA_solar_07914D_Østerås_TOA.nc:

 |------------------------|
 |     data  =   77.3     |
 |------------------------|
 |    BMAFLX =    nan     |
 |------------------------|




=================================================================================================================
    Productfile=  ./RESULTS/libRad_v01_disort_1D_SWIA_solar_08303D_Østerås_TOA.nc 
    OrbitID    =  08303D 
    Specs      =  TOA 
    Across-track index : 151
    Along-track index  : 944
    Overpass time (UTC): 2025-11-13 14:03
=================================================================================================================
Extracted data from ./RESULTS/libRad_v01_disort_1D_SWIA_solar_08303D_Østerås_TOA.nc:

 |------------------------|
 |     data  =   59.7     |
 |------------------------|
 |    BMAFLX =   58.7     |
 |------------------------|


     Skipping 08692D. Do not find product BMA_FLX

     Skipping 09081D. Do not find product BMA_FLX

     Skipping 09119B. Do not find product BMA_FLX

     Skipping 09470D. Do not find product BMA_FLX



=================================================================================================================
    Productfile=  ./RESULTS/libRad_v01_disort_1D_SWIA_solar_09859D_Østerås_TOA.nc 
    OrbitID    =  09859D 
    Specs      =  TOA 
    Across-track index : 151
    Along-track index  : 945
    Overpass time (UTC): 2026-02-21 14:04
=================================================================================================================
Extracted data from ./RESULTS/libRad_v01_disort_1D_SWIA_solar_09859D_Østerås_TOA.nc:

 |------------------------|
 |     data  =  141.5     |
 |------------------------|
 |    BMAFLX =    nan     |
 |------------------------|


     Skipping 10248D. Do not find product BMA_FLX

     Skipping 10637D. Do not find product BMA_FLX



=================================================================================================================
    Productfile=  ./RESULTS/libRad_v01_disort_1D_SWIA_solar_11415D_Østerås_TOA.nc 
    OrbitID    =  11415D 
    Specs      =  TOA 
    Across-track index : 151
    Along-track index  : 946
    Overpass time (UTC): 2026-06-01 14:04
=================================================================================================================
Extracted data from ./RESULTS/libRad_v01_disort_1D_SWIA_solar_11415D_Østerås_TOA.nc:

 |------------------------|
 |     data  =  430.8     |
 |------------------------|
 |    BMAFLX =  467.0     |
 |------------------------|


     Skipping 11453B. Do not find product BMA_FLX

     Skipping 11804D. Do not find product BMA_FLX

     Skipping 11842B. Do not find product BMA_FLX



=================================================================================================================
    Productfile=  ./RESULTS/libRad_v01_disort_1D_SWIA_solar_12193D_Østerås_TOA.nc 
    OrbitID    =  12193D 
    Specs      =  TOA 
    Across-track index : 151
    Along-track index  : 946
    Overpass time (UTC): 2026-07-21 14:05
=================================================================================================================
Extracted data from ./RESULTS/libRad_v01_disort_1D_SWIA_solar_12193D_Østerås_TOA.nc:

 |------------------------|
 |     data  =  315.2     |
 |------------------------|
 |    BMAFLX =  255.6     |
 |------------------------|


     Skipping 12231B. Do not find product BMA_FLX



=================================================================================================================
    Productfile=  ./RESULTS/libRad_v01_disort_1D_SWIA_solar_12582D_Østerås_TOA.nc 
    OrbitID    =  12582D 
    Specs      =  TOA 
    Across-track index : 151
    Along-track index  : 945
    Overpass time (UTC): 2026-08-15 14:06
=================================================================================================================
Extracted data from ./RESULTS/libRad_v01_disort_1D_SWIA_solar_12582D_Østerås_TOA.nc:

 |------------------------|
 |     data  =  264.5     |
 |------------------------|
 |    BMAFLX =  226.6     |
 |------------------------|




=================================================================================================================
    Productfile=  ./RESULTS/libRad_v01_disort_1D_SWIA_solar_00959D_Trondheim_TOA.nc 
    OrbitID    =  00959D 
    Specs      =  TOA 
    Across-track index : 151
    Along-track index  : 569
    Overpass time (UTC): 2024-07-29 14:15
=================================================================================================================
Extracted data from ./RESULTS/libRad_v01_disort_1D_SWIA_solar_00959D_Trondheim_TOA.nc:

 |------------------------|
 |     data  =  365.7     |
 |------------------------|
 |    BMAFLX =  359.7     |
 |------------------------|




=================================================================================================================
    Productfile=  ./RESULTS/libRad_v01_disort_1D_SWIA_solar_01059B_Trondheim_TOA.nc 
    OrbitID    =  01059B 
    Specs      =  TOA 
    Across-track index : 151
    Along-track index  : 4584
    Overpass time (UTC): 2024-08-05 00:25
=================================================================================================================
Extracted data from ./RESULTS/libRad_v01_disort_1D_SWIA_solar_01059B_Trondheim_TOA.nc:

 |------------------------|
 |     data  =    nan     |
 |------------------------|
 |    BMAFLX =    nan     |
 |------------------------|




=================================================================================================================
    Productfile=  ./RESULTS/libRad_v01_disort_1D_SWIA_solar_01270D_Trondheim_TOA.nc 
    OrbitID    =  01270D 
    Specs      =  TOA 
    Across-track index : 151
    Along-track index  : 561
    Overpass time (UTC): 2024-08-18 14:16
=================================================================================================================
Extracted data from ./RESULTS/libRad_v01_disort_1D_SWIA_solar_01270D_Trondheim_TOA.nc:

 |------------------------|
 |     data  =  498.3     |
 |------------------------|
 |    BMAFLX =  494.4     |
 |------------------------|




=================================================================================================================
    Productfile=  ./RESULTS/libRad_v01_disort_1D_SWIA_solar_01410D_Trondheim_TOA.nc 
    OrbitID    =  01410D 
    Specs      =  TOA 
    Across-track index : 151
    Along-track index  : 566
    Overpass time (UTC): 2024-08-27 14:15
=================================================================================================================
Extracted data from ./RESULTS/libRad_v01_disort_1D_SWIA_solar_01410D_Trondheim_TOA.nc:

 |------------------------|
 |     data  =  184.4     |
 |------------------------|
 |    BMAFLX =  120.0     |
 |------------------------|




=================================================================================================================
    Productfile=  ./RESULTS/libRad_v01_disort_1D_SWIA_solar_01619B_Trondheim_TOA.nc 
    OrbitID    =  01619B 
    Specs      =  TOA 
    Across-track index : 151
    Along-track index  : 4585
    Overpass time (UTC): 2024-09-10 00:22
=================================================================================================================
Extracted data from ./RESULTS/libRad_v01_disort_1D_SWIA_solar_01619B_Trondheim_TOA.nc:

 |------------------------|
 |     data  =    nan     |
 |------------------------|
 |    BMAFLX =    nan     |
 |------------------------|




=================================================================================================================
    Productfile=  ./RESULTS/libRad_v01_disort_1D_SWIA_solar_01659D_Trondheim_TOA.nc 
    OrbitID    =  01659D 
    Specs      =  TOA 
    Across-track index : 151
    Along-track index  : 557
    Overpass time (UTC): 2024-09-12 14:17
=================================================================================================================
Extracted data from ./RESULTS/libRad_v01_disort_1D_SWIA_solar_01659D_Trondheim_TOA.nc:

 |------------------------|
 |     data  =  344.0     |
 |------------------------|
 |    BMAFLX =  343.6     |
 |------------------------|




=================================================================================================================
    Productfile=  ./RESULTS/libRad_v01_disort_1D_SWIA_solar_02008B_Trondheim_TOA.nc 
    OrbitID    =  02008B 
    Specs      =  TOA 
    Across-track index : 151
    Along-track index  : 4574
    Overpass time (UTC): 2024-10-05 00:24
=================================================================================================================
Extracted data from ./RESULTS/libRad_v01_disort_1D_SWIA_solar_02008B_Trondheim_TOA.nc:

 |------------------------|
 |     data  =    nan     |
 |------------------------|
 |    BMAFLX =    nan     |
 |------------------------|




=================================================================================================================
    Productfile=  ./RESULTS/libRad_v01_disort_1D_SWIA_solar_02188D_Trondheim_TOA.nc 
    OrbitID    =  02188D 
    Specs      =  TOA 
    Across-track index : 151
    Along-track index  : 564
    Overpass time (UTC): 2024-10-16 14:14
=================================================================================================================
Extracted data from ./RESULTS/libRad_v01_disort_1D_SWIA_solar_02188D_Trondheim_TOA.nc:

 |------------------------|
 |     data  =   52.1     |
 |------------------------|
 |    BMAFLX =    nan     |
 |------------------------|




=================================================================================================================
    Productfile=  ./RESULTS/libRad_v01_disort_1D_SWIA_solar_02397B_Trondheim_TOA.nc 
    OrbitID    =  02397B 
    Specs      =  TOA 
    Across-track index : 151
    Along-track index  : 4581
    Overpass time (UTC): 2024-10-30 00:22
=================================================================================================================
Extracted data from ./RESULTS/libRad_v01_disort_1D_SWIA_solar_02397B_Trondheim_TOA.nc:

 |------------------------|
 |     data  =    nan     |
 |------------------------|
 |    BMAFLX =    nan     |
 |------------------------|




=================================================================================================================
    Productfile=  ./RESULTS/libRad_v01_disort_1D_SWIA_solar_02537B_Trondheim_TOA.nc 
    OrbitID    =  02537B 
    Specs      =  TOA 
    Across-track index : 151
    Along-track index  : 4592
    Overpass time (UTC): 2024-11-08 00:19
=================================================================================================================
Extracted data from ./RESULTS/libRad_v01_disort_1D_SWIA_solar_02537B_Trondheim_TOA.nc:

 |------------------------|
 |     data  =    nan     |
 |------------------------|
 |    BMAFLX =    nan     |
 |------------------------|




=================================================================================================================
    Productfile=  ./RESULTS/libRad_v01_disort_1D_SWIA_solar_02577D_Trondheim_TOA.nc 
    OrbitID    =  02577D 
    Specs      =  TOA 
    Across-track index : 151
    Along-track index  : 563
    Overpass time (UTC): 2024-11-10 14:14
=================================================================================================================
Extracted data from ./RESULTS/libRad_v01_disort_1D_SWIA_solar_02577D_Trondheim_TOA.nc:

 |------------------------|
 |     data  =    9.6     |
 |------------------------|
 |    BMAFLX =    nan     |
 |------------------------|




=================================================================================================================
    Productfile=  ./RESULTS/libRad_v01_disort_1D_SWIA_solar_02786B_Trondheim_TOA.nc 
    OrbitID    =  02786B 
    Specs      =  TOA 
    Across-track index : 151
    Along-track index  : 4575
    Overpass time (UTC): 2024-11-24 00:23
=================================================================================================================
Extracted data from ./RESULTS/libRad_v01_disort_1D_SWIA_solar_02786B_Trondheim_TOA.nc:

 |------------------------|
 |     data  =    nan     |
 |------------------------|
 |    BMAFLX =    nan     |
 |------------------------|




=================================================================================================================
    Productfile=  ./RESULTS/libRad_v01_disort_1D_SWIA_solar_02926B_Trondheim_TOA.nc 
    OrbitID    =  02926B 
    Specs      =  TOA 
    Across-track index : 151
    Along-track index  : 4591
    Overpass time (UTC): 2024-12-03 00:18
=================================================================================================================
Extracted data from ./RESULTS/libRad_v01_disort_1D_SWIA_solar_02926B_Trondheim_TOA.nc:

 |------------------------|
 |     data  =    nan     |
 |------------------------|
 |    BMAFLX =    nan     |
 |------------------------|




=================================================================================================================
    Productfile=  ./RESULTS/libRad_v01_disort_1D_SWIA_solar_02966D_Trondheim_TOA.nc 
    OrbitID    =  02966D 
    Specs      =  TOA 
    Across-track index : 151
    Along-track index  : 564
    Overpass time (UTC): 2024-12-05 14:13
=================================================================================================================
Extracted data from ./RESULTS/libRad_v01_disort_1D_SWIA_solar_02966D_Trondheim_TOA.nc:

 |------------------------|
 |     data  =    nan     |
 |------------------------|
 |    BMAFLX =    nan     |
 |------------------------|




=================================================================================================================
    Productfile=  ./RESULTS/libRad_v01_disort_1D_SWIA_solar_03315B_Trondheim_TOA.nc 
    OrbitID    =  03315B 
    Specs      =  TOA 
    Across-track index : 151
    Along-track index  : 4590
    Overpass time (UTC): 2024-12-28 00:18
=================================================================================================================
Extracted data from ./RESULTS/libRad_v01_disort_1D_SWIA_solar_03315B_Trondheim_TOA.nc:

 |------------------------|
 |     data  =    nan     |
 |------------------------|
 |    BMAFLX =    nan     |
 |------------------------|




=================================================================================================================
    Productfile=  ./RESULTS/libRad_v01_disort_1D_SWIA_solar_03564B_Trondheim_TOA.nc 
    OrbitID    =  03564B 
    Specs      =  TOA 
    Across-track index : 151
    Along-track index  : 4577
    Overpass time (UTC): 2025-01-13 00:21
=================================================================================================================
Extracted data from ./RESULTS/libRad_v01_disort_1D_SWIA_solar_03564B_Trondheim_TOA.nc:

 |------------------------|
 |     data  =    nan     |
 |------------------------|
 |    BMAFLX =    nan     |
 |------------------------|




=================================================================================================================
    Productfile=  ./RESULTS/libRad_v01_disort_1D_SWIA_solar_03744D_Trondheim_TOA.nc 
    OrbitID    =  03744D 
    Specs      =  TOA 
    Across-track index : 151
    Along-track index  : 563
    Overpass time (UTC): 2025-01-24 14:13
=================================================================================================================
Extracted data from ./RESULTS/libRad_v01_disort_1D_SWIA_solar_03744D_Trondheim_TOA.nc:

 |------------------------|
 |     data  =    9.2     |
 |------------------------|
 |    BMAFLX =    nan     |
 |------------------------|




=================================================================================================================
    Productfile=  ./RESULTS/libRad_v01_disort_1D_SWIA_solar_03953B_Trondheim_TOA.nc 
    OrbitID    =  03953B 
    Specs      =  TOA 
    Across-track index : 151
    Along-track index  : 4578
    Overpass time (UTC): 2025-02-07 00:21
=================================================================================================================
Extracted data from ./RESULTS/libRad_v01_disort_1D_SWIA_solar_03953B_Trondheim_TOA.nc:

 |------------------------|
 |     data  =    nan     |
 |------------------------|
 |    BMAFLX =    nan     |
 |------------------------|




=================================================================================================================
    Productfile=  ./RESULTS/libRad_v01_disort_1D_SWIA_solar_04093B_Trondheim_TOA.nc 
    OrbitID    =  04093B 
    Specs      =  TOA 
    Across-track index : 151
    Along-track index  : 4590
    Overpass time (UTC): 2025-02-16 00:17
=================================================================================================================
Extracted data from ./RESULTS/libRad_v01_disort_1D_SWIA_solar_04093B_Trondheim_TOA.nc:

 |------------------------|
 |     data  =    nan     |
 |------------------------|
 |    BMAFLX =    nan     |
 |------------------------|




=================================================================================================================
    Productfile=  ./RESULTS/libRad_v01_disort_1D_SWIA_solar_04133D_Trondheim_TOA.nc 
    OrbitID    =  04133D 
    Specs      =  TOA 
    Across-track index : 151
    Along-track index  : 564
    Overpass time (UTC): 2025-02-18 14:12
=================================================================================================================
Extracted data from ./RESULTS/libRad_v01_disort_1D_SWIA_solar_04133D_Trondheim_TOA.nc:

 |------------------------|
 |     data  =  133.5     |
 |------------------------|
 |    BMAFLX =    nan     |
 |------------------------|




=================================================================================================================
    Productfile=  ./RESULTS/libRad_v01_disort_1D_SWIA_solar_04522D_Trondheim_TOA.nc 
    OrbitID    =  04522D 
    Specs      =  TOA 
    Across-track index : 151
    Along-track index  : 563
    Overpass time (UTC): 2025-03-15 14:12
=================================================================================================================
Extracted data from ./RESULTS/libRad_v01_disort_1D_SWIA_solar_04522D_Trondheim_TOA.nc:

 |------------------------|
 |     data  =  275.0     |
 |------------------------|
 |    BMAFLX =  302.7     |
 |------------------------|




=================================================================================================================
    Productfile=  ./RESULTS/libRad_v01_disort_1D_SWIA_solar_04771D_Trondheim_TOA.nc 
    OrbitID    =  04771D 
    Specs      =  TOA 
    Across-track index : 151
    Along-track index  : 551
    Overpass time (UTC): 2025-03-31 14:15
=================================================================================================================
Extracted data from ./RESULTS/libRad_v01_disort_1D_SWIA_solar_04771D_Trondheim_TOA.nc:

 |------------------------|
 |     data  =  311.7     |
 |------------------------|
 |    BMAFLX =  314.6     |
 |------------------------|




=================================================================================================================
    Productfile=  ./RESULTS/libRad_v01_disort_1D_SWIA_solar_05260B_Trondheim_TOA.nc 
    OrbitID    =  05260B 
    Specs      =  TOA 
    Across-track index : 151
    Along-track index  : 4591
    Overpass time (UTC): 2025-05-02 00:16
=================================================================================================================
Extracted data from ./RESULTS/libRad_v01_disort_1D_SWIA_solar_05260B_Trondheim_TOA.nc:

 |------------------------|
 |     data  =    nan     |
 |------------------------|
 |    BMAFLX =    nan     |
 |------------------------|




=================================================================================================================
    Productfile=  ./RESULTS/libRad_v01_disort_1D_SWIA_solar_05300D_Trondheim_TOA.nc 
    OrbitID    =  05300D 
    Specs      =  TOA 
    Across-track index : 151
    Along-track index  : 564
    Overpass time (UTC): 2025-05-04 14:11
=================================================================================================================
Extracted data from ./RESULTS/libRad_v01_disort_1D_SWIA_solar_05300D_Trondheim_TOA.nc:

 |------------------------|
 |     data  =  493.7     |
 |------------------------|
 |    BMAFLX =  435.0     |
 |------------------------|




=================================================================================================================
    Productfile=  ./RESULTS/libRad_v01_disort_1D_SWIA_solar_05649B_Trondheim_TOA.nc 
    OrbitID    =  05649B 
    Specs      =  TOA 
    Across-track index : 151
    Along-track index  : 4591
    Overpass time (UTC): 2025-05-27 00:16
=================================================================================================================
Extracted data from ./RESULTS/libRad_v01_disort_1D_SWIA_solar_05649B_Trondheim_TOA.nc:

 |------------------------|
 |     data  =    nan     |
 |------------------------|
 |    BMAFLX =    nan     |
 |------------------------|




=================================================================================================================
    Productfile=  ./RESULTS/libRad_v01_disort_1D_SWIA_solar_05689D_Trondheim_TOA.nc 
    OrbitID    =  05689D 
    Specs      =  TOA 
    Across-track index : 151
    Along-track index  : 563
    Overpass time (UTC): 2025-05-29 14:11
=================================================================================================================
Extracted data from ./RESULTS/libRad_v01_disort_1D_SWIA_solar_05689D_Trondheim_TOA.nc:

 |------------------------|
 |     data  =  123.0     |
 |------------------------|
 |    BMAFLX =    nan     |
 |------------------------|




=================================================================================================================
    Productfile=  ./RESULTS/libRad_v01_disort_1D_SWIA_solar_05898B_Trondheim_TOA.nc 
    OrbitID    =  05898B 
    Specs      =  TOA 
    Across-track index : 151
    Along-track index  : 4578
    Overpass time (UTC): 2025-06-12 00:19
=================================================================================================================
Extracted data from ./RESULTS/libRad_v01_disort_1D_SWIA_solar_05898B_Trondheim_TOA.nc:

 |------------------------|
 |     data  =    nan     |
 |------------------------|
 |    BMAFLX =    nan     |
 |------------------------|




=================================================================================================================
    Productfile=  ./RESULTS/libRad_v01_disort_1D_SWIA_solar_06038B_Trondheim_TOA.nc 
    OrbitID    =  06038B 
    Specs      =  TOA 
    Across-track index : 151
    Along-track index  : 4592
    Overpass time (UTC): 2025-06-21 00:15
=================================================================================================================
Extracted data from ./RESULTS/libRad_v01_disort_1D_SWIA_solar_06038B_Trondheim_TOA.nc:

 |------------------------|
 |     data  =    nan     |
 |------------------------|
 |    BMAFLX =    nan     |
 |------------------------|




=================================================================================================================
    Productfile=  ./RESULTS/libRad_v01_disort_1D_SWIA_solar_06327D_Trondheim_TOA.nc 
    OrbitID    =  06327D 
    Specs      =  TOA 
    Across-track index : 151
    Along-track index  : 551
    Overpass time (UTC): 2025-07-09 14:14
=================================================================================================================
Extracted data from ./RESULTS/libRad_v01_disort_1D_SWIA_solar_06327D_Trondheim_TOA.nc:

 |------------------------|
 |     data  =  145.6     |
 |------------------------|
 |    BMAFLX =  118.3     |
 |------------------------|




=================================================================================================================
    Productfile=  ./RESULTS/libRad_v01_disort_1D_SWIA_solar_06467D_Trondheim_TOA.nc 
    OrbitID    =  06467D 
    Specs      =  TOA 
    Across-track index : 151
    Along-track index  : 564
    Overpass time (UTC): 2025-07-18 14:10
=================================================================================================================
Extracted data from ./RESULTS/libRad_v01_disort_1D_SWIA_solar_06467D_Trondheim_TOA.nc:

 |------------------------|
 |     data  =  120.5     |
 |------------------------|
 |    BMAFLX =  118.3     |
 |------------------------|




=================================================================================================================
    Productfile=  ./RESULTS/libRad_v01_disort_1D_SWIA_solar_06716D_Trondheim_TOA.nc 
    OrbitID    =  06716D 
    Specs      =  TOA 
    Across-track index : 151
    Along-track index  : 552
    Overpass time (UTC): 2025-08-03 14:14
=================================================================================================================
Extracted data from ./RESULTS/libRad_v01_disort_1D_SWIA_solar_06716D_Trondheim_TOA.nc:

 |------------------------|
 |     data  =  501.8     |
 |------------------------|
 |    BMAFLX =    nan     |
 |------------------------|




=================================================================================================================
    Productfile=  ./RESULTS/libRad_v01_disort_1D_SWIA_solar_06856D_Trondheim_TOA.nc 
    OrbitID    =  06856D 
    Specs      =  TOA 
    Across-track index : 151
    Along-track index  : 565
    Overpass time (UTC): 2025-08-12 14:10
=================================================================================================================
Extracted data from ./RESULTS/libRad_v01_disort_1D_SWIA_solar_06856D_Trondheim_TOA.nc:

 |------------------------|
 |     data  =  107.7     |
 |------------------------|
 |    BMAFLX =  115.5     |
 |------------------------|




=================================================================================================================
    Productfile=  ./RESULTS/libRad_v01_disort_1D_SWIA_solar_07105D_Trondheim_TOA.nc 
    OrbitID    =  07105D 
    Specs      =  TOA 
    Across-track index : 151
    Along-track index  : 552
    Overpass time (UTC): 2025-08-28 14:14
=================================================================================================================
Extracted data from ./RESULTS/libRad_v01_disort_1D_SWIA_solar_07105D_Trondheim_TOA.nc:

 |------------------------|
 |     data  =  111.9     |
 |------------------------|
 |    BMAFLX =   97.4     |
 |------------------------|




=================================================================================================================
    Productfile=  ./RESULTS/libRad_v01_disort_1D_SWIA_solar_07245D_Trondheim_TOA.nc 
    OrbitID    =  07245D 
    Specs      =  TOA 
    Across-track index : 151
    Along-track index  : 565
    Overpass time (UTC): 2025-09-06 14:10
=================================================================================================================
Extracted data from ./RESULTS/libRad_v01_disort_1D_SWIA_solar_07245D_Trondheim_TOA.nc:

 |------------------------|
 |     data  =  311.1     |
 |------------------------|
 |    BMAFLX =  289.7     |
 |------------------------|




=================================================================================================================
    Productfile=  ./RESULTS/libRad_v01_disort_1D_SWIA_solar_07454B_Trondheim_TOA.nc 
    OrbitID    =  07454B 
    Specs      =  TOA 
    Across-track index : 151
    Along-track index  : 4578
    Overpass time (UTC): 2025-09-20 00:19
=================================================================================================================
Extracted data from ./RESULTS/libRad_v01_disort_1D_SWIA_solar_07454B_Trondheim_TOA.nc:

 |------------------------|
 |     data  =    nan     |
 |------------------------|
 |    BMAFLX =    nan     |
 |------------------------|




=================================================================================================================
    Productfile=  ./RESULTS/libRad_v01_disort_1D_SWIA_solar_07634D_Trondheim_TOA.nc 
    OrbitID    =  07634D 
    Specs      =  TOA 
    Across-track index : 151
    Along-track index  : 565
    Overpass time (UTC): 2025-10-01 14:10
=================================================================================================================
Extracted data from ./RESULTS/libRad_v01_disort_1D_SWIA_solar_07634D_Trondheim_TOA.nc:

 |------------------------|
 |     data  =   61.3     |
 |------------------------|
 |    BMAFLX =    nan     |
 |------------------------|




=================================================================================================================
    Productfile=  ./RESULTS/libRad_v01_disort_1D_SWIA_solar_08272D_Trondheim_TOA.nc 
    OrbitID    =  08272D 
    Specs      =  TOA 
    Across-track index : 151
    Along-track index  : 552
    Overpass time (UTC): 2025-11-11 14:13
=================================================================================================================
Extracted data from ./RESULTS/libRad_v01_disort_1D_SWIA_solar_08272D_Trondheim_TOA.nc:

 |------------------------|
 |     data  =   16.1     |
 |------------------------|
 |    BMAFLX =   20.9     |
 |------------------------|


     Skipping 08412D. Do not find product BMA_FLX



=================================================================================================================
    Productfile=  ./RESULTS/libRad_v01_disort_1D_SWIA_solar_08621B_Trondheim_TOA.nc 
    OrbitID    =  08621B 
    Specs      =  TOA 
    Across-track index : 151
    Along-track index  : 4577
    Overpass time (UTC): 2025-12-04 00:19
=================================================================================================================
Extracted data from ./RESULTS/libRad_v01_disort_1D_SWIA_solar_08621B_Trondheim_TOA.nc:

 |------------------------|
 |     data  =    nan     |
 |------------------------|
 |    BMAFLX =    nan     |
 |------------------------|


     Skipping 08801D. Do not find product BMA_FLX

     Skipping 09050D. Do not find product BMA_FLX



=================================================================================================================
    Productfile=  ./RESULTS/libRad_v01_disort_1D_SWIA_solar_09190D_Trondheim_TOA.nc 
    OrbitID    =  09190D 
    Specs      =  TOA 
    Across-track index : 151
    Along-track index  : 565
    Overpass time (UTC): 2026-01-09 14:10
=================================================================================================================
Extracted data from ./RESULTS/libRad_v01_disort_1D_SWIA_solar_09190D_Trondheim_TOA.nc:

 |------------------------|
 |     data  =    nan     |
 |------------------------|
 |    BMAFLX =    nan     |
 |------------------------|


     Skipping 09399B. Do not find product BMA_FLX

     Skipping 09439D. Do not find product BMA_FLX

     Skipping 09579D. Do not find product BMA_FLX



=================================================================================================================
    Productfile=  ./RESULTS/libRad_v01_disort_1D_SWIA_solar_09828D_Trondheim_TOA.nc 
    OrbitID    =  09828D 
    Specs      =  TOA 
    Across-track index : 151
    Along-track index  : 551
    Overpass time (UTC): 2026-02-19 14:14
=================================================================================================================
Extracted data from ./RESULTS/libRad_v01_disort_1D_SWIA_solar_09828D_Trondheim_TOA.nc:

 |------------------------|
 |     data  =  129.3     |
 |------------------------|
 |    BMAFLX =    nan     |
 |------------------------|


     Skipping 09968D. Do not find product BMA_FLX

     Skipping 10217D. Do not find product BMA_FLX

     Skipping 10357D. Do not find product BMA_FLX

     Skipping 10606D. Do not find product BMA_FLX



=================================================================================================================
    Productfile=  ./RESULTS/libRad_v01_disort_1D_SWIA_solar_10746D_Trondheim_TOA.nc 
    OrbitID    =  10746D 
    Specs      =  TOA 
    Across-track index : 151
    Along-track index  : 564
    Overpass time (UTC): 2026-04-19 14:11
=================================================================================================================
Extracted data from ./RESULTS/libRad_v01_disort_1D_SWIA_solar_10746D_Trondheim_TOA.nc:

 |------------------------|
 |     data  =  111.4     |
 |------------------------|
 |    BMAFLX =   91.4     |
 |------------------------|


     Skipping 11135D. Do not find product BMA_FLX



=================================================================================================================
    Productfile=  ./RESULTS/libRad_v01_disort_1D_SWIA_solar_11344B_Trondheim_TOA.nc 
    OrbitID    =  11344B 
    Specs      =  TOA 
    Across-track index : 151
    Along-track index  : 4578
    Overpass time (UTC): 2026-05-28 00:19
=================================================================================================================
Extracted data from ./RESULTS/libRad_v01_disort_1D_SWIA_solar_11344B_Trondheim_TOA.nc:

 |------------------------|
 |     data  =    nan     |
 |------------------------|
 |    BMAFLX =    nan     |
 |------------------------|




=================================================================================================================
    Productfile=  ./RESULTS/libRad_v01_disort_1D_SWIA_solar_11384D_Trondheim_TOA.nc 
    OrbitID    =  11384D 
    Specs      =  TOA 
    Across-track index : 151
    Along-track index  : 552
    Overpass time (UTC): 2026-05-30 14:15
=================================================================================================================
Extracted data from ./RESULTS/libRad_v01_disort_1D_SWIA_solar_11384D_Trondheim_TOA.nc:

 |------------------------|
 |     data  =  393.8     |
 |------------------------|
 |    BMAFLX =  448.4     |
 |------------------------|


     Skipping 11524D. Do not find product BMA_FLX

     Skipping 11773D. Do not find product BMA_FLX

     Skipping 11913D. Do not find product BMA_FLX



=================================================================================================================
    Productfile=  ./RESULTS/libRad_v01_disort_1D_SWIA_solar_12162D_Trondheim_TOA.nc 
    OrbitID    =  12162D 
    Specs      =  TOA 
    Across-track index : 151
    Along-track index  : 552
    Overpass time (UTC): 2026-07-19 14:15
=================================================================================================================
Extracted data from ./RESULTS/libRad_v01_disort_1D_SWIA_solar_12162D_Trondheim_TOA.nc:

 |------------------------|
 |     data  =  137.0     |
 |------------------------|
 |    BMAFLX =  117.9     |
 |------------------------|


     Skipping 12302D. Do not find product BMA_FLX



=================================================================================================================
    Productfile=  ./RESULTS/libRad_v01_disort_1D_SWIA_solar_12551D_Trondheim_TOA.nc 
    OrbitID    =  12551D 
    Specs      =  TOA 
    Across-track index : 151
    Along-track index  : 552
    Overpass time (UTC): 2026-08-13 14:16
=================================================================================================================
Extracted data from ./RESULTS/libRad_v01_disort_1D_SWIA_solar_12551D_Trondheim_TOA.nc:

 |------------------------|
 |     data  =  424.1     |
 |------------------------|
 |    BMAFLX =  458.4     |
 |------------------------|




=================================================================================================================
    Productfile=  ./RESULTS/libRad_v01_disort_1D_SWIA_solar_00934C_Tromsø_TOA.nc 
    OrbitID    =  00934C 
    Specs      =  TOA 
    Across-track index : 151
    Along-track index  : 355
    Overpass time (UTC): 2024-07-27 23:27
=================================================================================================================
Extracted data from ./RESULTS/libRad_v01_disort_1D_SWIA_solar_00934C_Tromsø_TOA.nc:

 |------------------------|
 |     data  =    nan     |
 |------------------------|
 |    BMAFLX =    nan     |
 |------------------------|




=================================================================================================================
    Productfile=  ./RESULTS/libRad_v01_disort_1D_SWIA_solar_01105C_Tromsø_TOA.nc 
    OrbitID    =  01105C 
    Specs      =  TOA 
    Across-track index : 151
    Along-track index  : 356
    Overpass time (UTC): 2024-08-07 23:27
=================================================================================================================
Extracted data from ./RESULTS/libRad_v01_disort_1D_SWIA_solar_01105C_Tromsø_TOA.nc:

 |------------------------|
 |     data  =    nan     |
 |------------------------|
 |    BMAFLX =    nan     |
 |------------------------|




=================================================================================================================
    Productfile=  ./RESULTS/libRad_v01_disort_1D_SWIA_solar_01161C_Tromsø_TOA.nc 
    OrbitID    =  01161C 
    Specs      =  TOA 
    Across-track index : 151
    Along-track index  : 4507
    Overpass time (UTC): 2024-08-11 14:03
=================================================================================================================
Extracted data from ./RESULTS/libRad_v01_disort_1D_SWIA_solar_01161C_Tromsø_TOA.nc:

 |------------------------|
 |     data  =  405.5     |
 |------------------------|
 |    BMAFLX =    nan     |
 |------------------------|




=================================================================================================================
    Productfile=  ./RESULTS/libRad_v01_disort_1D_SWIA_solar_01245C_Tromsø_TOA.nc 
    OrbitID    =  01245C 
    Specs      =  TOA 
    Across-track index : 151
    Along-track index  : 342
    Overpass time (UTC): 2024-08-16 23:30
=================================================================================================================
Extracted data from ./RESULTS/libRad_v01_disort_1D_SWIA_solar_01245C_Tromsø_TOA.nc:

 |------------------------|
 |     data  =    nan     |
 |------------------------|
 |    BMAFLX =    nan     |
 |------------------------|




=================================================================================================================
    Productfile=  ./RESULTS/libRad_v01_disort_1D_SWIA_solar_01301C_Tromsø_TOA.nc 
    OrbitID    =  01301C 
    Specs      =  TOA 
    Across-track index : 151
    Along-track index  : 4497
    Overpass time (UTC): 2024-08-20 14:04
=================================================================================================================
Extracted data from ./RESULTS/libRad_v01_disort_1D_SWIA_solar_01301C_Tromsø_TOA.nc:

 |------------------------|
 |     data  =  319.5     |
 |------------------------|
 |    BMAFLX =    nan     |
 |------------------------|




=================================================================================================================
    Productfile=  ./RESULTS/libRad_v01_disort_1D_SWIA_solar_01385C_Tromsø_TOA.nc 
    OrbitID    =  01385C 
    Specs      =  TOA 
    Across-track index : 151
    Along-track index  : 345
    Overpass time (UTC): 2024-08-25 23:29
=================================================================================================================
Extracted data from ./RESULTS/libRad_v01_disort_1D_SWIA_solar_01385C_Tromsø_TOA.nc:

 |------------------------|
 |     data  =    nan     |
 |------------------------|
 |    BMAFLX =    nan     |
 |------------------------|




=================================================================================================================
    Productfile=  ./RESULTS/libRad_v01_disort_1D_SWIA_solar_01525C_Tromsø_TOA.nc 
    OrbitID    =  01525C 
    Specs      =  TOA 
    Across-track index : 151
    Along-track index  : 357
    Overpass time (UTC): 2024-09-03 23:25
=================================================================================================================
Extracted data from ./RESULTS/libRad_v01_disort_1D_SWIA_solar_01525C_Tromsø_TOA.nc:

 |------------------------|
 |     data  =    nan     |
 |------------------------|
 |    BMAFLX =    nan     |
 |------------------------|




=================================================================================================================
    Productfile=  ./RESULTS/libRad_v01_disort_1D_SWIA_solar_01690C_Tromsø_TOA.nc 
    OrbitID    =  01690C 
    Specs      =  TOA 
    Across-track index : 151
    Along-track index  : 4491
    Overpass time (UTC): 2024-09-14 14:04
=================================================================================================================
Extracted data from ./RESULTS/libRad_v01_disort_1D_SWIA_solar_01690C_Tromsø_TOA.nc:

 |------------------------|
 |     data  =  201.6     |
 |------------------------|
 |    BMAFLX =    nan     |
 |------------------------|




=================================================================================================================
    Productfile=  ./RESULTS/libRad_v01_disort_1D_SWIA_solar_01774C_Tromsø_TOA.nc 
    OrbitID    =  01774C 
    Specs      =  TOA 
    Across-track index : 151
    Along-track index  : 342
    Overpass time (UTC): 2024-09-19 23:29
=================================================================================================================
Extracted data from ./RESULTS/libRad_v01_disort_1D_SWIA_solar_01774C_Tromsø_TOA.nc:

 |------------------------|
 |     data  =    nan     |
 |------------------------|
 |    BMAFLX =    nan     |
 |------------------------|




=================================================================================================================
    Productfile=  ./RESULTS/libRad_v01_disort_1D_SWIA_solar_01830C_Tromsø_TOA.nc 
    OrbitID    =  01830C 
    Specs      =  TOA 
    Across-track index : 151
    Along-track index  : 4497
    Overpass time (UTC): 2024-09-23 14:02
=================================================================================================================
Extracted data from ./RESULTS/libRad_v01_disort_1D_SWIA_solar_01830C_Tromsø_TOA.nc:

 |------------------------|
 |     data  =  180.1     |
 |------------------------|
 |    BMAFLX =    nan     |
 |------------------------|




=================================================================================================================
    Productfile=  ./RESULTS/libRad_v01_disort_1D_SWIA_solar_01914C_Tromsø_TOA.nc 
    OrbitID    =  01914C 
    Specs      =  TOA 
    Across-track index : 151
    Along-track index  : 362
    Overpass time (UTC): 2024-09-28 23:26
=================================================================================================================
Extracted data from ./RESULTS/libRad_v01_disort_1D_SWIA_solar_01914C_Tromsø_TOA.nc:

 |------------------------|
 |     data  =    nan     |
 |------------------------|
 |    BMAFLX =    nan     |
 |------------------------|




=================================================================================================================
    Productfile=  ./RESULTS/libRad_v01_disort_1D_SWIA_solar_02079C_Tromsø_TOA.nc 
    OrbitID    =  02079C 
    Specs      =  TOA 
    Across-track index : 151
    Along-track index  : 4488
    Overpass time (UTC): 2024-10-09 14:05
=================================================================================================================
Extracted data from ./RESULTS/libRad_v01_disort_1D_SWIA_solar_02079C_Tromsø_TOA.nc:

 |------------------------|
 |     data  =   83.8     |
 |------------------------|
 |    BMAFLX =   76.5     |
 |------------------------|




=================================================================================================================
    Productfile=  ./RESULTS/libRad_v01_disort_1D_SWIA_solar_02163C_Tromsø_TOA.nc 
    OrbitID    =  02163C 
    Specs      =  TOA 
    Across-track index : 151
    Along-track index  : 341
    Overpass time (UTC): 2024-10-14 23:29
=================================================================================================================
Extracted data from ./RESULTS/libRad_v01_disort_1D_SWIA_solar_02163C_Tromsø_TOA.nc:

 |------------------------|
 |     data  =    nan     |
 |------------------------|
 |    BMAFLX =    nan     |
 |------------------------|




=================================================================================================================
    Productfile=  ./RESULTS/libRad_v01_disort_1D_SWIA_solar_02303C_Tromsø_TOA.nc 
    OrbitID    =  02303C 
    Specs      =  TOA 
    Across-track index : 151
    Along-track index  : 354
    Overpass time (UTC): 2024-10-23 23:25
=================================================================================================================
Extracted data from ./RESULTS/libRad_v01_disort_1D_SWIA_solar_02303C_Tromsø_TOA.nc:

 |------------------------|
 |     data  =    nan     |
 |------------------------|
 |    BMAFLX =    nan     |
 |------------------------|




=================================================================================================================
    Productfile=  ./RESULTS/libRad_v01_disort_1D_SWIA_solar_02468C_Tromsø_TOA.nc 
    OrbitID    =  02468C 
    Specs      =  TOA 
    Across-track index : 151
    Along-track index  : 4486
    Overpass time (UTC): 2024-11-03 14:05
=================================================================================================================
Extracted data from ./RESULTS/libRad_v01_disort_1D_SWIA_solar_02468C_Tromsø_TOA.nc:

 |------------------------|
 |     data  =    nan     |
 |------------------------|
 |    BMAFLX =    nan     |
 |------------------------|




=================================================================================================================
    Productfile=  ./RESULTS/libRad_v01_disort_1D_SWIA_solar_02552C_Tromsø_TOA.nc 
    OrbitID    =  02552C 
    Specs      =  TOA 
    Across-track index : 151
    Along-track index  : 340
    Overpass time (UTC): 2024-11-08 23:29
=================================================================================================================
Extracted data from ./RESULTS/libRad_v01_disort_1D_SWIA_solar_02552C_Tromsø_TOA.nc:

 |------------------------|
 |     data  =    nan     |
 |------------------------|
 |    BMAFLX =    nan     |
 |------------------------|




=================================================================================================================
    Productfile=  ./RESULTS/libRad_v01_disort_1D_SWIA_solar_02608C_Tromsø_TOA.nc 
    OrbitID    =  02608C 
    Specs      =  TOA 
    Across-track index : 151
    Along-track index  : 4499
    Overpass time (UTC): 2024-11-12 14:01
=================================================================================================================
Extracted data from ./RESULTS/libRad_v01_disort_1D_SWIA_solar_02608C_Tromsø_TOA.nc:

 |------------------------|
 |     data  =    nan     |
 |------------------------|
 |    BMAFLX =    nan     |
 |------------------------|




=================================================================================================================
    Productfile=  ./RESULTS/libRad_v01_disort_1D_SWIA_solar_02692C_Tromsø_TOA.nc 
    OrbitID    =  02692C 
    Specs      =  TOA 
    Across-track index : 151
    Along-track index  : 351
    Overpass time (UTC): 2024-11-17 23:26
=================================================================================================================
Extracted data from ./RESULTS/libRad_v01_disort_1D_SWIA_solar_02692C_Tromsø_TOA.nc:

 |------------------------|
 |     data  =    nan     |
 |------------------------|
 |    BMAFLX =    nan     |
 |------------------------|




=================================================================================================================
    Productfile=  ./RESULTS/libRad_v01_disort_1D_SWIA_solar_02941C_Tromsø_TOA.nc 
    OrbitID    =  02941C 
    Specs      =  TOA 
    Across-track index : 151
    Along-track index  : 341
    Overpass time (UTC): 2024-12-03 23:28
=================================================================================================================
Extracted data from ./RESULTS/libRad_v01_disort_1D_SWIA_solar_02941C_Tromsø_TOA.nc:

 |------------------------|
 |     data  =    nan     |
 |------------------------|
 |    BMAFLX =    nan     |
 |------------------------|




=================================================================================================================
    Productfile=  ./RESULTS/libRad_v01_disort_1D_SWIA_solar_02997C_Tromsø_TOA.nc 
    OrbitID    =  02997C 
    Specs      =  TOA 
    Across-track index : 151
    Along-track index  : 4499
    Overpass time (UTC): 2024-12-07 14:00
=================================================================================================================
Extracted data from ./RESULTS/libRad_v01_disort_1D_SWIA_solar_02997C_Tromsø_TOA.nc:

 |------------------------|
 |     data  =    nan     |
 |------------------------|
 |    BMAFLX =    nan     |
 |------------------------|




=================================================================================================================
    Productfile=  ./RESULTS/libRad_v01_disort_1D_SWIA_solar_03081C_Tromsø_TOA.nc 
    OrbitID    =  03081C 
    Specs      =  TOA 
    Across-track index : 151
    Along-track index  : 353
    Overpass time (UTC): 2024-12-12 23:24
=================================================================================================================
Extracted data from ./RESULTS/libRad_v01_disort_1D_SWIA_solar_03081C_Tromsø_TOA.nc:

 |------------------------|
 |     data  =    nan     |
 |------------------------|
 |    BMAFLX =    nan     |
 |------------------------|




=================================================================================================================
    Productfile=  ./RESULTS/libRad_v01_disort_1D_SWIA_solar_03246C_Tromsø_TOA.nc 
    OrbitID    =  03246C 
    Specs      =  TOA 
    Across-track index : 151
    Along-track index  : 4484
    Overpass time (UTC): 2024-12-23 14:04
=================================================================================================================
Extracted data from ./RESULTS/libRad_v01_disort_1D_SWIA_solar_03246C_Tromsø_TOA.nc:

 |------------------------|
 |     data  =    nan     |
 |------------------------|
 |    BMAFLX =    nan     |
 |------------------------|




=================================================================================================================
    Productfile=  ./RESULTS/libRad_v01_disort_1D_SWIA_solar_03386C_Tromsø_TOA.nc 
    OrbitID    =  03386C 
    Specs      =  TOA 
    Across-track index : 151
    Along-track index  : 4497
    Overpass time (UTC): 2025-01-01 14:00
=================================================================================================================
Extracted data from ./RESULTS/libRad_v01_disort_1D_SWIA_solar_03386C_Tromsø_TOA.nc:

 |------------------------|
 |     data  =    nan     |
 |------------------------|
 |    BMAFLX =    nan     |
 |------------------------|




=================================================================================================================
    Productfile=  ./RESULTS/libRad_v01_disort_1D_SWIA_solar_03470C_Tromsø_TOA.nc 
    OrbitID    =  03470C 
    Specs      =  TOA 
    Across-track index : 151
    Along-track index  : 354
    Overpass time (UTC): 2025-01-06 23:24
=================================================================================================================
Extracted data from ./RESULTS/libRad_v01_disort_1D_SWIA_solar_03470C_Tromsø_TOA.nc:

 |------------------------|
 |     data  =    nan     |
 |------------------------|
 |    BMAFLX =    nan     |
 |------------------------|




=================================================================================================================
    Productfile=  ./RESULTS/libRad_v01_disort_1D_SWIA_solar_03635C_Tromsø_TOA.nc 
    OrbitID    =  03635C 
    Specs      =  TOA 
    Across-track index : 151
    Along-track index  : 4485
    Overpass time (UTC): 2025-01-17 14:04
=================================================================================================================
Extracted data from ./RESULTS/libRad_v01_disort_1D_SWIA_solar_03635C_Tromsø_TOA.nc:

 |------------------------|
 |     data  =    nan     |
 |------------------------|
 |    BMAFLX =    nan     |
 |------------------------|




=================================================================================================================
    Productfile=  ./RESULTS/libRad_v01_disort_1D_SWIA_solar_03719C_Tromsø_TOA.nc 
    OrbitID    =  03719C 
    Specs      =  TOA 
    Across-track index : 151
    Along-track index  : 341
    Overpass time (UTC): 2025-01-22 23:27
=================================================================================================================
Extracted data from ./RESULTS/libRad_v01_disort_1D_SWIA_solar_03719C_Tromsø_TOA.nc:

 |------------------------|
 |     data  =    nan     |
 |------------------------|
 |    BMAFLX =    nan     |
 |------------------------|




=================================================================================================================
    Productfile=  ./RESULTS/libRad_v01_disort_1D_SWIA_solar_03775C_Tromsø_TOA.nc 
    OrbitID    =  03775C 
    Specs      =  TOA 
    Across-track index : 151
    Along-track index  : 4498
    Overpass time (UTC): 2025-01-26 14:00
=================================================================================================================
Extracted data from ./RESULTS/libRad_v01_disort_1D_SWIA_solar_03775C_Tromsø_TOA.nc:

 |------------------------|
 |     data  =    nan     |
 |------------------------|
 |    BMAFLX =    nan     |
 |------------------------|




=================================================================================================================
    Productfile=  ./RESULTS/libRad_v01_disort_1D_SWIA_solar_03859C_Tromsø_TOA.nc 
    OrbitID    =  03859C 
    Specs      =  TOA 
    Across-track index : 151
    Along-track index  : 353
    Overpass time (UTC): 2025-01-31 23:24
=================================================================================================================
Extracted data from ./RESULTS/libRad_v01_disort_1D_SWIA_solar_03859C_Tromsø_TOA.nc:

 |------------------------|
 |     data  =    nan     |
 |------------------------|
 |    BMAFLX =    nan     |
 |------------------------|




=================================================================================================================
    Productfile=  ./RESULTS/libRad_v01_disort_1D_SWIA_solar_04024C_Tromsø_TOA.nc 
    OrbitID    =  04024C 
    Specs      =  TOA 
    Across-track index : 151
    Along-track index  : 4484
    Overpass time (UTC): 2025-02-11 14:03
=================================================================================================================
Extracted data from ./RESULTS/libRad_v01_disort_1D_SWIA_solar_04024C_Tromsø_TOA.nc:

 |------------------------|
 |     data  =   11.2     |
 |------------------------|
 |    BMAFLX =    nan     |
 |------------------------|




=================================================================================================================
    Productfile=  ./RESULTS/libRad_v01_disort_1D_SWIA_solar_04108C_Tromsø_TOA.nc 
    OrbitID    =  04108C 
    Specs      =  TOA 
    Across-track index : 151
    Along-track index  : 340
    Overpass time (UTC): 2025-02-16 23:27
=================================================================================================================
Extracted data from ./RESULTS/libRad_v01_disort_1D_SWIA_solar_04108C_Tromsø_TOA.nc:

 |------------------------|
 |     data  =    nan     |
 |------------------------|
 |    BMAFLX =    nan     |
 |------------------------|




=================================================================================================================
    Productfile=  ./RESULTS/libRad_v01_disort_1D_SWIA_solar_04164C_Tromsø_TOA.nc 
    OrbitID    =  04164C 
    Specs      =  TOA 
    Across-track index : 151
    Along-track index  : 4498
    Overpass time (UTC): 2025-02-20 13:59
=================================================================================================================
Extracted data from ./RESULTS/libRad_v01_disort_1D_SWIA_solar_04164C_Tromsø_TOA.nc:

 |------------------------|
 |     data  =   62.0     |
 |------------------------|
 |    BMAFLX =    nan     |
 |------------------------|




=================================================================================================================
    Productfile=  ./RESULTS/libRad_v01_disort_1D_SWIA_solar_04248C_Tromsø_TOA.nc 
    OrbitID    =  04248C 
    Specs      =  TOA 
    Across-track index : 151
    Along-track index  : 354
    Overpass time (UTC): 2025-02-25 23:23
=================================================================================================================
Extracted data from ./RESULTS/libRad_v01_disort_1D_SWIA_solar_04248C_Tromsø_TOA.nc:

 |------------------------|
 |     data  =    nan     |
 |------------------------|
 |    BMAFLX =    nan     |
 |------------------------|




=================================================================================================================
    Productfile=  ./RESULTS/libRad_v01_disort_1D_SWIA_solar_04942C_Tromsø_TOA.nc 
    OrbitID    =  04942C 
    Specs      =  TOA 
    Across-track index : 151
    Along-track index  : 4499
    Overpass time (UTC): 2025-04-11 13:58
=================================================================================================================
Extracted data from ./RESULTS/libRad_v01_disort_1D_SWIA_solar_04942C_Tromsø_TOA.nc:

 |------------------------|
 |     data  =  338.3     |
 |------------------------|
 |    BMAFLX =    nan     |
 |------------------------|




=================================================================================================================
    Productfile=  ./RESULTS/libRad_v01_disort_1D_SWIA_solar_05275C_Tromsø_TOA.nc 
    OrbitID    =  05275C 
    Specs      =  TOA 
    Across-track index : 151
    Along-track index  : 340
    Overpass time (UTC): 2025-05-02 23:26
=================================================================================================================
Extracted data from ./RESULTS/libRad_v01_disort_1D_SWIA_solar_05275C_Tromsø_TOA.nc:

 |------------------------|
 |     data  =    nan     |
 |------------------------|
 |    BMAFLX =    nan     |
 |------------------------|




=================================================================================================================
    Productfile=  ./RESULTS/libRad_v01_disort_1D_SWIA_solar_05331C_Tromsø_TOA.nc 
    OrbitID    =  05331C 
    Specs      =  TOA 
    Across-track index : 151
    Along-track index  : 4499
    Overpass time (UTC): 2025-05-06 13:58
=================================================================================================================
Extracted data from ./RESULTS/libRad_v01_disort_1D_SWIA_solar_05331C_Tromsø_TOA.nc:

 |------------------------|
 |     data  =  410.4     |
 |------------------------|
 |    BMAFLX =    nan     |
 |------------------------|




=================================================================================================================
    Productfile=  ./RESULTS/libRad_v01_disort_1D_SWIA_solar_05415C_Tromsø_TOA.nc 
    OrbitID    =  05415C 
    Specs      =  TOA 
    Across-track index : 151
    Along-track index  : 352
    Overpass time (UTC): 2025-05-11 23:22
=================================================================================================================
Extracted data from ./RESULTS/libRad_v01_disort_1D_SWIA_solar_05415C_Tromsø_TOA.nc:

 |------------------------|
 |     data  =    nan     |
 |------------------------|
 |    BMAFLX =    nan     |
 |------------------------|




=================================================================================================================
    Productfile=  ./RESULTS/libRad_v01_disort_1D_SWIA_solar_05580C_Tromsø_TOA.nc 
    OrbitID    =  05580C 
    Specs      =  TOA 
    Across-track index : 151
    Along-track index  : 4485
    Overpass time (UTC): 2025-05-22 14:02
=================================================================================================================
Extracted data from ./RESULTS/libRad_v01_disort_1D_SWIA_solar_05580C_Tromsø_TOA.nc:

 |------------------------|
 |     data  =   85.1     |
 |------------------------|
 |    BMAFLX =    nan     |
 |------------------------|




=================================================================================================================
    Productfile=  ./RESULTS/libRad_v01_disort_1D_SWIA_solar_05664C_Tromsø_TOA.nc 
    OrbitID    =  05664C 
    Specs      =  TOA 
    Across-track index : 151
    Along-track index  : 340
    Overpass time (UTC): 2025-05-27 23:26
=================================================================================================================
Extracted data from ./RESULTS/libRad_v01_disort_1D_SWIA_solar_05664C_Tromsø_TOA.nc:

 |------------------------|
 |     data  =   14.5     |
 |------------------------|
 |    BMAFLX =    nan     |
 |------------------------|




=================================================================================================================
    Productfile=  ./RESULTS/libRad_v01_disort_1D_SWIA_solar_05720C_Tromsø_TOA.nc 
    OrbitID    =  05720C 
    Specs      =  TOA 
    Across-track index : 151
    Along-track index  : 4498
    Overpass time (UTC): 2025-05-31 13:58
=================================================================================================================
Extracted data from ./RESULTS/libRad_v01_disort_1D_SWIA_solar_05720C_Tromsø_TOA.nc:

 |------------------------|
 |     data  =  127.3     |
 |------------------------|
 |    BMAFLX =    nan     |
 |------------------------|




=================================================================================================================
    Productfile=  ./RESULTS/libRad_v01_disort_1D_SWIA_solar_05804C_Tromsø_TOA.nc 
    OrbitID    =  05804C 
    Specs      =  TOA 
    Across-track index : 151
    Along-track index  : 352
    Overpass time (UTC): 2025-06-05 23:22
=================================================================================================================
Extracted data from ./RESULTS/libRad_v01_disort_1D_SWIA_solar_05804C_Tromsø_TOA.nc:

 |------------------------|
 |     data  =   33.2     |
 |------------------------|
 |    BMAFLX =    nan     |
 |------------------------|




=================================================================================================================
    Productfile=  ./RESULTS/libRad_v01_disort_1D_SWIA_solar_05969C_Tromsø_TOA.nc 
    OrbitID    =  05969C 
    Specs      =  TOA 
    Across-track index : 151
    Along-track index  : 4486
    Overpass time (UTC): 2025-06-16 14:01
=================================================================================================================
Extracted data from ./RESULTS/libRad_v01_disort_1D_SWIA_solar_05969C_Tromsø_TOA.nc:

 |------------------------|
 |     data  =  116.0     |
 |------------------------|
 |    BMAFLX =    nan     |
 |------------------------|




=================================================================================================================
    Productfile=  ./RESULTS/libRad_v01_disort_1D_SWIA_solar_06053C_Tromsø_TOA.nc 
    OrbitID    =  06053C 
    Specs      =  TOA 
    Across-track index : 151
    Along-track index  : 340
    Overpass time (UTC): 2025-06-21 23:25
=================================================================================================================
Extracted data from ./RESULTS/libRad_v01_disort_1D_SWIA_solar_06053C_Tromsø_TOA.nc:

 |------------------------|
 |     data  =   34.4     |
 |------------------------|
 |    BMAFLX =    nan     |
 |------------------------|




=================================================================================================================
    Productfile=  ./RESULTS/libRad_v01_disort_1D_SWIA_solar_06193C_Tromsø_TOA.nc 
    OrbitID    =  06193C 
    Specs      =  TOA 
    Across-track index : 151
    Along-track index  : 353
    Overpass time (UTC): 2025-06-30 23:22
=================================================================================================================
Extracted data from ./RESULTS/libRad_v01_disort_1D_SWIA_solar_06193C_Tromsø_TOA.nc:

 |------------------------|
 |     data  =   33.5     |
 |------------------------|
 |    BMAFLX =    nan     |
 |------------------------|




=================================================================================================================
    Productfile=  ./RESULTS/libRad_v01_disort_1D_SWIA_solar_06358C_Tromsø_TOA.nc 
    OrbitID    =  06358C 
    Specs      =  TOA 
    Across-track index : 151
    Along-track index  : 4486
    Overpass time (UTC): 2025-07-11 14:01
=================================================================================================================
Extracted data from ./RESULTS/libRad_v01_disort_1D_SWIA_solar_06358C_Tromsø_TOA.nc:

 |------------------------|
 |     data  =  419.0     |
 |------------------------|
 |    BMAFLX =    nan     |
 |------------------------|




=================================================================================================================
    Productfile=  ./RESULTS/libRad_v01_disort_1D_SWIA_solar_06498C_Tromsø_TOA.nc 
    OrbitID    =  06498C 
    Specs      =  TOA 
    Across-track index : 151
    Along-track index  : 4499
    Overpass time (UTC): 2025-07-20 13:57
=================================================================================================================
Extracted data from ./RESULTS/libRad_v01_disort_1D_SWIA_solar_06498C_Tromsø_TOA.nc:

 |------------------------|
 |     data  =  116.3     |
 |------------------------|
 |    BMAFLX =    nan     |
 |------------------------|




=================================================================================================================
    Productfile=  ./RESULTS/libRad_v01_disort_1D_SWIA_solar_06747C_Tromsø_TOA.nc 
    OrbitID    =  06747C 
    Specs      =  TOA 
    Across-track index : 151
    Along-track index  : 4486
    Overpass time (UTC): 2025-08-05 14:01
=================================================================================================================
Extracted data from ./RESULTS/libRad_v01_disort_1D_SWIA_solar_06747C_Tromsø_TOA.nc:

 |------------------------|
 |     data  =  391.1     |
 |------------------------|
 |    BMAFLX =    nan     |
 |------------------------|




=================================================================================================================
    Productfile=  ./RESULTS/libRad_v01_disort_1D_SWIA_solar_06887C_Tromsø_TOA.nc 
    OrbitID    =  06887C 
    Specs      =  TOA 
    Across-track index : 151
    Along-track index  : 4499
    Overpass time (UTC): 2025-08-14 13:57
=================================================================================================================
Extracted data from ./RESULTS/libRad_v01_disort_1D_SWIA_solar_06887C_Tromsø_TOA.nc:

 |------------------------|
 |     data  =  305.7     |
 |------------------------|
 |    BMAFLX =  256.9     |
 |------------------------|




=================================================================================================================
    Productfile=  ./RESULTS/libRad_v01_disort_1D_SWIA_solar_07136C_Tromsø_TOA.nc 
    OrbitID    =  07136C 
    Specs      =  TOA 
    Across-track index : 151
    Along-track index  : 4486
    Overpass time (UTC): 2025-08-30 14:01
=================================================================================================================
Extracted data from ./RESULTS/libRad_v01_disort_1D_SWIA_solar_07136C_Tromsø_TOA.nc:

 |------------------------|
 |     data  =   52.8     |
 |------------------------|
 |    BMAFLX =   78.4     |
 |------------------------|




=================================================================================================================
    Productfile=  ./RESULTS/libRad_v01_disort_1D_SWIA_solar_07276C_Tromsø_TOA.nc 
    OrbitID    =  07276C 
    Specs      =  TOA 
    Across-track index : 151
    Along-track index  : 4498
    Overpass time (UTC): 2025-09-08 13:57
=================================================================================================================
Extracted data from ./RESULTS/libRad_v01_disort_1D_SWIA_solar_07276C_Tromsø_TOA.nc:

 |------------------------|
 |     data  =   77.0     |
 |------------------------|
 |    BMAFLX =   84.1     |
 |------------------------|




=================================================================================================================
    Productfile=  ./RESULTS/libRad_v01_disort_1D_SWIA_solar_07525C_Tromsø_TOA.nc 
    OrbitID    =  07525C 
    Specs      =  TOA 
    Across-track index : 151
    Along-track index  : 4485
    Overpass time (UTC): 2025-09-24 14:01
=================================================================================================================
Extracted data from ./RESULTS/libRad_v01_disort_1D_SWIA_solar_07525C_Tromsø_TOA.nc:

 |------------------------|
 |     data  =  191.3     |
 |------------------------|
 |    BMAFLX =    nan     |
 |------------------------|




=================================================================================================================
    Productfile=  ./RESULTS/libRad_v01_disort_1D_SWIA_solar_07665C_Tromsø_TOA.nc 
    OrbitID    =  07665C 
    Specs      =  TOA 
    Across-track index : 151
    Along-track index  : 4498
    Overpass time (UTC): 2025-10-03 13:57
=================================================================================================================
Extracted data from ./RESULTS/libRad_v01_disort_1D_SWIA_solar_07665C_Tromsø_TOA.nc:

 |------------------------|
 |     data  =   58.4     |
 |------------------------|
 |    BMAFLX =   55.1     |
 |------------------------|




=================================================================================================================
    Productfile=  ./RESULTS/libRad_v01_disort_1D_SWIA_solar_07749C_Tromsø_TOA.nc 
    OrbitID    =  07749C 
    Specs      =  TOA 
    Across-track index : 151
    Along-track index  : 353
    Overpass time (UTC): 2025-10-08 23:21
=================================================================================================================
Extracted data from ./RESULTS/libRad_v01_disort_1D_SWIA_solar_07749C_Tromsø_TOA.nc:

 |------------------------|
 |     data  =    nan     |
 |------------------------|
 |    BMAFLX =    nan     |
 |------------------------|




=================================================================================================================
    Productfile=  ./RESULTS/libRad_v01_disort_1D_SWIA_solar_07914C_Tromsø_TOA.nc 
    OrbitID    =  07914C 
    Specs      =  TOA 
    Across-track index : 151
    Along-track index  : 4482
    Overpass time (UTC): 2025-10-19 14:01
=================================================================================================================
Extracted data from ./RESULTS/libRad_v01_disort_1D_SWIA_solar_07914C_Tromsø_TOA.nc:

 |------------------------|
 |     data  =   35.0     |
 |------------------------|
 |    BMAFLX =    nan     |
 |------------------------|




=================================================================================================================
    Productfile=  ./RESULTS/libRad_v01_disort_1D_SWIA_solar_08303C_Tromsø_TOA.nc 
    OrbitID    =  08303C 
    Specs      =  TOA 
    Across-track index : 151
    Along-track index  : 4484
    Overpass time (UTC): 2025-11-13 14:01
=================================================================================================================
Extracted data from ./RESULTS/libRad_v01_disort_1D_SWIA_solar_08303C_Tromsø_TOA.nc:

 |------------------------|
 |     data  =    nan     |
 |------------------------|
 |    BMAFLX =    nan     |
 |------------------------|




=================================================================================================================
    Productfile=  ./RESULTS/libRad_v01_disort_1D_SWIA_solar_08387C_Tromsø_TOA.nc 
    OrbitID    =  08387C 
    Specs      =  TOA 
    Across-track index : 151
    Along-track index  : 340
    Overpass time (UTC): 2025-11-18 23:25
=================================================================================================================
Extracted data from ./RESULTS/libRad_v01_disort_1D_SWIA_solar_08387C_Tromsø_TOA.nc:

 |------------------------|
 |     data  =    nan     |
 |------------------------|
 |    BMAFLX =    nan     |
 |------------------------|


     Skipping 08443C. Do not find product BMA_FLX

     Skipping 08692C. Do not find product BMA_FLX

     Skipping 08832C. Do not find product BMA_FLX

     Skipping 09081C. Do not find product BMA_FLX



=================================================================================================================
    Productfile=  ./RESULTS/libRad_v01_disort_1D_SWIA_solar_09221C_Tromsø_TOA.nc 
    OrbitID    =  09221C 
    Specs      =  TOA 
    Across-track index : 151
    Along-track index  : 4496
    Overpass time (UTC): 2026-01-11 13:57
=================================================================================================================
Extracted data from ./RESULTS/libRad_v01_disort_1D_SWIA_solar_09221C_Tromsø_TOA.nc:

 |------------------------|
 |     data  =    nan     |
 |------------------------|
 |    BMAFLX =    nan     |
 |------------------------|


     Skipping 09470C. Do not find product BMA_FLX

     Skipping 09610C. Do not find product BMA_FLX



=================================================================================================================
    Productfile=  ./RESULTS/libRad_v01_disort_1D_SWIA_solar_09859C_Tromsø_TOA.nc 
    OrbitID    =  09859C 
    Specs      =  TOA 
    Across-track index : 151
    Along-track index  : 4484
    Overpass time (UTC): 2026-02-21 14:01
=================================================================================================================
Extracted data from ./RESULTS/libRad_v01_disort_1D_SWIA_solar_09859C_Tromsø_TOA.nc:

 |------------------------|
 |     data  =   56.6     |
 |------------------------|
 |    BMAFLX =    nan     |
 |------------------------|


     Skipping 09999C. Do not find product BMA_FLX

     Skipping 10083C. Do not find product BMA_FLX

     Skipping 10248C. Do not find product BMA_FLX

     Skipping 10388C. Do not find product BMA_FLX



=================================================================================================================
    Productfile=  ./RESULTS/libRad_v01_disort_1D_SWIA_solar_10472C_Tromsø_TOA.nc 
    OrbitID    =  10472C 
    Specs      =  TOA 
    Across-track index : 151
    Along-track index  : 353
    Overpass time (UTC): 2026-04-01 23:21
=================================================================================================================
Extracted data from ./RESULTS/libRad_v01_disort_1D_SWIA_solar_10472C_Tromsø_TOA.nc:

 |------------------------|
 |     data  =    nan     |
 |------------------------|
 |    BMAFLX =  251.5     |
 |------------------------|


     Skipping 10637C. Do not find product BMA_FLX



=================================================================================================================
    Productfile=  ./RESULTS/libRad_v01_disort_1D_SWIA_solar_10777C_Tromsø_TOA.nc 
    OrbitID    =  10777C 
    Specs      =  TOA 
    Across-track index : 151
    Along-track index  : 4496
    Overpass time (UTC): 2026-04-21 13:58
=================================================================================================================
Extracted data from ./RESULTS/libRad_v01_disort_1D_SWIA_solar_10777C_Tromsø_TOA.nc:

 |------------------------|
 |     data  =  294.1     |
 |------------------------|
 |    BMAFLX =  297.2     |
 |------------------------|


     Skipping 11166C. Do not find product BMA_FLX



=================================================================================================================
    Productfile=  ./RESULTS/libRad_v01_disort_1D_SWIA_solar_11415C_Tromsø_TOA.nc 
    OrbitID    =  11415C 
    Specs      =  TOA 
    Across-track index : 151
    Along-track index  : 4484
    Overpass time (UTC): 2026-06-01 14:02
=================================================================================================================
Extracted data from ./RESULTS/libRad_v01_disort_1D_SWIA_solar_11415C_Tromsø_TOA.nc:

 |------------------------|
 |     data  =  112.7     |
 |------------------------|
 |    BMAFLX =    nan     |
 |------------------------|


     Skipping 11555C. Do not find product BMA_FLX

     Skipping 11804C. Do not find product BMA_FLX

     Skipping 11944C. Do not find product BMA_FLX



=================================================================================================================
    Productfile=  ./RESULTS/libRad_v01_disort_1D_SWIA_solar_12193C_Tromsø_TOA.nc 
    OrbitID    =  12193C 
    Specs      =  TOA 
    Across-track index : 151
    Along-track index  : 4484
    Overpass time (UTC): 2026-07-21 14:03
=================================================================================================================
Extracted data from ./RESULTS/libRad_v01_disort_1D_SWIA_solar_12193C_Tromsø_TOA.nc:

 |------------------------|
 |     data  =  460.7     |
 |------------------------|
 |    BMAFLX =    nan     |
 |------------------------|


     Skipping 12333C. Do not find product BMA_FLX



=================================================================================================================
    Productfile=  ./RESULTS/libRad_v01_disort_1D_SWIA_solar_12582C_Tromsø_TOA.nc 
    OrbitID    =  12582C 
    Specs      =  TOA 
    Across-track index : 151
    Along-track index  : 4483
    Overpass time (UTC): 2026-08-15 14:03
=================================================================================================================
Extracted data from ./RESULTS/libRad_v01_disort_1D_SWIA_solar_12582C_Tromsø_TOA.nc:

 |------------------------|
 |     data  =  379.5     |
 |------------------------|
 |    BMAFLX =  320.8     |
 |------------------------|




=================================================================================================================
    Productfile=  ./RESULTS/libRad_v01_disort_1D_SWIA_solar_00966B_Bergen_TOA.nc 
    OrbitID    =  00966B 
    Specs      =  TOA 
    Across-track index : 151
    Along-track index  : 4254
    Overpass time (UTC): 2024-07-30 00:49
=================================================================================================================
Extracted data from ./RESULTS/libRad_v01_disort_1D_SWIA_solar_00966B_Bergen_TOA.nc:

 |------------------------|
 |     data  =    nan     |
 |------------------------|
 |    BMAFLX =    nan     |
 |------------------------|




=================================================================================================================
    Productfile=  ./RESULTS/libRad_v01_disort_1D_SWIA_solar_01068D_Bergen_TOA.nc 
    OrbitID    =  01068D 
    Specs      =  TOA 
    Across-track index : 151
    Along-track index  : 893
    Overpass time (UTC): 2024-08-05 14:32
=================================================================================================================
Extracted data from ./RESULTS/libRad_v01_disort_1D_SWIA_solar_01068D_Bergen_TOA.nc:

 |------------------------|
 |     data  =  549.7     |
 |------------------------|
 |    BMAFLX =  492.5     |
 |------------------------|




=================================================================================================================
    Productfile=  ./RESULTS/libRad_v01_disort_1D_SWIA_solar_01277B_Bergen_TOA.nc 
    OrbitID    =  01277B 
    Specs      =  TOA 
    Across-track index : 151
    Along-track index  : 4248
    Overpass time (UTC): 2024-08-19 00:50
=================================================================================================================
Extracted data from ./RESULTS/libRad_v01_disort_1D_SWIA_solar_01277B_Bergen_TOA.nc:

 |------------------------|
 |     data  =    nan     |
 |------------------------|
 |    BMAFLX =    nan     |
 |------------------------|




=================================================================================================================
    Productfile=  ./RESULTS/libRad_v01_disort_1D_SWIA_solar_01628D_Bergen_TOA.nc 
    OrbitID    =  01628D 
    Specs      =  TOA 
    Across-track index : 151
    Along-track index  : 901
    Overpass time (UTC): 2024-09-10 14:29
=================================================================================================================
Extracted data from ./RESULTS/libRad_v01_disort_1D_SWIA_solar_01628D_Bergen_TOA.nc:

 |------------------------|
 |     data  =  429.5     |
 |------------------------|
 |    BMAFLX =  366.9     |
 |------------------------|




=================================================================================================================
    Productfile=  ./RESULTS/libRad_v01_disort_1D_SWIA_solar_01666B_Bergen_TOA.nc 
    OrbitID    =  01666B 
    Specs      =  TOA 
    Across-track index : 151
    Along-track index  : 4241
    Overpass time (UTC): 2024-09-13 00:50
=================================================================================================================
Extracted data from ./RESULTS/libRad_v01_disort_1D_SWIA_solar_01666B_Bergen_TOA.nc:

 |------------------------|
 |     data  =    nan     |
 |------------------------|
 |    BMAFLX =    nan     |
 |------------------------|




=================================================================================================================
    Productfile=  ./RESULTS/libRad_v01_disort_1D_SWIA_solar_02017D_Bergen_TOA.nc 
    OrbitID    =  02017D 
    Specs      =  TOA 
    Across-track index : 151
    Along-track index  : 893
    Overpass time (UTC): 2024-10-05 14:31
=================================================================================================================
Extracted data from ./RESULTS/libRad_v01_disort_1D_SWIA_solar_02017D_Bergen_TOA.nc:

 |------------------------|
 |     data  =  265.8     |
 |------------------------|
 |    BMAFLX =  205.2     |
 |------------------------|




=================================================================================================================
    Productfile=  ./RESULTS/libRad_v01_disort_1D_SWIA_solar_02195B_Bergen_TOA.nc 
    OrbitID    =  02195B 
    Specs      =  TOA 
    Across-track index : 151
    Along-track index  : 4248
    Overpass time (UTC): 2024-10-17 00:48
=================================================================================================================
Extracted data from ./RESULTS/libRad_v01_disort_1D_SWIA_solar_02195B_Bergen_TOA.nc:

 |------------------------|
 |     data  =    nan     |
 |------------------------|
 |    BMAFLX =    nan     |
 |------------------------|




=================================================================================================================
    Productfile=  ./RESULTS/libRad_v01_disort_1D_SWIA_solar_02406D_Bergen_TOA.nc 
    OrbitID    =  02406D 
    Specs      =  TOA 
    Across-track index : 151
    Along-track index  : 896
    Overpass time (UTC): 2024-10-30 14:29
=================================================================================================================
Extracted data from ./RESULTS/libRad_v01_disort_1D_SWIA_solar_02406D_Bergen_TOA.nc:

 |------------------------|
 |     data  =  109.2     |
 |------------------------|
 |    BMAFLX =  114.8     |
 |------------------------|




=================================================================================================================
    Productfile=  ./RESULTS/libRad_v01_disort_1D_SWIA_solar_02795D_Bergen_TOA.nc 
    OrbitID    =  02795D 
    Specs      =  TOA 
    Across-track index : 151
    Along-track index  : 891
    Overpass time (UTC): 2024-11-24 14:30
=================================================================================================================
Extracted data from ./RESULTS/libRad_v01_disort_1D_SWIA_solar_02795D_Bergen_TOA.nc:

 |------------------------|
 |     data  =   11.9     |
 |------------------------|
 |    BMAFLX =    nan     |
 |------------------------|




=================================================================================================================
    Productfile=  ./RESULTS/libRad_v01_disort_1D_SWIA_solar_02973B_Bergen_TOA.nc 
    OrbitID    =  02973B 
    Specs      =  TOA 
    Across-track index : 151
    Along-track index  : 4247
    Overpass time (UTC): 2024-12-06 00:47
=================================================================================================================
Extracted data from ./RESULTS/libRad_v01_disort_1D_SWIA_solar_02973B_Bergen_TOA.nc:

 |------------------------|
 |     data  =    nan     |
 |------------------------|
 |    BMAFLX =    nan     |
 |------------------------|




=================================================================================================================
    Productfile=  ./RESULTS/libRad_v01_disort_1D_SWIA_solar_03184D_Bergen_TOA.nc 
    OrbitID    =  03184D 
    Specs      =  TOA 
    Across-track index : 151
    Along-track index  : 893
    Overpass time (UTC): 2024-12-19 14:29
=================================================================================================================
Extracted data from ./RESULTS/libRad_v01_disort_1D_SWIA_solar_03184D_Bergen_TOA.nc:

 |------------------------|
 |     data  =    nan     |
 |------------------------|
 |    BMAFLX =    nan     |
 |------------------------|




=================================================================================================================
    Productfile=  ./RESULTS/libRad_v01_disort_1D_SWIA_solar_03362B_Bergen_TOA.nc 
    OrbitID    =  03362B 
    Specs      =  TOA 
    Across-track index : 151
    Along-track index  : 4244
    Overpass time (UTC): 2024-12-31 00:47
=================================================================================================================
Extracted data from ./RESULTS/libRad_v01_disort_1D_SWIA_solar_03362B_Bergen_TOA.nc:

 |------------------------|
 |     data  =    nan     |
 |------------------------|
 |    BMAFLX =    nan     |
 |------------------------|




=================================================================================================================
    Productfile=  ./RESULTS/libRad_v01_disort_1D_SWIA_solar_03573D_Bergen_TOA.nc 
    OrbitID    =  03573D 
    Specs      =  TOA 
    Across-track index : 151
    Along-track index  : 894
    Overpass time (UTC): 2025-01-13 14:28
=================================================================================================================
Extracted data from ./RESULTS/libRad_v01_disort_1D_SWIA_solar_03573D_Bergen_TOA.nc:

 |------------------------|
 |     data  =   35.5     |
 |------------------------|
 |    BMAFLX =    nan     |
 |------------------------|




=================================================================================================================
    Productfile=  ./RESULTS/libRad_v01_disort_1D_SWIA_solar_03751B_Bergen_TOA.nc 
    OrbitID    =  03751B 
    Specs      =  TOA 
    Across-track index : 151
    Along-track index  : 4245
    Overpass time (UTC): 2025-01-25 00:46
=================================================================================================================
Extracted data from ./RESULTS/libRad_v01_disort_1D_SWIA_solar_03751B_Bergen_TOA.nc:

 |------------------------|
 |     data  =    nan     |
 |------------------------|
 |    BMAFLX =    nan     |
 |------------------------|




=================================================================================================================
    Productfile=  ./RESULTS/libRad_v01_disort_1D_SWIA_solar_03962D_Bergen_TOA.nc 
    OrbitID    =  03962D 
    Specs      =  TOA 
    Across-track index : 151
    Along-track index  : 895
    Overpass time (UTC): 2025-02-07 14:28
=================================================================================================================
Extracted data from ./RESULTS/libRad_v01_disort_1D_SWIA_solar_03962D_Bergen_TOA.nc:

 |------------------------|
 |     data  =   51.4     |
 |------------------------|
 |    BMAFLX =   56.7     |
 |------------------------|




=================================================================================================================
    Productfile=  ./RESULTS/libRad_v01_disort_1D_SWIA_solar_04140B_Bergen_TOA.nc 
    OrbitID    =  04140B 
    Specs      =  TOA 
    Across-track index : 151
    Along-track index  : 4246
    Overpass time (UTC): 2025-02-19 00:46
=================================================================================================================
Extracted data from ./RESULTS/libRad_v01_disort_1D_SWIA_solar_04140B_Bergen_TOA.nc:

 |------------------------|
 |     data  =    nan     |
 |------------------------|
 |    BMAFLX =    nan     |
 |------------------------|




=================================================================================================================
    Productfile=  ./RESULTS/libRad_v01_disort_1D_SWIA_solar_04740D_Bergen_TOA.nc 
    OrbitID    =  04740D 
    Specs      =  TOA 
    Across-track index : 151
    Along-track index  : 896
    Overpass time (UTC): 2025-03-29 14:27
=================================================================================================================
Extracted data from ./RESULTS/libRad_v01_disort_1D_SWIA_solar_04740D_Bergen_TOA.nc:

 |------------------------|
 |     data  =  406.3     |
 |------------------------|
 |    BMAFLX =  275.3     |
 |------------------------|




=================================================================================================================
    Productfile=  ./RESULTS/libRad_v01_disort_1D_SWIA_solar_05307B_Bergen_TOA.nc 
    OrbitID    =  05307B 
    Specs      =  TOA 
    Across-track index : 151
    Along-track index  : 4247
    Overpass time (UTC): 2025-05-05 00:45
=================================================================================================================
Extracted data from ./RESULTS/libRad_v01_disort_1D_SWIA_solar_05307B_Bergen_TOA.nc:

 |------------------------|
 |     data  =    nan     |
 |------------------------|
 |    BMAFLX =    nan     |
 |------------------------|




=================================================================================================================
    Productfile=  ./RESULTS/libRad_v01_disort_1D_SWIA_solar_05518D_Bergen_TOA.nc 
    OrbitID    =  05518D 
    Specs      =  TOA 
    Across-track index : 151
    Along-track index  : 895
    Overpass time (UTC): 2025-05-18 14:27
=================================================================================================================
Extracted data from ./RESULTS/libRad_v01_disort_1D_SWIA_solar_05518D_Bergen_TOA.nc:

 |------------------------|
 |     data  =   81.0     |
 |------------------------|
 |    BMAFLX =   89.6     |
 |------------------------|




=================================================================================================================
    Productfile=  ./RESULTS/libRad_v01_disort_1D_SWIA_solar_05696B_Bergen_TOA.nc 
    OrbitID    =  05696B 
    Specs      =  TOA 
    Across-track index : 151
    Along-track index  : 4246
    Overpass time (UTC): 2025-05-30 00:45
=================================================================================================================
Extracted data from ./RESULTS/libRad_v01_disort_1D_SWIA_solar_05696B_Bergen_TOA.nc:

 |------------------------|
 |     data  =    nan     |
 |------------------------|
 |    BMAFLX =    nan     |
 |------------------------|




=================================================================================================================
    Productfile=  ./RESULTS/libRad_v01_disort_1D_SWIA_solar_05907D_Bergen_TOA.nc 
    OrbitID    =  05907D 
    Specs      =  TOA 
    Across-track index : 151
    Along-track index  : 895
    Overpass time (UTC): 2025-06-12 14:26
=================================================================================================================
Extracted data from ./RESULTS/libRad_v01_disort_1D_SWIA_solar_05907D_Bergen_TOA.nc:

 |------------------------|
 |     data  =  118.5     |
 |------------------------|
 |    BMAFLX =  130.7     |
 |------------------------|




=================================================================================================================
    Productfile=  ./RESULTS/libRad_v01_disort_1D_SWIA_solar_06296D_Bergen_TOA.nc 
    OrbitID    =  06296D 
    Specs      =  TOA 
    Across-track index : 151
    Along-track index  : 896
    Overpass time (UTC): 2025-07-07 14:26
=================================================================================================================
Extracted data from ./RESULTS/libRad_v01_disort_1D_SWIA_solar_06296D_Bergen_TOA.nc:

 |------------------------|
 |     data  =  159.2     |
 |------------------------|
 |    BMAFLX =  183.6     |
 |------------------------|




=================================================================================================================
    Productfile=  ./RESULTS/libRad_v01_disort_1D_SWIA_solar_06685D_Bergen_TOA.nc 
    OrbitID    =  06685D 
    Specs      =  TOA 
    Across-track index : 151
    Along-track index  : 896
    Overpass time (UTC): 2025-08-01 14:26
=================================================================================================================
Extracted data from ./RESULTS/libRad_v01_disort_1D_SWIA_solar_06685D_Bergen_TOA.nc:

 |------------------------|
 |     data  =  401.4     |
 |------------------------|
 |    BMAFLX =  364.2     |
 |------------------------|




=================================================================================================================
    Productfile=  ./RESULTS/libRad_v01_disort_1D_SWIA_solar_06863B_Bergen_TOA.nc 
    OrbitID    =  06863B 
    Specs      =  TOA 
    Across-track index : 151
    Along-track index  : 4247
    Overpass time (UTC): 2025-08-13 00:44
=================================================================================================================
Extracted data from ./RESULTS/libRad_v01_disort_1D_SWIA_solar_06863B_Bergen_TOA.nc:

 |------------------------|
 |     data  =    nan     |
 |------------------------|
 |    BMAFLX =    nan     |
 |------------------------|




=================================================================================================================
    Productfile=  ./RESULTS/libRad_v01_disort_1D_SWIA_solar_07074D_Bergen_TOA.nc 
    OrbitID    =  07074D 
    Specs      =  TOA 
    Across-track index : 151
    Along-track index  : 896
    Overpass time (UTC): 2025-08-26 14:25
=================================================================================================================
Extracted data from ./RESULTS/libRad_v01_disort_1D_SWIA_solar_07074D_Bergen_TOA.nc:

 |------------------------|
 |     data  =   91.9     |
 |------------------------|
 |    BMAFLX =   87.6     |
 |------------------------|




=================================================================================================================
    Productfile=  ./RESULTS/libRad_v01_disort_1D_SWIA_solar_07463D_Bergen_TOA.nc 
    OrbitID    =  07463D 
    Specs      =  TOA 
    Across-track index : 151
    Along-track index  : 895
    Overpass time (UTC): 2025-09-20 14:26
=================================================================================================================
Extracted data from ./RESULTS/libRad_v01_disort_1D_SWIA_solar_07463D_Bergen_TOA.nc:

 |------------------------|
 |     data  =  270.7     |
 |------------------------|
 |    BMAFLX =    nan     |
 |------------------------|




=================================================================================================================
    Productfile=  ./RESULTS/libRad_v01_disort_1D_SWIA_solar_07641B_Bergen_TOA.nc 
    OrbitID    =  07641B 
    Specs      =  TOA 
    Across-track index : 151
    Along-track index  : 4247
    Overpass time (UTC): 2025-10-02 00:44
=================================================================================================================
Extracted data from ./RESULTS/libRad_v01_disort_1D_SWIA_solar_07641B_Bergen_TOA.nc:

 |------------------------|
 |     data  =    nan     |
 |------------------------|
 |    BMAFLX =    nan     |
 |------------------------|




=================================================================================================================
    Productfile=  ./RESULTS/libRad_v01_disort_1D_SWIA_solar_07852D_Bergen_TOA.nc 
    OrbitID    =  07852D 
    Specs      =  TOA 
    Across-track index : 151
    Along-track index  : 894
    Overpass time (UTC): 2025-10-15 14:26
=================================================================================================================
Extracted data from ./RESULTS/libRad_v01_disort_1D_SWIA_solar_07852D_Bergen_TOA.nc:

 |------------------------|
 |     data  =  151.1     |
 |------------------------|
 |    BMAFLX =  131.6     |
 |------------------------|




=================================================================================================================
    Productfile=  ./RESULTS/libRad_v01_disort_1D_SWIA_solar_08241D_Bergen_TOA.nc 
    OrbitID    =  08241D 
    Specs      =  TOA 
    Across-track index : 151
    Along-track index  : 896
    Overpass time (UTC): 2025-11-09 14:26
=================================================================================================================
Extracted data from ./RESULTS/libRad_v01_disort_1D_SWIA_solar_08241D_Bergen_TOA.nc:

 |------------------------|
 |     data  =   64.5     |
 |------------------------|
 |    BMAFLX =    nan     |
 |------------------------|


     Skipping 08419B. Do not find product BMA_FLX



=================================================================================================================
    Productfile=  ./RESULTS/libRad_v01_disort_1D_SWIA_solar_08630D_Bergen_TOA.nc 
    OrbitID    =  08630D 
    Specs      =  TOA 
    Across-track index : 151
    Along-track index  : 895
    Overpass time (UTC): 2025-12-04 14:26
=================================================================================================================
Extracted data from ./RESULTS/libRad_v01_disort_1D_SWIA_solar_08630D_Bergen_TOA.nc:

 |------------------------|
 |     data  =    nan     |
 |------------------------|
 |    BMAFLX =    nan     |
 |------------------------|


     Skipping 08808B. Do not find product BMA_FLX

     Skipping 09019D. Do not find product BMA_FLX

     Skipping 09408D. Do not find product BMA_FLX



=================================================================================================================
    Productfile=  ./RESULTS/libRad_v01_disort_1D_SWIA_solar_09797D_Bergen_TOA.nc 
    OrbitID    =  09797D 
    Specs      =  TOA 
    Across-track index : 151
    Along-track index  : 896
    Overpass time (UTC): 2026-02-17 14:26
=================================================================================================================
Extracted data from ./RESULTS/libRad_v01_disort_1D_SWIA_solar_09797D_Bergen_TOA.nc:

 |------------------------|
 |     data  =  180.0     |
 |------------------------|
 |    BMAFLX =  183.9     |
 |------------------------|


     Skipping 09975B. Do not find product BMA_FLX

     Skipping 10186D. Do not find product BMA_FLX

     Skipping 10575D. Do not find product BMA_FLX



=================================================================================================================
    Productfile=  ./RESULTS/libRad_v01_disort_1D_SWIA_solar_11353D_Bergen_TOA.nc 
    OrbitID    =  11353D 
    Specs      =  TOA 
    Across-track index : 151
    Along-track index  : 896
    Overpass time (UTC): 2026-05-28 14:26
=================================================================================================================
Extracted data from ./RESULTS/libRad_v01_disort_1D_SWIA_solar_11353D_Bergen_TOA.nc:

 |------------------------|
 |     data  =   72.3     |
 |------------------------|
 |    BMAFLX =    nan     |
 |------------------------|


     Skipping 11531B. Do not find product BMA_FLX



=================================================================================================================
    Productfile=  ./RESULTS/libRad_v01_disort_1D_SWIA_solar_11742D_Bergen_TOA.nc 
    OrbitID    =  11742D 
    Specs      =  TOA 
    Across-track index : 151
    Along-track index  : 897
    Overpass time (UTC): 2026-06-22 14:27
=================================================================================================================
Extracted data from ./RESULTS/libRad_v01_disort_1D_SWIA_solar_11742D_Bergen_TOA.nc:

 |------------------------|
 |     data  =  149.8     |
 |------------------------|
 |    BMAFLX =  221.9     |
 |------------------------|


     Skipping 12131D. Do not find product BMA_FLX

     Skipping 12520D. Do not find product BMA_FLX



=================================================================================================================
    Productfile=  ./RESULTS/libRad_v01_disort_1D_SWIA_solar_01011C_Hopen_TOA.nc 
    OrbitID    =  01011C 
    Specs      =  TOA 
    Across-track index : 151
    Along-track index  : 1161
    Overpass time (UTC): 2024-08-01 22:22
=================================================================================================================
Extracted data from ./RESULTS/libRad_v01_disort_1D_SWIA_solar_01011C_Hopen_TOA.nc:

 |------------------------|
 |     data  =   31.2     |
 |------------------------|
 |    BMAFLX =  375.1     |
 |------------------------|




=================================================================================================================
    Productfile=  ./RESULTS/libRad_v01_disort_1D_SWIA_solar_01042C_Hopen_TOA.nc 
    OrbitID    =  01042C 
    Specs      =  TOA 
    Across-track index : 151
    Along-track index  : 1190
    Overpass time (UTC): 2024-08-03 22:14
=================================================================================================================
Extracted data from ./RESULTS/libRad_v01_disort_1D_SWIA_solar_01042C_Hopen_TOA.nc:

 |------------------------|
 |     data  =   32.9     |
 |------------------------|
 |    BMAFLX =  321.0     |
 |------------------------|




=================================================================================================================
    Productfile=  ./RESULTS/libRad_v01_disort_1D_SWIA_solar_01068C_Hopen_TOA.nc 
    OrbitID    =  01068C 
    Specs      =  TOA 
    Across-track index : 151
    Along-track index  : 3672
    Overpass time (UTC): 2024-08-05 14:28
=================================================================================================================
Extracted data from ./RESULTS/libRad_v01_disort_1D_SWIA_solar_01068C_Hopen_TOA.nc:

 |------------------------|
 |     data  =   96.5     |
 |------------------------|
 |    BMAFLX =    nan     |
 |------------------------|




=================================================================================================================
    Productfile=  ./RESULTS/libRad_v01_disort_1D_SWIA_solar_01182C_Hopen_TOA.nc 
    OrbitID    =  01182C 
    Specs      =  TOA 
    Across-track index : 151
    Along-track index  : 1170
    Overpass time (UTC): 2024-08-12 22:19
=================================================================================================================
Extracted data from ./RESULTS/libRad_v01_disort_1D_SWIA_solar_01182C_Hopen_TOA.nc:

 |------------------------|
 |     data  =   12.4     |
 |------------------------|
 |    BMAFLX =  235.4     |
 |------------------------|




=================================================================================================================
    Productfile=  ./RESULTS/libRad_v01_disort_1D_SWIA_solar_01239C_Hopen_TOA.nc 
    OrbitID    =  01239C 
    Specs      =  TOA 
    Across-track index : 151
    Along-track index  : 3687
    Overpass time (UTC): 2024-08-16 14:23
=================================================================================================================
Extracted data from ./RESULTS/libRad_v01_disort_1D_SWIA_solar_01239C_Hopen_TOA.nc:

 |------------------------|
 |     data  =  263.3     |
 |------------------------|
 |    BMAFLX =  247.6     |
 |------------------------|




=================================================================================================================
    Productfile=  ./RESULTS/libRad_v01_disort_1D_SWIA_solar_01379C_Hopen_TOA.nc 
    OrbitID    =  01379C 
    Specs      =  TOA 
    Across-track index : 151
    Along-track index  : 3686
    Overpass time (UTC): 2024-08-25 14:22
=================================================================================================================
Extracted data from ./RESULTS/libRad_v01_disort_1D_SWIA_solar_01379C_Hopen_TOA.nc:

 |------------------------|
 |     data  =  274.6     |
 |------------------------|
 |    BMAFLX =  191.6     |
 |------------------------|




=================================================================================================================
    Productfile=  ./RESULTS/libRad_v01_disort_1D_SWIA_solar_01462C_Hopen_TOA.nc 
    OrbitID    =  01462C 
    Specs      =  TOA 
    Across-track index : 151
    Along-track index  : 1172
    Overpass time (UTC): 2024-08-30 22:18
=================================================================================================================
Extracted data from ./RESULTS/libRad_v01_disort_1D_SWIA_solar_01462C_Hopen_TOA.nc:

 |------------------------|
 |     data  =    nan     |
 |------------------------|
 |    BMAFLX =  161.3     |
 |------------------------|




=================================================================================================================
    Productfile=  ./RESULTS/libRad_v01_disort_1D_SWIA_solar_01488C_Hopen_TOA.nc 
    OrbitID    =  01488C 
    Specs      =  TOA 
    Across-track index : 151
    Along-track index  : 3658
    Overpass time (UTC): 2024-09-01 14:30
=================================================================================================================
Extracted data from ./RESULTS/libRad_v01_disort_1D_SWIA_solar_01488C_Hopen_TOA.nc:

 |------------------------|
 |     data  =  169.7     |
 |------------------------|
 |    BMAFLX =    nan     |
 |------------------------|




=================================================================================================================
    Productfile=  ./RESULTS/libRad_v01_disort_1D_SWIA_solar_01602C_Hopen_TOA.nc 
    OrbitID    =  01602C 
    Specs      =  TOA 
    Across-track index : 151
    Along-track index  : 1188
    Overpass time (UTC): 2024-09-08 22:13
=================================================================================================================
Extracted data from ./RESULTS/libRad_v01_disort_1D_SWIA_solar_01602C_Hopen_TOA.nc:

 |------------------------|
 |     data  =    nan     |
 |------------------------|
 |    BMAFLX =  145.4     |
 |------------------------|




=================================================================================================================
    Productfile=  ./RESULTS/libRad_v01_disort_1D_SWIA_solar_01628C_Hopen_TOA.nc 
    OrbitID    =  01628C 
    Specs      =  TOA 
    Across-track index : 151
    Along-track index  : 3673
    Overpass time (UTC): 2024-09-10 14:25
=================================================================================================================
Extracted data from ./RESULTS/libRad_v01_disort_1D_SWIA_solar_01628C_Hopen_TOA.nc:

 |------------------------|
 |     data  =  181.7     |
 |------------------------|
 |    BMAFLX =  185.3     |
 |------------------------|




=================================================================================================================
    Productfile=  ./RESULTS/libRad_v01_disort_1D_SWIA_solar_01711C_Hopen_TOA.nc 
    OrbitID    =  01711C 
    Specs      =  TOA 
    Across-track index : 151
    Along-track index  : 1161
    Overpass time (UTC): 2024-09-15 22:20
=================================================================================================================
Extracted data from ./RESULTS/libRad_v01_disort_1D_SWIA_solar_01711C_Hopen_TOA.nc:

 |------------------------|
 |     data  =    nan     |
 |------------------------|
 |    BMAFLX =    nan     |
 |------------------------|




=================================================================================================================
    Productfile=  ./RESULTS/libRad_v01_disort_1D_SWIA_solar_01768C_Hopen_TOA.nc 
    OrbitID    =  01768C 
    Specs      =  TOA 
    Across-track index : 151
    Along-track index  : 3681
    Overpass time (UTC): 2024-09-19 14:22
=================================================================================================================
Extracted data from ./RESULTS/libRad_v01_disort_1D_SWIA_solar_01768C_Hopen_TOA.nc:

 |------------------------|
 |     data  =  105.4     |
 |------------------------|
 |    BMAFLX =    nan     |
 |------------------------|




=================================================================================================================
    Productfile=  ./RESULTS/libRad_v01_disort_1D_SWIA_solar_01851C_Hopen_TOA.nc 
    OrbitID    =  01851C 
    Specs      =  TOA 
    Across-track index : 151
    Along-track index  : 1170
    Overpass time (UTC): 2024-09-24 22:17
=================================================================================================================
Extracted data from ./RESULTS/libRad_v01_disort_1D_SWIA_solar_01851C_Hopen_TOA.nc:

 |------------------------|
 |     data  =    nan     |
 |------------------------|
 |    BMAFLX =    nan     |
 |------------------------|




=================================================================================================================
    Productfile=  ./RESULTS/libRad_v01_disort_1D_SWIA_solar_01877C_Hopen_TOA.nc 
    OrbitID    =  01877C 
    Specs      =  TOA 
    Across-track index : 151
    Along-track index  : 3655
    Overpass time (UTC): 2024-09-26 14:30
=================================================================================================================
Extracted data from ./RESULTS/libRad_v01_disort_1D_SWIA_solar_01877C_Hopen_TOA.nc:

 |------------------------|
 |     data  =   62.8     |
 |------------------------|
 |    BMAFLX =    nan     |
 |------------------------|




=================================================================================================================
    Productfile=  ./RESULTS/libRad_v01_disort_1D_SWIA_solar_01908C_Hopen_TOA.nc 
    OrbitID    =  01908C 
    Specs      =  TOA 
    Across-track index : 151
    Along-track index  : 3830
    Overpass time (UTC): 2024-09-28 14:19
=================================================================================================================
Extracted data from ./RESULTS/libRad_v01_disort_1D_SWIA_solar_01908C_Hopen_TOA.nc:

 |------------------------|
 |     data  =   48.9     |
 |------------------------|
 |    BMAFLX =   44.6     |
 |------------------------|




=================================================================================================================
    Productfile=  ./RESULTS/libRad_v01_disort_1D_SWIA_solar_02017C_Hopen_TOA.nc 
    OrbitID    =  02017C 
    Specs      =  TOA 
    Across-track index : 151
    Along-track index  : 3665
    Overpass time (UTC): 2024-10-05 14:26
=================================================================================================================
Extracted data from ./RESULTS/libRad_v01_disort_1D_SWIA_solar_02017C_Hopen_TOA.nc:

 |------------------------|
 |     data  =    8.7     |
 |------------------------|
 |    BMAFLX =   17.1     |
 |------------------------|




=================================================================================================================
    Productfile=  ./RESULTS/libRad_v01_disort_1D_SWIA_solar_02100C_Hopen_TOA.nc 
    OrbitID    =  02100C 
    Specs      =  TOA 
    Across-track index : 151
    Along-track index  : 1160
    Overpass time (UTC): 2024-10-10 22:20
=================================================================================================================
Extracted data from ./RESULTS/libRad_v01_disort_1D_SWIA_solar_02100C_Hopen_TOA.nc:

 |------------------------|
 |     data  =    nan     |
 |------------------------|
 |    BMAFLX =    nan     |
 |------------------------|




=================================================================================================================
    Productfile=  ./RESULTS/libRad_v01_disort_1D_SWIA_solar_02240C_Hopen_TOA.nc 
    OrbitID    =  02240C 
    Specs      =  TOA 
    Across-track index : 151
    Along-track index  : 1169
    Overpass time (UTC): 2024-10-19 22:17
=================================================================================================================
Extracted data from ./RESULTS/libRad_v01_disort_1D_SWIA_solar_02240C_Hopen_TOA.nc:

 |------------------------|
 |     data  =    nan     |
 |------------------------|
 |    BMAFLX =    nan     |
 |------------------------|




=================================================================================================================
    Productfile=  ./RESULTS/libRad_v01_disort_1D_SWIA_solar_02266C_Hopen_TOA.nc 
    OrbitID    =  02266C 
    Specs      =  TOA 
    Across-track index : 151
    Along-track index  : 3655
    Overpass time (UTC): 2024-10-21 14:29
=================================================================================================================
Extracted data from ./RESULTS/libRad_v01_disort_1D_SWIA_solar_02266C_Hopen_TOA.nc:

 |------------------------|
 |     data  =    nan     |
 |------------------------|
 |    BMAFLX =    nan     |
 |------------------------|




=================================================================================================================
    Productfile=  ./RESULTS/libRad_v01_disort_1D_SWIA_solar_02297C_Hopen_TOA.nc 
    OrbitID    =  02297C 
    Specs      =  TOA 
    Across-track index : 151
    Along-track index  : 3694
    Overpass time (UTC): 2024-10-23 14:18
=================================================================================================================
Extracted data from ./RESULTS/libRad_v01_disort_1D_SWIA_solar_02297C_Hopen_TOA.nc:

 |------------------------|
 |     data  =    nan     |
 |------------------------|
 |    BMAFLX =    nan     |
 |------------------------|




=================================================================================================================
    Productfile=  ./RESULTS/libRad_v01_disort_1D_SWIA_solar_02380C_Hopen_TOA.nc 
    OrbitID    =  02380C 
    Specs      =  TOA 
    Across-track index : 151
    Along-track index  : 1184
    Overpass time (UTC): 2024-10-28 22:13
=================================================================================================================
Extracted data from ./RESULTS/libRad_v01_disort_1D_SWIA_solar_02380C_Hopen_TOA.nc:

 |------------------------|
 |     data  =    nan     |
 |------------------------|
 |    BMAFLX =    nan     |
 |------------------------|




=================================================================================================================
    Productfile=  ./RESULTS/libRad_v01_disort_1D_SWIA_solar_02406C_Hopen_TOA.nc 
    OrbitID    =  02406C 
    Specs      =  TOA 
    Across-track index : 151
    Along-track index  : 3670
    Overpass time (UTC): 2024-10-30 14:25
=================================================================================================================
Extracted data from ./RESULTS/libRad_v01_disort_1D_SWIA_solar_02406C_Hopen_TOA.nc:

 |------------------------|
 |     data  =    nan     |
 |------------------------|
 |    BMAFLX =    nan     |
 |------------------------|




=================================================================================================================
    Productfile=  ./RESULTS/libRad_v01_disort_1D_SWIA_solar_02489C_Hopen_TOA.nc 
    OrbitID    =  02489C 
    Specs      =  TOA 
    Across-track index : 151
    Along-track index  : 1158
    Overpass time (UTC): 2024-11-04 22:20
=================================================================================================================
Extracted data from ./RESULTS/libRad_v01_disort_1D_SWIA_solar_02489C_Hopen_TOA.nc:

 |------------------------|
 |     data  =    nan     |
 |------------------------|
 |    BMAFLX =    nan     |
 |------------------------|




=================================================================================================================
    Productfile=  ./RESULTS/libRad_v01_disort_1D_SWIA_solar_02546C_Hopen_TOA.nc 
    OrbitID    =  02546C 
    Specs      =  TOA 
    Across-track index : 151
    Along-track index  : 3680
    Overpass time (UTC): 2024-11-08 14:21
=================================================================================================================
Extracted data from ./RESULTS/libRad_v01_disort_1D_SWIA_solar_02546C_Hopen_TOA.nc:

 |------------------------|
 |     data  =    nan     |
 |------------------------|
 |    BMAFLX =    nan     |
 |------------------------|




=================================================================================================================
    Productfile=  ./RESULTS/libRad_v01_disort_1D_SWIA_solar_02629C_Hopen_TOA.nc 
    OrbitID    =  02629C 
    Specs      =  TOA 
    Across-track index : 151
    Along-track index  : 1170
    Overpass time (UTC): 2024-11-13 22:16
=================================================================================================================
Extracted data from ./RESULTS/libRad_v01_disort_1D_SWIA_solar_02629C_Hopen_TOA.nc:

 |------------------------|
 |     data  =    nan     |
 |------------------------|
 |    BMAFLX =    nan     |
 |------------------------|




=================================================================================================================
    Productfile=  ./RESULTS/libRad_v01_disort_1D_SWIA_solar_02655C_Hopen_TOA.nc 
    OrbitID    =  02655C 
    Specs      =  TOA 
    Across-track index : 151
    Along-track index  : 3655
    Overpass time (UTC): 2024-11-15 14:29
=================================================================================================================
Extracted data from ./RESULTS/libRad_v01_disort_1D_SWIA_solar_02655C_Hopen_TOA.nc:

 |------------------------|
 |     data  =    nan     |
 |------------------------|
 |    BMAFLX =    nan     |
 |------------------------|




=================================================================================================================
    Productfile=  ./RESULTS/libRad_v01_disort_1D_SWIA_solar_02686C_Hopen_TOA.nc 
    OrbitID    =  02686C 
    Specs      =  TOA 
    Across-track index : 151
    Along-track index  : 3691
    Overpass time (UTC): 2024-11-17 14:18
=================================================================================================================
Extracted data from ./RESULTS/libRad_v01_disort_1D_SWIA_solar_02686C_Hopen_TOA.nc:

 |------------------------|
 |     data  =    nan     |
 |------------------------|
 |    BMAFLX =    nan     |
 |------------------------|




=================================================================================================================
    Productfile=  ./RESULTS/libRad_v01_disort_1D_SWIA_solar_02769C_Hopen_TOA.nc 
    OrbitID    =  02769C 
    Specs      =  TOA 
    Across-track index : 151
    Along-track index  : 1179
    Overpass time (UTC): 2024-11-22 22:14
=================================================================================================================
Extracted data from ./RESULTS/libRad_v01_disort_1D_SWIA_solar_02769C_Hopen_TOA.nc:

 |------------------------|
 |     data  =    nan     |
 |------------------------|
 |    BMAFLX =    nan     |
 |------------------------|




=================================================================================================================
    Productfile=  ./RESULTS/libRad_v01_disort_1D_SWIA_solar_02795C_Hopen_TOA.nc 
    OrbitID    =  02795C 
    Specs      =  TOA 
    Across-track index : 151
    Along-track index  : 3664
    Overpass time (UTC): 2024-11-24 14:26
=================================================================================================================
Extracted data from ./RESULTS/libRad_v01_disort_1D_SWIA_solar_02795C_Hopen_TOA.nc:

 |------------------------|
 |     data  =    nan     |
 |------------------------|
 |    BMAFLX =    nan     |
 |------------------------|




=================================================================================================================
    Productfile=  ./RESULTS/libRad_v01_disort_1D_SWIA_solar_02878C_Hopen_TOA.nc 
    OrbitID    =  02878C 
    Specs      =  TOA 
    Across-track index : 151
    Along-track index  : 1156
    Overpass time (UTC): 2024-11-29 22:20
=================================================================================================================
Extracted data from ./RESULTS/libRad_v01_disort_1D_SWIA_solar_02878C_Hopen_TOA.nc:

 |------------------------|
 |     data  =    nan     |
 |------------------------|
 |    BMAFLX =    nan     |
 |------------------------|




=================================================================================================================
    Productfile=  ./RESULTS/libRad_v01_disort_1D_SWIA_solar_02935C_Hopen_TOA.nc 
    OrbitID    =  02935C 
    Specs      =  TOA 
    Across-track index : 151
    Along-track index  : 3680
    Overpass time (UTC): 2024-12-03 14:21
=================================================================================================================
Extracted data from ./RESULTS/libRad_v01_disort_1D_SWIA_solar_02935C_Hopen_TOA.nc:

 |------------------------|
 |     data  =    nan     |
 |------------------------|
 |    BMAFLX =    nan     |
 |------------------------|




=================================================================================================================
    Productfile=  ./RESULTS/libRad_v01_disort_1D_SWIA_solar_03018C_Hopen_TOA.nc 
    OrbitID    =  03018C 
    Specs      =  TOA 
    Across-track index : 151
    Along-track index  : 1170
    Overpass time (UTC): 2024-12-08 22:16
=================================================================================================================
Extracted data from ./RESULTS/libRad_v01_disort_1D_SWIA_solar_03018C_Hopen_TOA.nc:

 |------------------------|
 |     data  =    nan     |
 |------------------------|
 |    BMAFLX =    nan     |
 |------------------------|




=================================================================================================================
    Productfile=  ./RESULTS/libRad_v01_disort_1D_SWIA_solar_03044C_Hopen_TOA.nc 
    OrbitID    =  03044C 
    Specs      =  TOA 
    Across-track index : 151
    Along-track index  : 3655
    Overpass time (UTC): 2024-12-10 14:28
=================================================================================================================
Extracted data from ./RESULTS/libRad_v01_disort_1D_SWIA_solar_03044C_Hopen_TOA.nc:

 |------------------------|
 |     data  =    nan     |
 |------------------------|
 |    BMAFLX =    nan     |
 |------------------------|




=================================================================================================================
    Productfile=  ./RESULTS/libRad_v01_disort_1D_SWIA_solar_03075C_Hopen_TOA.nc 
    OrbitID    =  03075C 
    Specs      =  TOA 
    Across-track index : 151
    Along-track index  : 3692
    Overpass time (UTC): 2024-12-12 14:17
=================================================================================================================
Extracted data from ./RESULTS/libRad_v01_disort_1D_SWIA_solar_03075C_Hopen_TOA.nc:

 |------------------------|
 |     data  =    nan     |
 |------------------------|
 |    BMAFLX =    nan     |
 |------------------------|




=================================================================================================================
    Productfile=  ./RESULTS/libRad_v01_disort_1D_SWIA_solar_03184C_Hopen_TOA.nc 
    OrbitID    =  03184C 
    Specs      =  TOA 
    Across-track index : 151
    Along-track index  : 3667
    Overpass time (UTC): 2024-12-19 14:24
=================================================================================================================
Extracted data from ./RESULTS/libRad_v01_disort_1D_SWIA_solar_03184C_Hopen_TOA.nc:

 |------------------------|
 |     data  =    nan     |
 |------------------------|
 |    BMAFLX =    nan     |
 |------------------------|




=================================================================================================================
    Productfile=  ./RESULTS/libRad_v01_disort_1D_SWIA_solar_03267C_Hopen_TOA.nc 
    OrbitID    =  03267C 
    Specs      =  TOA 
    Across-track index : 151
    Along-track index  : 1158
    Overpass time (UTC): 2024-12-24 22:19
=================================================================================================================
Extracted data from ./RESULTS/libRad_v01_disort_1D_SWIA_solar_03267C_Hopen_TOA.nc:

 |------------------------|
 |     data  =    nan     |
 |------------------------|
 |    BMAFLX =    nan     |
 |------------------------|




=================================================================================================================
    Productfile=  ./RESULTS/libRad_v01_disort_1D_SWIA_solar_03407C_Hopen_TOA.nc 
    OrbitID    =  03407C 
    Specs      =  TOA 
    Across-track index : 151
    Along-track index  : 1170
    Overpass time (UTC): 2025-01-02 22:15
=================================================================================================================
Extracted data from ./RESULTS/libRad_v01_disort_1D_SWIA_solar_03407C_Hopen_TOA.nc:

 |------------------------|
 |     data  =    nan     |
 |------------------------|
 |    BMAFLX =    nan     |
 |------------------------|




=================================================================================================================
    Productfile=  ./RESULTS/libRad_v01_disort_1D_SWIA_solar_03433C_Hopen_TOA.nc 
    OrbitID    =  03433C 
    Specs      =  TOA 
    Across-track index : 151
    Along-track index  : 3655
    Overpass time (UTC): 2025-01-04 14:28
=================================================================================================================
Extracted data from ./RESULTS/libRad_v01_disort_1D_SWIA_solar_03433C_Hopen_TOA.nc:

 |------------------------|
 |     data  =    nan     |
 |------------------------|
 |    BMAFLX =    nan     |
 |------------------------|




=================================================================================================================
    Productfile=  ./RESULTS/libRad_v01_disort_1D_SWIA_solar_03464C_Hopen_TOA.nc 
    OrbitID    =  03464C 
    Specs      =  TOA 
    Across-track index : 151
    Along-track index  : 3692
    Overpass time (UTC): 2025-01-06 14:17
=================================================================================================================
Extracted data from ./RESULTS/libRad_v01_disort_1D_SWIA_solar_03464C_Hopen_TOA.nc:

 |------------------------|
 |     data  =    nan     |
 |------------------------|
 |    BMAFLX =    nan     |
 |------------------------|




=================================================================================================================
    Productfile=  ./RESULTS/libRad_v01_disort_1D_SWIA_solar_03547C_Hopen_TOA.nc 
    OrbitID    =  03547C 
    Specs      =  TOA 
    Across-track index : 151
    Along-track index  : 1182
    Overpass time (UTC): 2025-01-11 22:12
=================================================================================================================
Extracted data from ./RESULTS/libRad_v01_disort_1D_SWIA_solar_03547C_Hopen_TOA.nc:

 |------------------------|
 |     data  =    nan     |
 |------------------------|
 |    BMAFLX =    nan     |
 |------------------------|




=================================================================================================================
    Productfile=  ./RESULTS/libRad_v01_disort_1D_SWIA_solar_03573C_Hopen_TOA.nc 
    OrbitID    =  03573C 
    Specs      =  TOA 
    Across-track index : 151
    Along-track index  : 3667
    Overpass time (UTC): 2025-01-13 14:24
=================================================================================================================
Extracted data from ./RESULTS/libRad_v01_disort_1D_SWIA_solar_03573C_Hopen_TOA.nc:

 |------------------------|
 |     data  =    nan     |
 |------------------------|
 |    BMAFLX =    nan     |
 |------------------------|




=================================================================================================================
    Productfile=  ./RESULTS/libRad_v01_disort_1D_SWIA_solar_03656C_Hopen_TOA.nc 
    OrbitID    =  03656C 
    Specs      =  TOA 
    Across-track index : 151
    Along-track index  : 1157
    Overpass time (UTC): 2025-01-18 22:19
=================================================================================================================
Extracted data from ./RESULTS/libRad_v01_disort_1D_SWIA_solar_03656C_Hopen_TOA.nc:

 |------------------------|
 |     data  =    nan     |
 |------------------------|
 |    BMAFLX =    nan     |
 |------------------------|




=================================================================================================================
    Productfile=  ./RESULTS/libRad_v01_disort_1D_SWIA_solar_03796C_Hopen_TOA.nc 
    OrbitID    =  03796C 
    Specs      =  TOA 
    Across-track index : 151
    Along-track index  : 1170
    Overpass time (UTC): 2025-01-27 22:15
=================================================================================================================
Extracted data from ./RESULTS/libRad_v01_disort_1D_SWIA_solar_03796C_Hopen_TOA.nc:

 |------------------------|
 |     data  =    nan     |
 |------------------------|
 |    BMAFLX =    nan     |
 |------------------------|




=================================================================================================================
    Productfile=  ./RESULTS/libRad_v01_disort_1D_SWIA_solar_03822C_Hopen_TOA.nc 
    OrbitID    =  03822C 
    Specs      =  TOA 
    Across-track index : 151
    Along-track index  : 3655
    Overpass time (UTC): 2025-01-29 14:27
=================================================================================================================
Extracted data from ./RESULTS/libRad_v01_disort_1D_SWIA_solar_03822C_Hopen_TOA.nc:

 |------------------------|
 |     data  =    nan     |
 |------------------------|
 |    BMAFLX =    nan     |
 |------------------------|




=================================================================================================================
    Productfile=  ./RESULTS/libRad_v01_disort_1D_SWIA_solar_03853C_Hopen_TOA.nc 
    OrbitID    =  03853C 
    Specs      =  TOA 
    Across-track index : 151
    Along-track index  : 3692
    Overpass time (UTC): 2025-01-31 14:16
=================================================================================================================
Extracted data from ./RESULTS/libRad_v01_disort_1D_SWIA_solar_03853C_Hopen_TOA.nc:

 |------------------------|
 |     data  =    nan     |
 |------------------------|
 |    BMAFLX =    nan     |
 |------------------------|




=================================================================================================================
    Productfile=  ./RESULTS/libRad_v01_disort_1D_SWIA_solar_03936C_Hopen_TOA.nc 
    OrbitID    =  03936C 
    Specs      =  TOA 
    Across-track index : 151
    Along-track index  : 1183
    Overpass time (UTC): 2025-02-05 22:11
=================================================================================================================
Extracted data from ./RESULTS/libRad_v01_disort_1D_SWIA_solar_03936C_Hopen_TOA.nc:

 |------------------------|
 |     data  =    nan     |
 |------------------------|
 |    BMAFLX =    nan     |
 |------------------------|




=================================================================================================================
    Productfile=  ./RESULTS/libRad_v01_disort_1D_SWIA_solar_03962C_Hopen_TOA.nc 
    OrbitID    =  03962C 
    Specs      =  TOA 
    Across-track index : 151
    Along-track index  : 3668
    Overpass time (UTC): 2025-02-07 14:23
=================================================================================================================
Extracted data from ./RESULTS/libRad_v01_disort_1D_SWIA_solar_03962C_Hopen_TOA.nc:

 |------------------------|
 |     data  =    nan     |
 |------------------------|
 |    BMAFLX =    nan     |
 |------------------------|




=================================================================================================================
    Productfile=  ./RESULTS/libRad_v01_disort_1D_SWIA_solar_04045C_Hopen_TOA.nc 
    OrbitID    =  04045C 
    Specs      =  TOA 
    Across-track index : 151
    Along-track index  : 1157
    Overpass time (UTC): 2025-02-12 22:19
=================================================================================================================
Extracted data from ./RESULTS/libRad_v01_disort_1D_SWIA_solar_04045C_Hopen_TOA.nc:

 |------------------------|
 |     data  =    nan     |
 |------------------------|
 |    BMAFLX =    nan     |
 |------------------------|




=================================================================================================================
    Productfile=  ./RESULTS/libRad_v01_disort_1D_SWIA_solar_04102C_Hopen_TOA.nc 
    OrbitID    =  04102C 
    Specs      =  TOA 
    Across-track index : 151
    Along-track index  : 3679
    Overpass time (UTC): 2025-02-16 14:20
=================================================================================================================
Extracted data from ./RESULTS/libRad_v01_disort_1D_SWIA_solar_04102C_Hopen_TOA.nc:

 |------------------------|
 |     data  =    nan     |
 |------------------------|
 |    BMAFLX =    nan     |
 |------------------------|




=================================================================================================================
    Productfile=  ./RESULTS/libRad_v01_disort_1D_SWIA_solar_04185C_Hopen_TOA.nc 
    OrbitID    =  04185C 
    Specs      =  TOA 
    Across-track index : 151
    Along-track index  : 1170
    Overpass time (UTC): 2025-02-21 22:15
=================================================================================================================
Extracted data from ./RESULTS/libRad_v01_disort_1D_SWIA_solar_04185C_Hopen_TOA.nc:

 |------------------------|
 |     data  =    nan     |
 |------------------------|
 |    BMAFLX =    nan     |
 |------------------------|




=================================================================================================================
    Productfile=  ./RESULTS/libRad_v01_disort_1D_SWIA_solar_04211C_Hopen_TOA.nc 
    OrbitID    =  04211C 
    Specs      =  TOA 
    Across-track index : 151
    Along-track index  : 3655
    Overpass time (UTC): 2025-02-23 14:27
=================================================================================================================
Extracted data from ./RESULTS/libRad_v01_disort_1D_SWIA_solar_04211C_Hopen_TOA.nc:

 |------------------------|
 |     data  =    nan     |
 |------------------------|
 |    BMAFLX =    nan     |
 |------------------------|




=================================================================================================================
    Productfile=  ./RESULTS/libRad_v01_disort_1D_SWIA_solar_04242C_Hopen_TOA.nc 
    OrbitID    =  04242C 
    Specs      =  TOA 
    Across-track index : 151
    Along-track index  : 3693
    Overpass time (UTC): 2025-02-25 14:16
=================================================================================================================
Extracted data from ./RESULTS/libRad_v01_disort_1D_SWIA_solar_04242C_Hopen_TOA.nc:

 |------------------------|
 |     data  =    nan     |
 |------------------------|
 |    BMAFLX =    nan     |
 |------------------------|




=================================================================================================================
    Productfile=  ./RESULTS/libRad_v01_disort_1D_SWIA_solar_04880C_Hopen_TOA.nc 
    OrbitID    =  04880C 
    Specs      =  TOA 
    Across-track index : 151
    Along-track index  : 3681
    Overpass time (UTC): 2025-04-07 14:19
=================================================================================================================
Extracted data from ./RESULTS/libRad_v01_disort_1D_SWIA_solar_04880C_Hopen_TOA.nc:

 |------------------------|
 |     data  =  209.3     |
 |------------------------|
 |    BMAFLX =    nan     |
 |------------------------|




=================================================================================================================
    Productfile=  ./RESULTS/libRad_v01_disort_1D_SWIA_solar_05269C_Hopen_TOA.nc 
    OrbitID    =  05269C 
    Specs      =  TOA 
    Across-track index : 151
    Along-track index  : 3680
    Overpass time (UTC): 2025-05-02 14:19
=================================================================================================================
Extracted data from ./RESULTS/libRad_v01_disort_1D_SWIA_solar_05269C_Hopen_TOA.nc:

 |------------------------|
 |     data  =  295.1     |
 |------------------------|
 |    BMAFLX =    nan     |
 |------------------------|




=================================================================================================================
    Productfile=  ./RESULTS/libRad_v01_disort_1D_SWIA_solar_05352C_Hopen_TOA.nc 
    OrbitID    =  05352C 
    Specs      =  TOA 
    Across-track index : 151
    Along-track index  : 1170
    Overpass time (UTC): 2025-05-07 22:14
=================================================================================================================
Extracted data from ./RESULTS/libRad_v01_disort_1D_SWIA_solar_05352C_Hopen_TOA.nc:

 |------------------------|
 |     data  =   45.6     |
 |------------------------|
 |    BMAFLX =    nan     |
 |------------------------|




=================================================================================================================
    Productfile=  ./RESULTS/libRad_v01_disort_1D_SWIA_solar_05409C_Hopen_TOA.nc 
    OrbitID    =  05409C 
    Specs      =  TOA 
    Across-track index : 151
    Along-track index  : 3692
    Overpass time (UTC): 2025-05-11 14:15
=================================================================================================================
Extracted data from ./RESULTS/libRad_v01_disort_1D_SWIA_solar_05409C_Hopen_TOA.nc:

 |------------------------|
 |     data  =  354.6     |
 |------------------------|
 |    BMAFLX =    nan     |
 |------------------------|




=================================================================================================================
    Productfile=  ./RESULTS/libRad_v01_disort_1D_SWIA_solar_05492C_Hopen_TOA.nc 
    OrbitID    =  05492C 
    Specs      =  TOA 
    Across-track index : 151
    Along-track index  : 1182
    Overpass time (UTC): 2025-05-16 22:10
=================================================================================================================
Extracted data from ./RESULTS/libRad_v01_disort_1D_SWIA_solar_05492C_Hopen_TOA.nc:

 |------------------------|
 |     data  =   64.3     |
 |------------------------|
 |    BMAFLX =  355.6     |
 |------------------------|




=================================================================================================================
    Productfile=  ./RESULTS/libRad_v01_disort_1D_SWIA_solar_05518C_Hopen_TOA.nc 
    OrbitID    =  05518C 
    Specs      =  TOA 
    Across-track index : 151
    Along-track index  : 3668
    Overpass time (UTC): 2025-05-18 14:22
=================================================================================================================
Extracted data from ./RESULTS/libRad_v01_disort_1D_SWIA_solar_05518C_Hopen_TOA.nc:

 |------------------------|
 |     data  =  289.7     |
 |------------------------|
 |    BMAFLX =    nan     |
 |------------------------|




=================================================================================================================
    Productfile=  ./RESULTS/libRad_v01_disort_1D_SWIA_solar_05601C_Hopen_TOA.nc 
    OrbitID    =  05601C 
    Specs      =  TOA 
    Across-track index : 151
    Along-track index  : 1156
    Overpass time (UTC): 2025-05-23 22:17
=================================================================================================================
Extracted data from ./RESULTS/libRad_v01_disort_1D_SWIA_solar_05601C_Hopen_TOA.nc:

 |------------------------|
 |     data  =   73.4     |
 |------------------------|
 |    BMAFLX =  358.9     |
 |------------------------|




=================================================================================================================
    Productfile=  ./RESULTS/libRad_v01_disort_1D_SWIA_solar_05658C_Hopen_TOA.nc 
    OrbitID    =  05658C 
    Specs      =  TOA 
    Across-track index : 151
    Along-track index  : 3680
    Overpass time (UTC): 2025-05-27 14:18
=================================================================================================================
Extracted data from ./RESULTS/libRad_v01_disort_1D_SWIA_solar_05658C_Hopen_TOA.nc:

 |------------------------|
 |     data  =  201.7     |
 |------------------------|
 |    BMAFLX =    nan     |
 |------------------------|




=================================================================================================================
    Productfile=  ./RESULTS/libRad_v01_disort_1D_SWIA_solar_05741C_Hopen_TOA.nc 
    OrbitID    =  05741C 
    Specs      =  TOA 
    Across-track index : 151
    Along-track index  : 1169
    Overpass time (UTC): 2025-06-01 22:13
=================================================================================================================
Extracted data from ./RESULTS/libRad_v01_disort_1D_SWIA_solar_05741C_Hopen_TOA.nc:

 |------------------------|
 |     data  =  266.1     |
 |------------------------|
 |    BMAFLX =    nan     |
 |------------------------|




=================================================================================================================
    Productfile=  ./RESULTS/libRad_v01_disort_1D_SWIA_solar_05767C_Hopen_TOA.nc 
    OrbitID    =  05767C 
    Specs      =  TOA 
    Across-track index : 151
    Along-track index  : 3656
    Overpass time (UTC): 2025-06-03 14:25
=================================================================================================================
Extracted data from ./RESULTS/libRad_v01_disort_1D_SWIA_solar_05767C_Hopen_TOA.nc:

 |------------------------|
 |     data  =  379.6     |
 |------------------------|
 |    BMAFLX =    nan     |
 |------------------------|




=================================================================================================================
    Productfile=  ./RESULTS/libRad_v01_disort_1D_SWIA_solar_05798C_Hopen_TOA.nc 
    OrbitID    =  05798C 
    Specs      =  TOA 
    Across-track index : 151
    Along-track index  : 3692
    Overpass time (UTC): 2025-06-05 14:14
=================================================================================================================
Extracted data from ./RESULTS/libRad_v01_disort_1D_SWIA_solar_05798C_Hopen_TOA.nc:

 |------------------------|
 |     data  =  275.4     |
 |------------------------|
 |    BMAFLX =    nan     |
 |------------------------|




=================================================================================================================
    Productfile=  ./RESULTS/libRad_v01_disort_1D_SWIA_solar_05881C_Hopen_TOA.nc 
    OrbitID    =  05881C 
    Specs      =  TOA 
    Across-track index : 151
    Along-track index  : 1181
    Overpass time (UTC): 2025-06-10 22:10
=================================================================================================================
Extracted data from ./RESULTS/libRad_v01_disort_1D_SWIA_solar_05881C_Hopen_TOA.nc:

 |------------------------|
 |     data  =  123.6     |
 |------------------------|
 |    BMAFLX =    nan     |
 |------------------------|




=================================================================================================================
    Productfile=  ./RESULTS/libRad_v01_disort_1D_SWIA_solar_05907C_Hopen_TOA.nc 
    OrbitID    =  05907C 
    Specs      =  TOA 
    Across-track index : 151
    Along-track index  : 3667
    Overpass time (UTC): 2025-06-12 14:22
=================================================================================================================
Extracted data from ./RESULTS/libRad_v01_disort_1D_SWIA_solar_05907C_Hopen_TOA.nc:

 |------------------------|
 |     data  =  137.4     |
 |------------------------|
 |    BMAFLX =    nan     |
 |------------------------|




=================================================================================================================
    Productfile=  ./RESULTS/libRad_v01_disort_1D_SWIA_solar_05990C_Hopen_TOA.nc 
    OrbitID    =  05990C 
    Specs      =  TOA 
    Across-track index : 151
    Along-track index  : 1157
    Overpass time (UTC): 2025-06-17 22:17
=================================================================================================================
Extracted data from ./RESULTS/libRad_v01_disort_1D_SWIA_solar_05990C_Hopen_TOA.nc:

 |------------------------|
 |     data  =  107.6     |
 |------------------------|
 |    BMAFLX =    nan     |
 |------------------------|




=================================================================================================================
    Productfile=  ./RESULTS/libRad_v01_disort_1D_SWIA_solar_06047C_Hopen_TOA.nc 
    OrbitID    =  06047C 
    Specs      =  TOA 
    Across-track index : 151
    Along-track index  : 3680
    Overpass time (UTC): 2025-06-21 14:18
=================================================================================================================
Extracted data from ./RESULTS/libRad_v01_disort_1D_SWIA_solar_06047C_Hopen_TOA.nc:

 |------------------------|
 |     data  =  317.1     |
 |------------------------|
 |    BMAFLX =    nan     |
 |------------------------|




=================================================================================================================
    Productfile=  ./RESULTS/libRad_v01_disort_1D_SWIA_solar_06130C_Hopen_TOA.nc 
    OrbitID    =  06130C 
    Specs      =  TOA 
    Across-track index : 151
    Along-track index  : 1168
    Overpass time (UTC): 2025-06-26 22:13
=================================================================================================================
Extracted data from ./RESULTS/libRad_v01_disort_1D_SWIA_solar_06130C_Hopen_TOA.nc:

 |------------------------|
 |     data  =  120.7     |
 |------------------------|
 |    BMAFLX =    nan     |
 |------------------------|




=================================================================================================================
    Productfile=  ./RESULTS/libRad_v01_disort_1D_SWIA_solar_06156C_Hopen_TOA.nc 
    OrbitID    =  06156C 
    Specs      =  TOA 
    Across-track index : 151
    Along-track index  : 3654
    Overpass time (UTC): 2025-06-28 14:25
=================================================================================================================
Extracted data from ./RESULTS/libRad_v01_disort_1D_SWIA_solar_06156C_Hopen_TOA.nc:

 |------------------------|
 |     data  =  264.3     |
 |------------------------|
 |    BMAFLX =    nan     |
 |------------------------|




=================================================================================================================
    Productfile=  ./RESULTS/libRad_v01_disort_1D_SWIA_solar_06187C_Hopen_TOA.nc 
    OrbitID    =  06187C 
    Specs      =  TOA 
    Across-track index : 151
    Along-track index  : 3692
    Overpass time (UTC): 2025-06-30 14:14
=================================================================================================================
Extracted data from ./RESULTS/libRad_v01_disort_1D_SWIA_solar_06187C_Hopen_TOA.nc:

 |------------------------|
 |     data  =  302.7     |
 |------------------------|
 |    BMAFLX =    nan     |
 |------------------------|




=================================================================================================================
    Productfile=  ./RESULTS/libRad_v01_disort_1D_SWIA_solar_06270C_Hopen_TOA.nc 
    OrbitID    =  06270C 
    Specs      =  TOA 
    Across-track index : 151
    Along-track index  : 1181
    Overpass time (UTC): 2025-07-05 22:09
=================================================================================================================
Extracted data from ./RESULTS/libRad_v01_disort_1D_SWIA_solar_06270C_Hopen_TOA.nc:

 |------------------------|
 |     data  =   92.6     |
 |------------------------|
 |    BMAFLX =  387.1     |
 |------------------------|




=================================================================================================================
    Productfile=  ./RESULTS/libRad_v01_disort_1D_SWIA_solar_06296C_Hopen_TOA.nc 
    OrbitID    =  06296C 
    Specs      =  TOA 
    Across-track index : 151
    Along-track index  : 3668
    Overpass time (UTC): 2025-07-07 14:21
=================================================================================================================
Extracted data from ./RESULTS/libRad_v01_disort_1D_SWIA_solar_06296C_Hopen_TOA.nc:

 |------------------------|
 |     data  =  233.1     |
 |------------------------|
 |    BMAFLX =    nan     |
 |------------------------|




=================================================================================================================
    Productfile=  ./RESULTS/libRad_v01_disort_1D_SWIA_solar_06436C_Hopen_TOA.nc 
    OrbitID    =  06436C 
    Specs      =  TOA 
    Across-track index : 151
    Along-track index  : 3680
    Overpass time (UTC): 2025-07-16 14:18
=================================================================================================================
Extracted data from ./RESULTS/libRad_v01_disort_1D_SWIA_solar_06436C_Hopen_TOA.nc:

 |------------------------|
 |     data  =  201.2     |
 |------------------------|
 |    BMAFLX =    nan     |
 |------------------------|




=================================================================================================================
    Productfile=  ./RESULTS/libRad_v01_disort_1D_SWIA_solar_06545C_Hopen_TOA.nc 
    OrbitID    =  06545C 
    Specs      =  TOA 
    Across-track index : 151
    Along-track index  : 3655
    Overpass time (UTC): 2025-07-23 14:25
=================================================================================================================
Extracted data from ./RESULTS/libRad_v01_disort_1D_SWIA_solar_06545C_Hopen_TOA.nc:

 |------------------------|
 |     data  =  272.2     |
 |------------------------|
 |    BMAFLX =    nan     |
 |------------------------|




=================================================================================================================
    Productfile=  ./RESULTS/libRad_v01_disort_1D_SWIA_solar_06685C_Hopen_TOA.nc 
    OrbitID    =  06685C 
    Specs      =  TOA 
    Across-track index : 151
    Along-track index  : 3668
    Overpass time (UTC): 2025-08-01 14:21
=================================================================================================================
Extracted data from ./RESULTS/libRad_v01_disort_1D_SWIA_solar_06685C_Hopen_TOA.nc:

 |------------------------|
 |     data  =  320.5     |
 |------------------------|
 |    BMAFLX =    nan     |
 |------------------------|




=================================================================================================================
    Productfile=  ./RESULTS/libRad_v01_disort_1D_SWIA_solar_06825C_Hopen_TOA.nc 
    OrbitID    =  06825C 
    Specs      =  TOA 
    Across-track index : 151
    Along-track index  : 3681
    Overpass time (UTC): 2025-08-10 14:17
=================================================================================================================
Extracted data from ./RESULTS/libRad_v01_disort_1D_SWIA_solar_06825C_Hopen_TOA.nc:

 |------------------------|
 |     data  =  111.3     |
 |------------------------|
 |    BMAFLX =  121.5     |
 |------------------------|




=================================================================================================================
    Productfile=  ./RESULTS/libRad_v01_disort_1D_SWIA_solar_06934C_Hopen_TOA.nc 
    OrbitID    =  06934C 
    Specs      =  TOA 
    Across-track index : 151
    Along-track index  : 3655
    Overpass time (UTC): 2025-08-17 14:25
=================================================================================================================
Extracted data from ./RESULTS/libRad_v01_disort_1D_SWIA_solar_06934C_Hopen_TOA.nc:

 |------------------------|
 |     data  =  246.9     |
 |------------------------|
 |    BMAFLX =    nan     |
 |------------------------|




=================================================================================================================
    Productfile=  ./RESULTS/libRad_v01_disort_1D_SWIA_solar_07074C_Hopen_TOA.nc 
    OrbitID    =  07074C 
    Specs      =  TOA 
    Across-track index : 151
    Along-track index  : 3668
    Overpass time (UTC): 2025-08-26 14:21
=================================================================================================================
Extracted data from ./RESULTS/libRad_v01_disort_1D_SWIA_solar_07074C_Hopen_TOA.nc:

 |------------------------|
 |     data  =  152.9     |
 |------------------------|
 |    BMAFLX =    nan     |
 |------------------------|




=================================================================================================================
    Productfile=  ./RESULTS/libRad_v01_disort_1D_SWIA_solar_07214C_Hopen_TOA.nc 
    OrbitID    =  07214C 
    Specs      =  TOA 
    Across-track index : 151
    Along-track index  : 3681
    Overpass time (UTC): 2025-09-04 14:17
=================================================================================================================
Extracted data from ./RESULTS/libRad_v01_disort_1D_SWIA_solar_07214C_Hopen_TOA.nc:

 |------------------------|
 |     data  =  226.3     |
 |------------------------|
 |    BMAFLX =    nan     |
 |------------------------|




=================================================================================================================
    Productfile=  ./RESULTS/libRad_v01_disort_1D_SWIA_solar_07323C_Hopen_TOA.nc 
    OrbitID    =  07323C 
    Specs      =  TOA 
    Across-track index : 151
    Along-track index  : 3655
    Overpass time (UTC): 2025-09-11 14:25
=================================================================================================================
Extracted data from ./RESULTS/libRad_v01_disort_1D_SWIA_solar_07323C_Hopen_TOA.nc:

 |------------------------|
 |     data  =  107.8     |
 |------------------------|
 |    BMAFLX =    nan     |
 |------------------------|




=================================================================================================================
    Productfile=  ./RESULTS/libRad_v01_disort_1D_SWIA_solar_07354C_Hopen_TOA.nc 
    OrbitID    =  07354C 
    Specs      =  TOA 
    Across-track index : 151
    Along-track index  : 3692
    Overpass time (UTC): 2025-09-13 14:14
=================================================================================================================
Extracted data from ./RESULTS/libRad_v01_disort_1D_SWIA_solar_07354C_Hopen_TOA.nc:

 |------------------------|
 |     data  =  155.6     |
 |------------------------|
 |    BMAFLX =  169.6     |
 |------------------------|




=================================================================================================================
    Productfile=  ./RESULTS/libRad_v01_disort_1D_SWIA_solar_07463C_Hopen_TOA.nc 
    OrbitID    =  07463C 
    Specs      =  TOA 
    Across-track index : 151
    Along-track index  : 3666
    Overpass time (UTC): 2025-09-20 14:21
=================================================================================================================
Extracted data from ./RESULTS/libRad_v01_disort_1D_SWIA_solar_07463C_Hopen_TOA.nc:

 |------------------------|
 |     data  =   90.0     |
 |------------------------|
 |    BMAFLX =   89.9     |
 |------------------------|




=================================================================================================================
    Productfile=  ./RESULTS/libRad_v01_disort_1D_SWIA_solar_07603C_Hopen_TOA.nc 
    OrbitID    =  07603C 
    Specs      =  TOA 
    Across-track index : 151
    Along-track index  : 3679
    Overpass time (UTC): 2025-09-29 14:17
=================================================================================================================
Extracted data from ./RESULTS/libRad_v01_disort_1D_SWIA_solar_07603C_Hopen_TOA.nc:

 |------------------------|
 |     data  =   55.6     |
 |------------------------|
 |    BMAFLX =    nan     |
 |------------------------|




=================================================================================================================
    Productfile=  ./RESULTS/libRad_v01_disort_1D_SWIA_solar_07852C_Hopen_TOA.nc 
    OrbitID    =  07852C 
    Specs      =  TOA 
    Across-track index : 151
    Along-track index  : 3665
    Overpass time (UTC): 2025-10-15 14:22
=================================================================================================================
Extracted data from ./RESULTS/libRad_v01_disort_1D_SWIA_solar_07852C_Hopen_TOA.nc:

 |------------------------|
 |     data  =    nan     |
 |------------------------|
 |    BMAFLX =    nan     |
 |------------------------|




=================================================================================================================
    Productfile=  ./RESULTS/libRad_v01_disort_1D_SWIA_solar_08101C_Hopen_TOA.nc 
    OrbitID    =  08101C 
    Specs      =  TOA 
    Across-track index : 151
    Along-track index  : 3654
    Overpass time (UTC): 2025-10-31 14:25
=================================================================================================================
Extracted data from ./RESULTS/libRad_v01_disort_1D_SWIA_solar_08101C_Hopen_TOA.nc:

 |------------------------|
 |     data  =    nan     |
 |------------------------|
 |    BMAFLX =    nan     |
 |------------------------|




=================================================================================================================
    Productfile=  ./RESULTS/libRad_v01_disort_1D_SWIA_solar_08132C_Hopen_TOA.nc 
    OrbitID    =  08132C 
    Specs      =  TOA 
    Across-track index : 151
    Along-track index  : 3690
    Overpass time (UTC): 2025-11-02 14:14
=================================================================================================================
Extracted data from ./RESULTS/libRad_v01_disort_1D_SWIA_solar_08132C_Hopen_TOA.nc:

 |------------------------|
 |     data  =    nan     |
 |------------------------|
 |    BMAFLX =    nan     |
 |------------------------|




=================================================================================================================
    Productfile=  ./RESULTS/libRad_v01_disort_1D_SWIA_solar_08241C_Hopen_TOA.nc 
    OrbitID    =  08241C 
    Specs      =  TOA 
    Across-track index : 151
    Along-track index  : 3666
    Overpass time (UTC): 2025-11-09 14:21
=================================================================================================================
Extracted data from ./RESULTS/libRad_v01_disort_1D_SWIA_solar_08241C_Hopen_TOA.nc:

 |------------------------|
 |     data  =    nan     |
 |------------------------|
 |    BMAFLX =    nan     |
 |------------------------|




=================================================================================================================
    Productfile=  ./RESULTS/libRad_v01_disort_1D_SWIA_solar_08381C_Hopen_TOA.nc 
    OrbitID    =  08381C 
    Specs      =  TOA 
    Across-track index : 151
    Along-track index  : 3680
    Overpass time (UTC): 2025-11-18 14:17
=================================================================================================================
Extracted data from ./RESULTS/libRad_v01_disort_1D_SWIA_solar_08381C_Hopen_TOA.nc:

 |------------------------|
 |     data  =    nan     |
 |------------------------|
 |    BMAFLX =    nan     |
 |------------------------|


     Skipping 08490C. Do not find product BMA_FLX

     Skipping 08521C. Do not find product BMA_FLX



=================================================================================================================
    Productfile=  ./RESULTS/libRad_v01_disort_1D_SWIA_solar_08630C_Hopen_TOA.nc 
    OrbitID    =  08630C 
    Specs      =  TOA 
    Across-track index : 151
    Along-track index  : 3667
    Overpass time (UTC): 2025-12-04 14:21
=================================================================================================================
Extracted data from ./RESULTS/libRad_v01_disort_1D_SWIA_solar_08630C_Hopen_TOA.nc:

 |------------------------|
 |     data  =    nan     |
 |------------------------|
 |    BMAFLX =    nan     |
 |------------------------|


     Skipping 08770C. Do not find product BMA_FLX



=================================================================================================================
    Productfile=  ./RESULTS/libRad_v01_disort_1D_SWIA_solar_08879C_Hopen_TOA.nc 
    OrbitID    =  08879C 
    Specs      =  TOA 
    Across-track index : 151
    Along-track index  : 3653
    Overpass time (UTC): 2025-12-20 14:25
=================================================================================================================
Extracted data from ./RESULTS/libRad_v01_disort_1D_SWIA_solar_08879C_Hopen_TOA.nc:

 |------------------------|
 |     data  =    nan     |
 |------------------------|
 |    BMAFLX =    nan     |
 |------------------------|


     Skipping 09019C. Do not find product BMA_FLX

     Skipping 09102C. Do not find product BMA_FLX

     Skipping 09133C. Do not find product BMA_FLX

     Skipping 09159C. Do not find product BMA_FLX

     Skipping 09268C. Do not find product BMA_FLX



=================================================================================================================
    Productfile=  ./RESULTS/libRad_v01_disort_1D_SWIA_solar_09299C_Hopen_TOA.nc 
    OrbitID    =  09299C 
    Specs      =  TOA 
    Across-track index : 151
    Along-track index  : 3690
    Overpass time (UTC): 2026-01-16 14:14
=================================================================================================================
Extracted data from ./RESULTS/libRad_v01_disort_1D_SWIA_solar_09299C_Hopen_TOA.nc:

 |------------------------|
 |     data  =    nan     |
 |------------------------|
 |    BMAFLX =    nan     |
 |------------------------|


     Skipping 09382C. Do not find product BMA_FLX

     Skipping 09408C. Do not find product BMA_FLX



=================================================================================================================
    Productfile=  ./RESULTS/libRad_v01_disort_1D_SWIA_solar_09548C_Hopen_TOA.nc 
    OrbitID    =  09548C 
    Specs      =  TOA 
    Across-track index : 151
    Along-track index  : 3680
    Overpass time (UTC): 2026-02-01 14:17
=================================================================================================================
Extracted data from ./RESULTS/libRad_v01_disort_1D_SWIA_solar_09548C_Hopen_TOA.nc:

 |------------------------|
 |     data  =    nan     |
 |------------------------|
 |    BMAFLX =    nan     |
 |------------------------|


     Skipping 09657C. Do not find product BMA_FLX



=================================================================================================================
    Productfile=  ./RESULTS/libRad_v01_disort_1D_SWIA_solar_09797C_Hopen_TOA.nc 
    OrbitID    =  09797C 
    Specs      =  TOA 
    Across-track index : 151
    Along-track index  : 3666
    Overpass time (UTC): 2026-02-17 14:21
=================================================================================================================
Extracted data from ./RESULTS/libRad_v01_disort_1D_SWIA_solar_09797C_Hopen_TOA.nc:

 |------------------------|
 |     data  =    nan     |
 |------------------------|
 |    BMAFLX =    nan     |
 |------------------------|


     Skipping 09937C. Do not find product BMA_FLX

     Skipping 10046C. Do not find product BMA_FLX

     Skipping 10186C. Do not find product BMA_FLX

     Skipping 10326C. Do not find product BMA_FLX



=================================================================================================================
    Productfile=  ./RESULTS/libRad_v01_disort_1D_SWIA_solar_10435C_Hopen_TOA.nc 
    OrbitID    =  10435C 
    Specs      =  TOA 
    Across-track index : 151
    Along-track index  : 3653
    Overpass time (UTC): 2026-03-30 14:25
=================================================================================================================
Extracted data from ./RESULTS/libRad_v01_disort_1D_SWIA_solar_10435C_Hopen_TOA.nc:

 |------------------------|
 |     data  =  151.9     |
 |------------------------|
 |    BMAFLX =    nan     |
 |------------------------|


     Skipping 10575C. Do not find product BMA_FLX

     Skipping 10715C. Do not find product BMA_FLX

     Skipping 10824C. Do not find product BMA_FLX

     Skipping 11213C. Do not find product BMA_FLX



=================================================================================================================
    Productfile=  ./RESULTS/libRad_v01_disort_1D_SWIA_solar_11353C_Hopen_TOA.nc 
    OrbitID    =  11353C 
    Specs      =  TOA 
    Across-track index : 151
    Along-track index  : 3667
    Overpass time (UTC): 2026-05-28 14:22
=================================================================================================================
Extracted data from ./RESULTS/libRad_v01_disort_1D_SWIA_solar_11353C_Hopen_TOA.nc:

 |------------------------|
 |     data  =  358.6     |
 |------------------------|
 |    BMAFLX =   95.1     |
 |------------------------|


     Skipping 11493C. Do not find product BMA_FLX



=================================================================================================================
    Productfile=  ./RESULTS/libRad_v01_disort_1D_SWIA_solar_11742C_Hopen_TOA.nc 
    OrbitID    =  11742C 
    Specs      =  TOA 
    Across-track index : 151
    Along-track index  : 3666
    Overpass time (UTC): 2026-06-22 14:22
=================================================================================================================
Extracted data from ./RESULTS/libRad_v01_disort_1D_SWIA_solar_11742C_Hopen_TOA.nc:

 |------------------------|
 |     data  =  146.9     |
 |------------------------|
 |    BMAFLX =    nan     |
 |------------------------|


     Skipping 11882C. Do not find product BMA_FLX

     Skipping 11965C. Do not find product BMA_FLX



=================================================================================================================
    Productfile=  ./RESULTS/libRad_v01_disort_1D_SWIA_solar_11991C_Hopen_TOA.nc 
    OrbitID    =  11991C 
    Specs      =  TOA 
    Across-track index : 151
    Along-track index  : 3654
    Overpass time (UTC): 2026-07-08 14:26
=================================================================================================================
Extracted data from ./RESULTS/libRad_v01_disort_1D_SWIA_solar_11991C_Hopen_TOA.nc:

 |------------------------|
 |     data  =  336.6     |
 |------------------------|
 |    BMAFLX =    nan     |
 |------------------------|


     Skipping 12131C. Do not find product BMA_FLX

     Skipping 12271C. Do not find product BMA_FLX

     Skipping 12380C. Do not find product BMA_FLX

     Skipping 12520C. Do not find product BMA_FLX



=================================================================================================================
    Productfile=  ./RESULTS/libRad_v01_disort_1D_SWIA_solar_01068D_Brusdalen_TOA.nc 
    OrbitID    =  01068D 
    Specs      =  TOA 
    Across-track index : 151
    Along-track index  : 660
    Overpass time (UTC): 2024-08-05 14:32
=================================================================================================================
Extracted data from ./RESULTS/libRad_v01_disort_1D_SWIA_solar_01068D_Brusdalen_TOA.nc:

 |------------------------|
 |     data  =  292.3     |
 |------------------------|
 |    BMAFLX =  281.7     |
 |------------------------|




=================================================================================================================
    Productfile=  ./RESULTS/libRad_v01_disort_1D_SWIA_solar_01308B_Brusdalen_TOA.nc 
    OrbitID    =  01308B 
    Specs      =  TOA 
    Across-track index : 151
    Along-track index  : 4485
    Overpass time (UTC): 2024-08-21 00:40
=================================================================================================================
Extracted data from ./RESULTS/libRad_v01_disort_1D_SWIA_solar_01308B_Brusdalen_TOA.nc:

 |------------------------|
 |     data  =    nan     |
 |------------------------|
 |    BMAFLX =    nan     |
 |------------------------|




=================================================================================================================
    Productfile=  ./RESULTS/libRad_v01_disort_1D_SWIA_solar_01628D_Brusdalen_TOA.nc 
    OrbitID    =  01628D 
    Specs      =  TOA 
    Across-track index : 151
    Along-track index  : 668
    Overpass time (UTC): 2024-09-10 14:28
=================================================================================================================
Extracted data from ./RESULTS/libRad_v01_disort_1D_SWIA_solar_01628D_Brusdalen_TOA.nc:

 |------------------------|
 |     data  =   73.8     |
 |------------------------|
 |    BMAFLX =   86.1     |
 |------------------------|




=================================================================================================================
    Productfile=  ./RESULTS/libRad_v01_disort_1D_SWIA_solar_01697B_Brusdalen_TOA.nc 
    OrbitID    =  01697B 
    Specs      =  TOA 
    Across-track index : 151
    Along-track index  : 4479
    Overpass time (UTC): 2024-09-15 00:40
=================================================================================================================
Extracted data from ./RESULTS/libRad_v01_disort_1D_SWIA_solar_01697B_Brusdalen_TOA.nc:

 |------------------------|
 |     data  =    nan     |
 |------------------------|
 |    BMAFLX =    nan     |
 |------------------------|




=================================================================================================================
    Productfile=  ./RESULTS/libRad_v01_disort_1D_SWIA_solar_02017D_Brusdalen_TOA.nc 
    OrbitID    =  02017D 
    Specs      =  TOA 
    Across-track index : 151
    Along-track index  : 660
    Overpass time (UTC): 2024-10-05 14:30
=================================================================================================================
Extracted data from ./RESULTS/libRad_v01_disort_1D_SWIA_solar_02017D_Brusdalen_TOA.nc:

 |------------------------|
 |     data  =  234.6     |
 |------------------------|
 |    BMAFLX =  224.1     |
 |------------------------|




=================================================================================================================
    Productfile=  ./RESULTS/libRad_v01_disort_1D_SWIA_solar_02086B_Brusdalen_TOA.nc 
    OrbitID    =  02086B 
    Specs      =  TOA 
    Across-track index : 151
    Along-track index  : 4474
    Overpass time (UTC): 2024-10-10 00:41
=================================================================================================================
Extracted data from ./RESULTS/libRad_v01_disort_1D_SWIA_solar_02086B_Brusdalen_TOA.nc:

 |------------------------|
 |     data  =    nan     |
 |------------------------|
 |    BMAFLX =    nan     |
 |------------------------|




=================================================================================================================
    Productfile=  ./RESULTS/libRad_v01_disort_1D_SWIA_solar_02406D_Brusdalen_TOA.nc 
    OrbitID    =  02406D 
    Specs      =  TOA 
    Across-track index : 151
    Along-track index  : 663
    Overpass time (UTC): 2024-10-30 14:29
=================================================================================================================
Extracted data from ./RESULTS/libRad_v01_disort_1D_SWIA_solar_02406D_Brusdalen_TOA.nc:

 |------------------------|
 |     data  =   65.4     |
 |------------------------|
 |    BMAFLX =    nan     |
 |------------------------|




=================================================================================================================
    Productfile=  ./RESULTS/libRad_v01_disort_1D_SWIA_solar_02475B_Brusdalen_TOA.nc 
    OrbitID    =  02475B 
    Specs      =  TOA 
    Across-track index : 151
    Along-track index  : 4472
    Overpass time (UTC): 2024-11-04 00:41
=================================================================================================================
Extracted data from ./RESULTS/libRad_v01_disort_1D_SWIA_solar_02475B_Brusdalen_TOA.nc:

 |------------------------|
 |     data  =    nan     |
 |------------------------|
 |    BMAFLX =    nan     |
 |------------------------|




=================================================================================================================
    Productfile=  ./RESULTS/libRad_v01_disort_1D_SWIA_solar_02795D_Brusdalen_TOA.nc 
    OrbitID    =  02795D 
    Specs      =  TOA 
    Across-track index : 151
    Along-track index  : 659
    Overpass time (UTC): 2024-11-24 14:30
=================================================================================================================
Extracted data from ./RESULTS/libRad_v01_disort_1D_SWIA_solar_02795D_Brusdalen_TOA.nc:

 |------------------------|
 |     data  =    nan     |
 |------------------------|
 |    BMAFLX =    nan     |
 |------------------------|




=================================================================================================================
    Productfile=  ./RESULTS/libRad_v01_disort_1D_SWIA_solar_03184D_Brusdalen_TOA.nc 
    OrbitID    =  03184D 
    Specs      =  TOA 
    Across-track index : 151
    Along-track index  : 661
    Overpass time (UTC): 2024-12-19 14:28
=================================================================================================================
Extracted data from ./RESULTS/libRad_v01_disort_1D_SWIA_solar_03184D_Brusdalen_TOA.nc:

 |------------------------|
 |     data  =    nan     |
 |------------------------|
 |    BMAFLX =    nan     |
 |------------------------|




=================================================================================================================
    Productfile=  ./RESULTS/libRad_v01_disort_1D_SWIA_solar_03253B_Brusdalen_TOA.nc 
    OrbitID    =  03253B 
    Specs      =  TOA 
    Across-track index : 151
    Along-track index  : 4471
    Overpass time (UTC): 2024-12-24 00:40
=================================================================================================================
Extracted data from ./RESULTS/libRad_v01_disort_1D_SWIA_solar_03253B_Brusdalen_TOA.nc:

 |------------------------|
 |     data  =    nan     |
 |------------------------|
 |    BMAFLX =    nan     |
 |------------------------|




=================================================================================================================
    Productfile=  ./RESULTS/libRad_v01_disort_1D_SWIA_solar_03573D_Brusdalen_TOA.nc 
    OrbitID    =  03573D 
    Specs      =  TOA 
    Across-track index : 151
    Along-track index  : 661
    Overpass time (UTC): 2025-01-13 14:28
=================================================================================================================
Extracted data from ./RESULTS/libRad_v01_disort_1D_SWIA_solar_03573D_Brusdalen_TOA.nc:

 |------------------------|
 |     data  =    0.5     |
 |------------------------|
 |    BMAFLX =    nan     |
 |------------------------|




=================================================================================================================
    Productfile=  ./RESULTS/libRad_v01_disort_1D_SWIA_solar_03642B_Brusdalen_TOA.nc 
    OrbitID    =  03642B 
    Specs      =  TOA 
    Across-track index : 151
    Along-track index  : 4472
    Overpass time (UTC): 2025-01-18 00:40
=================================================================================================================
Extracted data from ./RESULTS/libRad_v01_disort_1D_SWIA_solar_03642B_Brusdalen_TOA.nc:

 |------------------------|
 |     data  =    nan     |
 |------------------------|
 |    BMAFLX =    nan     |
 |------------------------|




=================================================================================================================
    Productfile=  ./RESULTS/libRad_v01_disort_1D_SWIA_solar_03782B_Brusdalen_TOA.nc 
    OrbitID    =  03782B 
    Specs      =  TOA 
    Across-track index : 151
    Along-track index  : 4485
    Overpass time (UTC): 2025-01-27 00:36
=================================================================================================================
Extracted data from ./RESULTS/libRad_v01_disort_1D_SWIA_solar_03782B_Brusdalen_TOA.nc:

 |------------------------|
 |     data  =    nan     |
 |------------------------|
 |    BMAFLX =    nan     |
 |------------------------|




=================================================================================================================
    Productfile=  ./RESULTS/libRad_v01_disort_1D_SWIA_solar_03962D_Brusdalen_TOA.nc 
    OrbitID    =  03962D 
    Specs      =  TOA 
    Across-track index : 151
    Along-track index  : 662
    Overpass time (UTC): 2025-02-07 14:27
=================================================================================================================
Extracted data from ./RESULTS/libRad_v01_disort_1D_SWIA_solar_03962D_Brusdalen_TOA.nc:

 |------------------------|
 |     data  =   87.7     |
 |------------------------|
 |    BMAFLX =   85.2     |
 |------------------------|




=================================================================================================================
    Productfile=  ./RESULTS/libRad_v01_disort_1D_SWIA_solar_04031B_Brusdalen_TOA.nc 
    OrbitID    =  04031B 
    Specs      =  TOA 
    Across-track index : 151
    Along-track index  : 4472
    Overpass time (UTC): 2025-02-12 00:39
=================================================================================================================
Extracted data from ./RESULTS/libRad_v01_disort_1D_SWIA_solar_04031B_Brusdalen_TOA.nc:

 |------------------------|
 |     data  =    nan     |
 |------------------------|
 |    BMAFLX =    nan     |
 |------------------------|




=================================================================================================================
    Productfile=  ./RESULTS/libRad_v01_disort_1D_SWIA_solar_04171B_Brusdalen_TOA.nc 
    OrbitID    =  04171B 
    Specs      =  TOA 
    Across-track index : 151
    Along-track index  : 4486
    Overpass time (UTC): 2025-02-21 00:35
=================================================================================================================
Extracted data from ./RESULTS/libRad_v01_disort_1D_SWIA_solar_04171B_Brusdalen_TOA.nc:

 |------------------------|
 |     data  =    nan     |
 |------------------------|
 |    BMAFLX =    nan     |
 |------------------------|




=================================================================================================================
    Productfile=  ./RESULTS/libRad_v01_disort_1D_SWIA_solar_04740D_Brusdalen_TOA.nc 
    OrbitID    =  04740D 
    Specs      =  TOA 
    Across-track index : 151
    Along-track index  : 663
    Overpass time (UTC): 2025-03-29 14:26
=================================================================================================================
Extracted data from ./RESULTS/libRad_v01_disort_1D_SWIA_solar_04740D_Brusdalen_TOA.nc:

 |------------------------|
 |     data  =  192.7     |
 |------------------------|
 |    BMAFLX =  209.8     |
 |------------------------|




=================================================================================================================
    Productfile=  ./RESULTS/libRad_v01_disort_1D_SWIA_solar_05518D_Brusdalen_TOA.nc 
    OrbitID    =  05518D 
    Specs      =  TOA 
    Across-track index : 151
    Along-track index  : 662
    Overpass time (UTC): 2025-05-18 14:26
=================================================================================================================
Extracted data from ./RESULTS/libRad_v01_disort_1D_SWIA_solar_05518D_Brusdalen_TOA.nc:

 |------------------------|
 |     data  =   80.9     |
 |------------------------|
 |    BMAFLX =   98.2     |
 |------------------------|




=================================================================================================================
    Productfile=  ./RESULTS/libRad_v01_disort_1D_SWIA_solar_05587B_Brusdalen_TOA.nc 
    OrbitID    =  05587B 
    Specs      =  TOA 
    Across-track index : 151
    Along-track index  : 4473
    Overpass time (UTC): 2025-05-23 00:38
=================================================================================================================
Extracted data from ./RESULTS/libRad_v01_disort_1D_SWIA_solar_05587B_Brusdalen_TOA.nc:

 |------------------------|
 |     data  =    nan     |
 |------------------------|
 |    BMAFLX =    nan     |
 |------------------------|




=================================================================================================================
    Productfile=  ./RESULTS/libRad_v01_disort_1D_SWIA_solar_05727B_Brusdalen_TOA.nc 
    OrbitID    =  05727B 
    Specs      =  TOA 
    Across-track index : 151
    Along-track index  : 4486
    Overpass time (UTC): 2025-06-01 00:34
=================================================================================================================
Extracted data from ./RESULTS/libRad_v01_disort_1D_SWIA_solar_05727B_Brusdalen_TOA.nc:

 |------------------------|
 |     data  =    nan     |
 |------------------------|
 |    BMAFLX =    nan     |
 |------------------------|




=================================================================================================================
    Productfile=  ./RESULTS/libRad_v01_disort_1D_SWIA_solar_05907D_Brusdalen_TOA.nc 
    OrbitID    =  05907D 
    Specs      =  TOA 
    Across-track index : 151
    Along-track index  : 662
    Overpass time (UTC): 2025-06-12 14:26
=================================================================================================================
Extracted data from ./RESULTS/libRad_v01_disort_1D_SWIA_solar_05907D_Brusdalen_TOA.nc:

 |------------------------|
 |     data  =   95.8     |
 |------------------------|
 |    BMAFLX =    nan     |
 |------------------------|




=================================================================================================================
    Productfile=  ./RESULTS/libRad_v01_disort_1D_SWIA_solar_05976B_Brusdalen_TOA.nc 
    OrbitID    =  05976B 
    Specs      =  TOA 
    Across-track index : 151
    Along-track index  : 4473
    Overpass time (UTC): 2025-06-17 00:37
=================================================================================================================
Extracted data from ./RESULTS/libRad_v01_disort_1D_SWIA_solar_05976B_Brusdalen_TOA.nc:

 |------------------------|
 |     data  =    nan     |
 |------------------------|
 |    BMAFLX =    nan     |
 |------------------------|




=================================================================================================================
    Productfile=  ./RESULTS/libRad_v01_disort_1D_SWIA_solar_06296D_Brusdalen_TOA.nc 
    OrbitID    =  06296D 
    Specs      =  TOA 
    Across-track index : 151
    Along-track index  : 663
    Overpass time (UTC): 2025-07-07 14:25
=================================================================================================================
Extracted data from ./RESULTS/libRad_v01_disort_1D_SWIA_solar_06296D_Brusdalen_TOA.nc:

 |------------------------|
 |     data  =   82.6     |
 |------------------------|
 |    BMAFLX =  100.1     |
 |------------------------|




=================================================================================================================
    Productfile=  ./RESULTS/libRad_v01_disort_1D_SWIA_solar_06685D_Brusdalen_TOA.nc 
    OrbitID    =  06685D 
    Specs      =  TOA 
    Across-track index : 151
    Along-track index  : 664
    Overpass time (UTC): 2025-08-01 14:25
=================================================================================================================
Extracted data from ./RESULTS/libRad_v01_disort_1D_SWIA_solar_06685D_Brusdalen_TOA.nc:

 |------------------------|
 |     data  =  446.2     |
 |------------------------|
 |    BMAFLX =    nan     |
 |------------------------|




=================================================================================================================
    Productfile=  ./RESULTS/libRad_v01_disort_1D_SWIA_solar_06754B_Brusdalen_TOA.nc 
    OrbitID    =  06754B 
    Specs      =  TOA 
    Across-track index : 151
    Along-track index  : 4474
    Overpass time (UTC): 2025-08-06 00:37
=================================================================================================================
Extracted data from ./RESULTS/libRad_v01_disort_1D_SWIA_solar_06754B_Brusdalen_TOA.nc:

 |------------------------|
 |     data  =    nan     |
 |------------------------|
 |    BMAFLX =    nan     |
 |------------------------|




=================================================================================================================
    Productfile=  ./RESULTS/libRad_v01_disort_1D_SWIA_solar_07074D_Brusdalen_TOA.nc 
    OrbitID    =  07074D 
    Specs      =  TOA 
    Across-track index : 151
    Along-track index  : 663
    Overpass time (UTC): 2025-08-26 14:25
=================================================================================================================
Extracted data from ./RESULTS/libRad_v01_disort_1D_SWIA_solar_07074D_Brusdalen_TOA.nc:

 |------------------------|
 |     data  =   96.7     |
 |------------------------|
 |    BMAFLX =    nan     |
 |------------------------|




=================================================================================================================
    Productfile=  ./RESULTS/libRad_v01_disort_1D_SWIA_solar_07283B_Brusdalen_TOA.nc 
    OrbitID    =  07283B 
    Specs      =  TOA 
    Across-track index : 151
    Along-track index  : 4486
    Overpass time (UTC): 2025-09-09 00:33
=================================================================================================================
Extracted data from ./RESULTS/libRad_v01_disort_1D_SWIA_solar_07283B_Brusdalen_TOA.nc:

 |------------------------|
 |     data  =    nan     |
 |------------------------|
 |    BMAFLX =    nan     |
 |------------------------|




=================================================================================================================
    Productfile=  ./RESULTS/libRad_v01_disort_1D_SWIA_solar_07463D_Brusdalen_TOA.nc 
    OrbitID    =  07463D 
    Specs      =  TOA 
    Across-track index : 151
    Along-track index  : 662
    Overpass time (UTC): 2025-09-20 14:25
=================================================================================================================
Extracted data from ./RESULTS/libRad_v01_disort_1D_SWIA_solar_07463D_Brusdalen_TOA.nc:

 |------------------------|
 |     data  =  199.9     |
 |------------------------|
 |    BMAFLX =  159.9     |
 |------------------------|




=================================================================================================================
    Productfile=  ./RESULTS/libRad_v01_disort_1D_SWIA_solar_07672B_Brusdalen_TOA.nc 
    OrbitID    =  07672B 
    Specs      =  TOA 
    Across-track index : 151
    Along-track index  : 4487
    Overpass time (UTC): 2025-10-04 00:33
=================================================================================================================
Extracted data from ./RESULTS/libRad_v01_disort_1D_SWIA_solar_07672B_Brusdalen_TOA.nc:

 |------------------------|
 |     data  =    nan     |
 |------------------------|
 |    BMAFLX =    nan     |
 |------------------------|




=================================================================================================================
    Productfile=  ./RESULTS/libRad_v01_disort_1D_SWIA_solar_07852D_Brusdalen_TOA.nc 
    OrbitID    =  07852D 
    Specs      =  TOA 
    Across-track index : 151
    Along-track index  : 661
    Overpass time (UTC): 2025-10-15 14:25
=================================================================================================================
Extracted data from ./RESULTS/libRad_v01_disort_1D_SWIA_solar_07852D_Brusdalen_TOA.nc:

 |------------------------|
 |     data  =  139.2     |
 |------------------------|
 |    BMAFLX =  122.0     |
 |------------------------|




=================================================================================================================
    Productfile=  ./RESULTS/libRad_v01_disort_1D_SWIA_solar_07921B_Brusdalen_TOA.nc 
    OrbitID    =  07921B 
    Specs      =  TOA 
    Across-track index : 151
    Along-track index  : 4471
    Overpass time (UTC): 2025-10-20 00:37
=================================================================================================================
Extracted data from ./RESULTS/libRad_v01_disort_1D_SWIA_solar_07921B_Brusdalen_TOA.nc:

 |------------------------|
 |     data  =    nan     |
 |------------------------|
 |    BMAFLX =    nan     |
 |------------------------|




=================================================================================================================
    Productfile=  ./RESULTS/libRad_v01_disort_1D_SWIA_solar_08241D_Brusdalen_TOA.nc 
    OrbitID    =  08241D 
    Specs      =  TOA 
    Across-track index : 151
    Along-track index  : 663
    Overpass time (UTC): 2025-11-09 14:25
=================================================================================================================
Extracted data from ./RESULTS/libRad_v01_disort_1D_SWIA_solar_08241D_Brusdalen_TOA.nc:

 |------------------------|
 |     data  =   39.9     |
 |------------------------|
 |    BMAFLX =    nan     |
 |------------------------|




=================================================================================================================
    Productfile=  ./RESULTS/libRad_v01_disort_1D_SWIA_solar_08310B_Brusdalen_TOA.nc 
    OrbitID    =  08310B 
    Specs      =  TOA 
    Across-track index : 151
    Along-track index  : 4473
    Overpass time (UTC): 2025-11-14 00:37
=================================================================================================================
Extracted data from ./RESULTS/libRad_v01_disort_1D_SWIA_solar_08310B_Brusdalen_TOA.nc:

 |------------------------|
 |     data  =    nan     |
 |------------------------|
 |    BMAFLX =    nan     |
 |------------------------|


     Skipping 08450B. Do not find product BMA_FLX



=================================================================================================================
    Productfile=  ./RESULTS/libRad_v01_disort_1D_SWIA_solar_08630D_Brusdalen_TOA.nc 
    OrbitID    =  08630D 
    Specs      =  TOA 
    Across-track index : 151
    Along-track index  : 662
    Overpass time (UTC): 2025-12-04 14:25
=================================================================================================================
Extracted data from ./RESULTS/libRad_v01_disort_1D_SWIA_solar_08630D_Brusdalen_TOA.nc:

 |------------------------|
 |     data  =    nan     |
 |------------------------|
 |    BMAFLX =    nan     |
 |------------------------|


     Skipping 09019D. Do not find product BMA_FLX

     Skipping 09088B. Do not find product BMA_FLX

     Skipping 09408D. Do not find product BMA_FLX



=================================================================================================================
    Productfile=  ./RESULTS/libRad_v01_disort_1D_SWIA_solar_09797D_Brusdalen_TOA.nc 
    OrbitID    =  09797D 
    Specs      =  TOA 
    Across-track index : 151
    Along-track index  : 663
    Overpass time (UTC): 2026-02-17 14:25
=================================================================================================================
Extracted data from ./RESULTS/libRad_v01_disort_1D_SWIA_solar_09797D_Brusdalen_TOA.nc:

 |------------------------|
 |     data  =  149.1     |
 |------------------------|
 |    BMAFLX =    nan     |
 |------------------------|


     Skipping 09866B. Do not find product BMA_FLX

     Skipping 10186D. Do not find product BMA_FLX

     Skipping 10255B. Do not find product BMA_FLX

     Skipping 10575D. Do not find product BMA_FLX

     Skipping 10644B. Do not find product BMA_FLX



=================================================================================================================
    Productfile=  ./RESULTS/libRad_v01_disort_1D_SWIA_solar_11353D_Brusdalen_TOA.nc 
    OrbitID    =  11353D 
    Specs      =  TOA 
    Across-track index : 151
    Along-track index  : 663
    Overpass time (UTC): 2026-05-28 14:26
=================================================================================================================
Extracted data from ./RESULTS/libRad_v01_disort_1D_SWIA_solar_11353D_Brusdalen_TOA.nc:

 |------------------------|
 |     data  =  316.4     |
 |------------------------|
 |    BMAFLX =  313.3     |
 |------------------------|




=================================================================================================================
    Productfile=  ./RESULTS/libRad_v01_disort_1D_SWIA_solar_11742D_Brusdalen_TOA.nc 
    OrbitID    =  11742D 
    Specs      =  TOA 
    Across-track index : 151
    Along-track index  : 664
    Overpass time (UTC): 2026-06-22 14:26
=================================================================================================================
Extracted data from ./RESULTS/libRad_v01_disort_1D_SWIA_solar_11742D_Brusdalen_TOA.nc:

 |------------------------|
 |     data  =  432.0     |
 |------------------------|
 |    BMAFLX =  339.3     |
 |------------------------|


     Skipping 11951B. Do not find product BMA_FLX

     Skipping 12131D. Do not find product BMA_FLX

     Skipping 12520D. Do not find product BMA_FLX



=================================================================================================================
    Productfile=  ./RESULTS/libRad_v01_disort_1D_SWIA_solar_12589B_Brusdalen_TOA.nc 
    OrbitID    =  12589B 
    Specs      =  TOA 
    Across-track index : 151
    Along-track index  : 4472
    Overpass time (UTC): 2026-08-16 00:39
=================================================================================================================
Extracted data from ./RESULTS/libRad_v01_disort_1D_SWIA_solar_12589B_Brusdalen_TOA.nc:

 |------------------------|
 |     data  =    nan     |
 |------------------------|
 |    BMAFLX =    nan     |
 |------------------------|




=================================================================================================================
    Productfile=  ./RESULTS/libRad_v01_disort_1D_SWIA_solar_01069C_Jan-Mayen_TOA.nc 
    OrbitID    =  01069C 
    Specs      =  TOA 
    Across-track index : 151
    Along-track index  : 4348
    Overpass time (UTC): 2024-08-05 16:02
=================================================================================================================
Extracted data from ./RESULTS/libRad_v01_disort_1D_SWIA_solar_01069C_Jan-Mayen_TOA.nc:

 |------------------------|
 |     data  =  333.2     |
 |------------------------|
 |    BMAFLX =    nan     |
 |------------------------|




=================================================================================================================
    Productfile=  ./RESULTS/libRad_v01_disort_1D_SWIA_solar_01215C_Jan-Mayen_TOA.nc 
    OrbitID    =  01215C 
    Specs      =  TOA 
    Across-track index : 151
    Along-track index  : 498
    Overpass time (UTC): 2024-08-15 01:13
=================================================================================================================
Extracted data from ./RESULTS/libRad_v01_disort_1D_SWIA_solar_01215C_Jan-Mayen_TOA.nc:

 |------------------------|
 |     data  =    nan     |
 |------------------------|
 |    BMAFLX =    nan     |
 |------------------------|




=================================================================================================================
    Productfile=  ./RESULTS/libRad_v01_disort_1D_SWIA_solar_01240C_Jan-Mayen_TOA.nc 
    OrbitID    =  01240C 
    Specs      =  TOA 
    Across-track index : 151
    Along-track index  : 4362
    Overpass time (UTC): 2024-08-16 15:57
=================================================================================================================
Extracted data from ./RESULTS/libRad_v01_disort_1D_SWIA_solar_01240C_Jan-Mayen_TOA.nc:

 |------------------------|
 |     data  =  297.7     |
 |------------------------|
 |    BMAFLX =    nan     |
 |------------------------|




=================================================================================================================
    Productfile=  ./RESULTS/libRad_v01_disort_1D_SWIA_solar_01355C_Jan-Mayen_TOA.nc 
    OrbitID    =  01355C 
    Specs      =  TOA 
    Across-track index : 151
    Along-track index  : 496
    Overpass time (UTC): 2024-08-24 01:13
=================================================================================================================
Extracted data from ./RESULTS/libRad_v01_disort_1D_SWIA_solar_01355C_Jan-Mayen_TOA.nc:

 |------------------------|
 |     data  =    nan     |
 |------------------------|
 |    BMAFLX =    nan     |
 |------------------------|




=================================================================================================================
    Productfile=  ./RESULTS/libRad_v01_disort_1D_SWIA_solar_01495C_Jan-Mayen_TOA.nc 
    OrbitID    =  01495C 
    Specs      =  TOA 
    Across-track index : 151
    Along-track index  : 507
    Overpass time (UTC): 2024-09-02 01:10
=================================================================================================================
Extracted data from ./RESULTS/libRad_v01_disort_1D_SWIA_solar_01495C_Jan-Mayen_TOA.nc:

 |------------------------|
 |     data  =    nan     |
 |------------------------|
 |    BMAFLX =    nan     |
 |------------------------|




=================================================================================================================
    Productfile=  ./RESULTS/libRad_v01_disort_1D_SWIA_solar_01629C_Jan-Mayen_TOA.nc 
    OrbitID    =  01629C 
    Specs      =  TOA 
    Across-track index : 151
    Along-track index  : 4348
    Overpass time (UTC): 2024-09-10 15:59
=================================================================================================================
Extracted data from ./RESULTS/libRad_v01_disort_1D_SWIA_solar_01629C_Jan-Mayen_TOA.nc:

 |------------------------|
 |     data  =  228.9     |
 |------------------------|
 |    BMAFLX =    nan     |
 |------------------------|




=================================================================================================================
    Productfile=  ./RESULTS/libRad_v01_disort_1D_SWIA_solar_01744C_Jan-Mayen_TOA.nc 
    OrbitID    =  01744C 
    Specs      =  TOA 
    Across-track index : 151
    Along-track index  : 494
    Overpass time (UTC): 2024-09-18 01:13
=================================================================================================================
Extracted data from ./RESULTS/libRad_v01_disort_1D_SWIA_solar_01744C_Jan-Mayen_TOA.nc:

 |------------------------|
 |     data  =    nan     |
 |------------------------|
 |    BMAFLX =    nan     |
 |------------------------|




=================================================================================================================
    Productfile=  ./RESULTS/libRad_v01_disort_1D_SWIA_solar_01769C_Jan-Mayen_TOA.nc 
    OrbitID    =  01769C 
    Specs      =  TOA 
    Across-track index : 151
    Along-track index  : 4355
    Overpass time (UTC): 2024-09-19 15:56
=================================================================================================================
Extracted data from ./RESULTS/libRad_v01_disort_1D_SWIA_solar_01769C_Jan-Mayen_TOA.nc:

 |------------------------|
 |     data  =  151.2     |
 |------------------------|
 |    BMAFLX =    nan     |
 |------------------------|




=================================================================================================================
    Productfile=  ./RESULTS/libRad_v01_disort_1D_SWIA_solar_01884C_Jan-Mayen_TOA.nc 
    OrbitID    =  01884C 
    Specs      =  TOA 
    Across-track index : 151
    Along-track index  : 504
    Overpass time (UTC): 2024-09-27 01:10
=================================================================================================================
Extracted data from ./RESULTS/libRad_v01_disort_1D_SWIA_solar_01884C_Jan-Mayen_TOA.nc:

 |------------------------|
 |     data  =    nan     |
 |------------------------|
 |    BMAFLX =    nan     |
 |------------------------|




=================================================================================================================
    Productfile=  ./RESULTS/libRad_v01_disort_1D_SWIA_solar_02018C_Jan-Mayen_TOA.nc 
    OrbitID    =  02018C 
    Specs      =  TOA 
    Across-track index : 151
    Along-track index  : 4340
    Overpass time (UTC): 2024-10-05 16:00
=================================================================================================================
Extracted data from ./RESULTS/libRad_v01_disort_1D_SWIA_solar_02018C_Jan-Mayen_TOA.nc:

 |------------------------|
 |     data  =   74.6     |
 |------------------------|
 |    BMAFLX =    nan     |
 |------------------------|




=================================================================================================================
    Productfile=  ./RESULTS/libRad_v01_disort_1D_SWIA_solar_02273C_Jan-Mayen_TOA.nc 
    OrbitID    =  02273C 
    Specs      =  TOA 
    Across-track index : 151
    Along-track index  : 505
    Overpass time (UTC): 2024-10-22 01:09
=================================================================================================================
Extracted data from ./RESULTS/libRad_v01_disort_1D_SWIA_solar_02273C_Jan-Mayen_TOA.nc:

 |------------------------|
 |     data  =    nan     |
 |------------------------|
 |    BMAFLX =    nan     |
 |------------------------|




=================================================================================================================
    Productfile=  ./RESULTS/libRad_v01_disort_1D_SWIA_solar_02407C_Jan-Mayen_TOA.nc 
    OrbitID    =  02407C 
    Specs      =  TOA 
    Across-track index : 151
    Along-track index  : 4346
    Overpass time (UTC): 2024-10-30 15:59
=================================================================================================================
Extracted data from ./RESULTS/libRad_v01_disort_1D_SWIA_solar_02407C_Jan-Mayen_TOA.nc:

 |------------------------|
 |     data  =    nan     |
 |------------------------|
 |    BMAFLX =    nan     |
 |------------------------|




=================================================================================================================
    Productfile=  ./RESULTS/libRad_v01_disort_1D_SWIA_solar_02522C_Jan-Mayen_TOA.nc 
    OrbitID    =  02522C 
    Specs      =  TOA 
    Across-track index : 151
    Along-track index  : 492
    Overpass time (UTC): 2024-11-07 01:13
=================================================================================================================
Extracted data from ./RESULTS/libRad_v01_disort_1D_SWIA_solar_02522C_Jan-Mayen_TOA.nc:

 |------------------------|
 |     data  =    nan     |
 |------------------------|
 |    BMAFLX =    nan     |
 |------------------------|




=================================================================================================================
    Productfile=  ./RESULTS/libRad_v01_disort_1D_SWIA_solar_02547C_Jan-Mayen_TOA.nc 
    OrbitID    =  02547C 
    Specs      =  TOA 
    Across-track index : 151
    Along-track index  : 4355
    Overpass time (UTC): 2024-11-08 15:56
=================================================================================================================
Extracted data from ./RESULTS/libRad_v01_disort_1D_SWIA_solar_02547C_Jan-Mayen_TOA.nc:

 |------------------------|
 |     data  =    nan     |
 |------------------------|
 |    BMAFLX =    nan     |
 |------------------------|




=================================================================================================================
    Productfile=  ./RESULTS/libRad_v01_disort_1D_SWIA_solar_02662C_Jan-Mayen_TOA.nc 
    OrbitID    =  02662C 
    Specs      =  TOA 
    Across-track index : 151
    Along-track index  : 502
    Overpass time (UTC): 2024-11-16 01:09
=================================================================================================================
Extracted data from ./RESULTS/libRad_v01_disort_1D_SWIA_solar_02662C_Jan-Mayen_TOA.nc:

 |------------------------|
 |     data  =    nan     |
 |------------------------|
 |    BMAFLX =    nan     |
 |------------------------|




=================================================================================================================
    Productfile=  ./RESULTS/libRad_v01_disort_1D_SWIA_solar_02796C_Jan-Mayen_TOA.nc 
    OrbitID    =  02796C 
    Specs      =  TOA 
    Across-track index : 151
    Along-track index  : 4339
    Overpass time (UTC): 2024-11-24 16:00
=================================================================================================================
Extracted data from ./RESULTS/libRad_v01_disort_1D_SWIA_solar_02796C_Jan-Mayen_TOA.nc:

 |------------------------|
 |     data  =    nan     |
 |------------------------|
 |    BMAFLX =    nan     |
 |------------------------|




=================================================================================================================
    Productfile=  ./RESULTS/libRad_v01_disort_1D_SWIA_solar_02911C_Jan-Mayen_TOA.nc 
    OrbitID    =  02911C 
    Specs      =  TOA 
    Across-track index : 151
    Along-track index  : 491
    Overpass time (UTC): 2024-12-02 01:12
=================================================================================================================
Extracted data from ./RESULTS/libRad_v01_disort_1D_SWIA_solar_02911C_Jan-Mayen_TOA.nc:

 |------------------------|
 |     data  =    nan     |
 |------------------------|
 |    BMAFLX =    nan     |
 |------------------------|




=================================================================================================================
    Productfile=  ./RESULTS/libRad_v01_disort_1D_SWIA_solar_02936C_Jan-Mayen_TOA.nc 
    OrbitID    =  02936C 
    Specs      =  TOA 
    Across-track index : 151
    Along-track index  : 4356
    Overpass time (UTC): 2024-12-03 15:55
=================================================================================================================
Extracted data from ./RESULTS/libRad_v01_disort_1D_SWIA_solar_02936C_Jan-Mayen_TOA.nc:

 |------------------------|
 |     data  =    nan     |
 |------------------------|
 |    BMAFLX =    nan     |
 |------------------------|




=================================================================================================================
    Productfile=  ./RESULTS/libRad_v01_disort_1D_SWIA_solar_03051C_Jan-Mayen_TOA.nc 
    OrbitID    =  03051C 
    Specs      =  TOA 
    Across-track index : 151
    Along-track index  : 505
    Overpass time (UTC): 2024-12-11 01:08
=================================================================================================================
Extracted data from ./RESULTS/libRad_v01_disort_1D_SWIA_solar_03051C_Jan-Mayen_TOA.nc:

 |------------------------|
 |     data  =    nan     |
 |------------------------|
 |    BMAFLX =    nan     |
 |------------------------|




=================================================================================================================
    Productfile=  ./RESULTS/libRad_v01_disort_1D_SWIA_solar_03185C_Jan-Mayen_TOA.nc 
    OrbitID    =  03185C 
    Specs      =  TOA 
    Across-track index : 151
    Along-track index  : 4342
    Overpass time (UTC): 2024-12-19 15:59
=================================================================================================================
Extracted data from ./RESULTS/libRad_v01_disort_1D_SWIA_solar_03185C_Jan-Mayen_TOA.nc:

 |------------------------|
 |     data  =    nan     |
 |------------------------|
 |    BMAFLX =    nan     |
 |------------------------|




=================================================================================================================
    Productfile=  ./RESULTS/libRad_v01_disort_1D_SWIA_solar_03300C_Jan-Mayen_TOA.nc 
    OrbitID    =  03300C 
    Specs      =  TOA 
    Across-track index : 151
    Along-track index  : 491
    Overpass time (UTC): 2024-12-27 01:12
=================================================================================================================
Extracted data from ./RESULTS/libRad_v01_disort_1D_SWIA_solar_03300C_Jan-Mayen_TOA.nc:

 |------------------------|
 |     data  =    nan     |
 |------------------------|
 |    BMAFLX =    nan     |
 |------------------------|




=================================================================================================================
    Productfile=  ./RESULTS/libRad_v01_disort_1D_SWIA_solar_03440C_Jan-Mayen_TOA.nc 
    OrbitID    =  03440C 
    Specs      =  TOA 
    Across-track index : 151
    Along-track index  : 504
    Overpass time (UTC): 2025-01-05 01:08
=================================================================================================================
Extracted data from ./RESULTS/libRad_v01_disort_1D_SWIA_solar_03440C_Jan-Mayen_TOA.nc:

 |------------------------|
 |     data  =    nan     |
 |------------------------|
 |    BMAFLX =    nan     |
 |------------------------|




=================================================================================================================
    Productfile=  ./RESULTS/libRad_v01_disort_1D_SWIA_solar_03574C_Jan-Mayen_TOA.nc 
    OrbitID    =  03574C 
    Specs      =  TOA 
    Across-track index : 151
    Along-track index  : 4342
    Overpass time (UTC): 2025-01-13 15:58
=================================================================================================================
Extracted data from ./RESULTS/libRad_v01_disort_1D_SWIA_solar_03574C_Jan-Mayen_TOA.nc:

 |------------------------|
 |     data  =    nan     |
 |------------------------|
 |    BMAFLX =    nan     |
 |------------------------|




=================================================================================================================
    Productfile=  ./RESULTS/libRad_v01_disort_1D_SWIA_solar_03829C_Jan-Mayen_TOA.nc 
    OrbitID    =  03829C 
    Specs      =  TOA 
    Across-track index : 151
    Along-track index  : 504
    Overpass time (UTC): 2025-01-30 01:08
=================================================================================================================
Extracted data from ./RESULTS/libRad_v01_disort_1D_SWIA_solar_03829C_Jan-Mayen_TOA.nc:

 |------------------------|
 |     data  =    nan     |
 |------------------------|
 |    BMAFLX =    nan     |
 |------------------------|




=================================================================================================================
    Productfile=  ./RESULTS/libRad_v01_disort_1D_SWIA_solar_03963C_Jan-Mayen_TOA.nc 
    OrbitID    =  03963C 
    Specs      =  TOA 
    Across-track index : 151
    Along-track index  : 4343
    Overpass time (UTC): 2025-02-07 15:58
=================================================================================================================
Extracted data from ./RESULTS/libRad_v01_disort_1D_SWIA_solar_03963C_Jan-Mayen_TOA.nc:

 |------------------------|
 |     data  =    nan     |
 |------------------------|
 |    BMAFLX =    nan     |
 |------------------------|




=================================================================================================================
    Productfile=  ./RESULTS/libRad_v01_disort_1D_SWIA_solar_04078C_Jan-Mayen_TOA.nc 
    OrbitID    =  04078C 
    Specs      =  TOA 
    Across-track index : 151
    Along-track index  : 490
    Overpass time (UTC): 2025-02-15 01:11
=================================================================================================================
Extracted data from ./RESULTS/libRad_v01_disort_1D_SWIA_solar_04078C_Jan-Mayen_TOA.nc:

 |------------------------|
 |     data  =    nan     |
 |------------------------|
 |    BMAFLX =    nan     |
 |------------------------|




=================================================================================================================
    Productfile=  ./RESULTS/libRad_v01_disort_1D_SWIA_solar_04103C_Jan-Mayen_TOA.nc 
    OrbitID    =  04103C 
    Specs      =  TOA 
    Across-track index : 151
    Along-track index  : 4354
    Overpass time (UTC): 2025-02-16 15:54
=================================================================================================================
Extracted data from ./RESULTS/libRad_v01_disort_1D_SWIA_solar_04103C_Jan-Mayen_TOA.nc:

 |------------------------|
 |     data  =   15.4     |
 |------------------------|
 |    BMAFLX =    nan     |
 |------------------------|




=================================================================================================================
    Productfile=  ./RESULTS/libRad_v01_disort_1D_SWIA_solar_04218C_Jan-Mayen_TOA.nc 
    OrbitID    =  04218C 
    Specs      =  TOA 
    Across-track index : 151
    Along-track index  : 504
    Overpass time (UTC): 2025-02-24 01:07
=================================================================================================================
Extracted data from ./RESULTS/libRad_v01_disort_1D_SWIA_solar_04218C_Jan-Mayen_TOA.nc:

 |------------------------|
 |     data  =    nan     |
 |------------------------|
 |    BMAFLX =    nan     |
 |------------------------|




=================================================================================================================
    Productfile=  ./RESULTS/libRad_v01_disort_1D_SWIA_solar_05270C_Jan-Mayen_TOA.nc 
    OrbitID    =  05270C 
    Specs      =  TOA 
    Across-track index : 151
    Along-track index  : 4356
    Overpass time (UTC): 2025-05-02 15:53
=================================================================================================================
Extracted data from ./RESULTS/libRad_v01_disort_1D_SWIA_solar_05270C_Jan-Mayen_TOA.nc:

 |------------------------|
 |     data  =  123.9     |
 |------------------------|
 |    BMAFLX =    nan     |
 |------------------------|




=================================================================================================================
    Productfile=  ./RESULTS/libRad_v01_disort_1D_SWIA_solar_05385C_Jan-Mayen_TOA.nc 
    OrbitID    =  05385C 
    Specs      =  TOA 
    Across-track index : 151
    Along-track index  : 504
    Overpass time (UTC): 2025-05-10 01:06
=================================================================================================================
Extracted data from ./RESULTS/libRad_v01_disort_1D_SWIA_solar_05385C_Jan-Mayen_TOA.nc:

 |------------------------|
 |     data  =    nan     |
 |------------------------|
 |    BMAFLX =    nan     |
 |------------------------|




=================================================================================================================
    Productfile=  ./RESULTS/libRad_v01_disort_1D_SWIA_solar_05519C_Jan-Mayen_TOA.nc 
    OrbitID    =  05519C 
    Specs      =  TOA 
    Across-track index : 151
    Along-track index  : 4342
    Overpass time (UTC): 2025-05-18 15:56
=================================================================================================================
Extracted data from ./RESULTS/libRad_v01_disort_1D_SWIA_solar_05519C_Jan-Mayen_TOA.nc:

 |------------------------|
 |     data  =   72.1     |
 |------------------------|
 |    BMAFLX =  294.0     |
 |------------------------|




=================================================================================================================
    Productfile=  ./RESULTS/libRad_v01_disort_1D_SWIA_solar_05634C_Jan-Mayen_TOA.nc 
    OrbitID    =  05634C 
    Specs      =  TOA 
    Across-track index : 151
    Along-track index  : 491
    Overpass time (UTC): 2025-05-26 01:10
=================================================================================================================
Extracted data from ./RESULTS/libRad_v01_disort_1D_SWIA_solar_05634C_Jan-Mayen_TOA.nc:

 |------------------------|
 |     data  =   27.4     |
 |------------------------|
 |    BMAFLX =    nan     |
 |------------------------|




=================================================================================================================
    Productfile=  ./RESULTS/libRad_v01_disort_1D_SWIA_solar_05659C_Jan-Mayen_TOA.nc 
    OrbitID    =  05659C 
    Specs      =  TOA 
    Across-track index : 151
    Along-track index  : 4355
    Overpass time (UTC): 2025-05-27 15:52
=================================================================================================================
Extracted data from ./RESULTS/libRad_v01_disort_1D_SWIA_solar_05659C_Jan-Mayen_TOA.nc:

 |------------------------|
 |     data  =  336.5     |
 |------------------------|
 |    BMAFLX =    nan     |
 |------------------------|




=================================================================================================================
    Productfile=  ./RESULTS/libRad_v01_disort_1D_SWIA_solar_05774C_Jan-Mayen_TOA.nc 
    OrbitID    =  05774C 
    Specs      =  TOA 
    Across-track index : 151
    Along-track index  : 504
    Overpass time (UTC): 2025-06-04 01:06
=================================================================================================================
Extracted data from ./RESULTS/libRad_v01_disort_1D_SWIA_solar_05774C_Jan-Mayen_TOA.nc:

 |------------------------|
 |     data  =   52.5     |
 |------------------------|
 |    BMAFLX =   45.9     |
 |------------------------|




=================================================================================================================
    Productfile=  ./RESULTS/libRad_v01_disort_1D_SWIA_solar_05908C_Jan-Mayen_TOA.nc 
    OrbitID    =  05908C 
    Specs      =  TOA 
    Across-track index : 151
    Along-track index  : 4342
    Overpass time (UTC): 2025-06-12 15:56
=================================================================================================================
Extracted data from ./RESULTS/libRad_v01_disort_1D_SWIA_solar_05908C_Jan-Mayen_TOA.nc:

 |------------------------|
 |     data  =  433.6     |
 |------------------------|
 |    BMAFLX =    nan     |
 |------------------------|




=================================================================================================================
    Productfile=  ./RESULTS/libRad_v01_disort_1D_SWIA_solar_06023C_Jan-Mayen_TOA.nc 
    OrbitID    =  06023C 
    Specs      =  TOA 
    Across-track index : 151
    Along-track index  : 491
    Overpass time (UTC): 2025-06-20 01:09
=================================================================================================================
Extracted data from ./RESULTS/libRad_v01_disort_1D_SWIA_solar_06023C_Jan-Mayen_TOA.nc:

 |------------------------|
 |     data  =   52.7     |
 |------------------------|
 |    BMAFLX =    nan     |
 |------------------------|




=================================================================================================================
    Productfile=  ./RESULTS/libRad_v01_disort_1D_SWIA_solar_06048C_Jan-Mayen_TOA.nc 
    OrbitID    =  06048C 
    Specs      =  TOA 
    Across-track index : 151
    Along-track index  : 4355
    Overpass time (UTC): 2025-06-21 15:52
=================================================================================================================
Extracted data from ./RESULTS/libRad_v01_disort_1D_SWIA_solar_06048C_Jan-Mayen_TOA.nc:

 |------------------------|
 |     data  =  360.0     |
 |------------------------|
 |    BMAFLX =    nan     |
 |------------------------|




=================================================================================================================
    Productfile=  ./RESULTS/libRad_v01_disort_1D_SWIA_solar_06163C_Jan-Mayen_TOA.nc 
    OrbitID    =  06163C 
    Specs      =  TOA 
    Across-track index : 151
    Along-track index  : 503
    Overpass time (UTC): 2025-06-29 01:06
=================================================================================================================
Extracted data from ./RESULTS/libRad_v01_disort_1D_SWIA_solar_06163C_Jan-Mayen_TOA.nc:

 |------------------------|
 |     data  =   44.4     |
 |------------------------|
 |    BMAFLX =    nan     |
 |------------------------|




=================================================================================================================
    Productfile=  ./RESULTS/libRad_v01_disort_1D_SWIA_solar_06297C_Jan-Mayen_TOA.nc 
    OrbitID    =  06297C 
    Specs      =  TOA 
    Across-track index : 151
    Along-track index  : 4343
    Overpass time (UTC): 2025-07-07 15:56
=================================================================================================================
Extracted data from ./RESULTS/libRad_v01_disort_1D_SWIA_solar_06297C_Jan-Mayen_TOA.nc:

 |------------------------|
 |     data  =   78.0     |
 |------------------------|
 |    BMAFLX =    nan     |
 |------------------------|




=================================================================================================================
    Productfile=  ./RESULTS/libRad_v01_disort_1D_SWIA_solar_06412C_Jan-Mayen_TOA.nc 
    OrbitID    =  06412C 
    Specs      =  TOA 
    Across-track index : 151
    Along-track index  : 492
    Overpass time (UTC): 2025-07-15 01:09
=================================================================================================================
Extracted data from ./RESULTS/libRad_v01_disort_1D_SWIA_solar_06412C_Jan-Mayen_TOA.nc:

 |------------------------|
 |     data  =   20.0     |
 |------------------------|
 |    BMAFLX =    nan     |
 |------------------------|




=================================================================================================================
    Productfile=  ./RESULTS/libRad_v01_disort_1D_SWIA_solar_06437C_Jan-Mayen_TOA.nc 
    OrbitID    =  06437C 
    Specs      =  TOA 
    Across-track index : 151
    Along-track index  : 4356
    Overpass time (UTC): 2025-07-16 15:52
=================================================================================================================
Extracted data from ./RESULTS/libRad_v01_disort_1D_SWIA_solar_06437C_Jan-Mayen_TOA.nc:

 |------------------------|
 |     data  =   74.3     |
 |------------------------|
 |    BMAFLX =    nan     |
 |------------------------|




=================================================================================================================
    Productfile=  ./RESULTS/libRad_v01_disort_1D_SWIA_solar_06552C_Jan-Mayen_TOA.nc 
    OrbitID    =  06552C 
    Specs      =  TOA 
    Across-track index : 151
    Along-track index  : 504
    Overpass time (UTC): 2025-07-24 01:05
=================================================================================================================
Extracted data from ./RESULTS/libRad_v01_disort_1D_SWIA_solar_06552C_Jan-Mayen_TOA.nc:

 |------------------------|
 |     data  =   12.6     |
 |------------------------|
 |    BMAFLX =    nan     |
 |------------------------|




=================================================================================================================
    Productfile=  ./RESULTS/libRad_v01_disort_1D_SWIA_solar_06686C_Jan-Mayen_TOA.nc 
    OrbitID    =  06686C 
    Specs      =  TOA 
    Across-track index : 151
    Along-track index  : 4343
    Overpass time (UTC): 2025-08-01 15:55
=================================================================================================================
Extracted data from ./RESULTS/libRad_v01_disort_1D_SWIA_solar_06686C_Jan-Mayen_TOA.nc:

 |------------------------|
 |     data  =  306.5     |
 |------------------------|
 |    BMAFLX =    nan     |
 |------------------------|




=================================================================================================================
    Productfile=  ./RESULTS/libRad_v01_disort_1D_SWIA_solar_06801C_Jan-Mayen_TOA.nc 
    OrbitID    =  06801C 
    Specs      =  TOA 
    Across-track index : 151
    Along-track index  : 491
    Overpass time (UTC): 2025-08-09 01:09
=================================================================================================================
Extracted data from ./RESULTS/libRad_v01_disort_1D_SWIA_solar_06801C_Jan-Mayen_TOA.nc:

 |------------------------|
 |     data  =    nan     |
 |------------------------|
 |    BMAFLX =    nan     |
 |------------------------|




=================================================================================================================
    Productfile=  ./RESULTS/libRad_v01_disort_1D_SWIA_solar_06826C_Jan-Mayen_TOA.nc 
    OrbitID    =  06826C 
    Specs      =  TOA 
    Across-track index : 151
    Along-track index  : 4356
    Overpass time (UTC): 2025-08-10 15:52
=================================================================================================================
Extracted data from ./RESULTS/libRad_v01_disort_1D_SWIA_solar_06826C_Jan-Mayen_TOA.nc:

 |------------------------|
 |     data  =  294.6     |
 |------------------------|
 |    BMAFLX =    nan     |
 |------------------------|




=================================================================================================================
    Productfile=  ./RESULTS/libRad_v01_disort_1D_SWIA_solar_06941C_Jan-Mayen_TOA.nc 
    OrbitID    =  06941C 
    Specs      =  TOA 
    Across-track index : 151
    Along-track index  : 504
    Overpass time (UTC): 2025-08-18 01:05
=================================================================================================================
Extracted data from ./RESULTS/libRad_v01_disort_1D_SWIA_solar_06941C_Jan-Mayen_TOA.nc:

 |------------------------|
 |     data  =    nan     |
 |------------------------|
 |    BMAFLX =    nan     |
 |------------------------|




=================================================================================================================
    Productfile=  ./RESULTS/libRad_v01_disort_1D_SWIA_solar_07075C_Jan-Mayen_TOA.nc 
    OrbitID    =  07075C 
    Specs      =  TOA 
    Across-track index : 151
    Along-track index  : 4343
    Overpass time (UTC): 2025-08-26 15:55
=================================================================================================================
Extracted data from ./RESULTS/libRad_v01_disort_1D_SWIA_solar_07075C_Jan-Mayen_TOA.nc:

 |------------------------|
 |     data  =  310.6     |
 |------------------------|
 |    BMAFLX =    nan     |
 |------------------------|




=================================================================================================================
    Productfile=  ./RESULTS/libRad_v01_disort_1D_SWIA_solar_07190C_Jan-Mayen_TOA.nc 
    OrbitID    =  07190C 
    Specs      =  TOA 
    Across-track index : 151
    Along-track index  : 492
    Overpass time (UTC): 2025-09-03 01:08
=================================================================================================================
Extracted data from ./RESULTS/libRad_v01_disort_1D_SWIA_solar_07190C_Jan-Mayen_TOA.nc:

 |------------------------|
 |     data  =    nan     |
 |------------------------|
 |    BMAFLX =    nan     |
 |------------------------|




=================================================================================================================
    Productfile=  ./RESULTS/libRad_v01_disort_1D_SWIA_solar_07215C_Jan-Mayen_TOA.nc 
    OrbitID    =  07215C 
    Specs      =  TOA 
    Across-track index : 151
    Along-track index  : 4357
    Overpass time (UTC): 2025-09-04 15:51
=================================================================================================================
Extracted data from ./RESULTS/libRad_v01_disort_1D_SWIA_solar_07215C_Jan-Mayen_TOA.nc:

 |------------------------|
 |     data  =  226.6     |
 |------------------------|
 |    BMAFLX =    nan     |
 |------------------------|




=================================================================================================================
    Productfile=  ./RESULTS/libRad_v01_disort_1D_SWIA_solar_07330C_Jan-Mayen_TOA.nc 
    OrbitID    =  07330C 
    Specs      =  TOA 
    Across-track index : 151
    Along-track index  : 503
    Overpass time (UTC): 2025-09-12 01:05
=================================================================================================================
Extracted data from ./RESULTS/libRad_v01_disort_1D_SWIA_solar_07330C_Jan-Mayen_TOA.nc:

 |------------------------|
 |     data  =    nan     |
 |------------------------|
 |    BMAFLX =    nan     |
 |------------------------|




=================================================================================================================
    Productfile=  ./RESULTS/libRad_v01_disort_1D_SWIA_solar_07464C_Jan-Mayen_TOA.nc 
    OrbitID    =  07464C 
    Specs      =  TOA 
    Across-track index : 151
    Along-track index  : 4342
    Overpass time (UTC): 2025-09-20 15:55
=================================================================================================================
Extracted data from ./RESULTS/libRad_v01_disort_1D_SWIA_solar_07464C_Jan-Mayen_TOA.nc:

 |------------------------|
 |     data  =  181.4     |
 |------------------------|
 |    BMAFLX =    nan     |
 |------------------------|




=================================================================================================================
    Productfile=  ./RESULTS/libRad_v01_disort_1D_SWIA_solar_07579C_Jan-Mayen_TOA.nc 
    OrbitID    =  07579C 
    Specs      =  TOA 
    Across-track index : 151
    Along-track index  : 490
    Overpass time (UTC): 2025-09-28 01:09
=================================================================================================================
Extracted data from ./RESULTS/libRad_v01_disort_1D_SWIA_solar_07579C_Jan-Mayen_TOA.nc:

 |------------------------|
 |     data  =    nan     |
 |------------------------|
 |    BMAFLX =    nan     |
 |------------------------|




=================================================================================================================
    Productfile=  ./RESULTS/libRad_v01_disort_1D_SWIA_solar_07604C_Jan-Mayen_TOA.nc 
    OrbitID    =  07604C 
    Specs      =  TOA 
    Across-track index : 151
    Along-track index  : 4355
    Overpass time (UTC): 2025-09-29 15:52
=================================================================================================================
Extracted data from ./RESULTS/libRad_v01_disort_1D_SWIA_solar_07604C_Jan-Mayen_TOA.nc:

 |------------------------|
 |     data  =   54.7     |
 |------------------------|
 |    BMAFLX =    nan     |
 |------------------------|




=================================================================================================================
    Productfile=  ./RESULTS/libRad_v01_disort_1D_SWIA_solar_07719C_Jan-Mayen_TOA.nc 
    OrbitID    =  07719C 
    Specs      =  TOA 
    Across-track index : 151
    Along-track index  : 504
    Overpass time (UTC): 2025-10-07 01:05
=================================================================================================================
Extracted data from ./RESULTS/libRad_v01_disort_1D_SWIA_solar_07719C_Jan-Mayen_TOA.nc:

 |------------------------|
 |     data  =    nan     |
 |------------------------|
 |    BMAFLX =    nan     |
 |------------------------|




=================================================================================================================
    Productfile=  ./RESULTS/libRad_v01_disort_1D_SWIA_solar_07853C_Jan-Mayen_TOA.nc 
    OrbitID    =  07853C 
    Specs      =  TOA 
    Across-track index : 151
    Along-track index  : 4341
    Overpass time (UTC): 2025-10-15 15:56
=================================================================================================================
Extracted data from ./RESULTS/libRad_v01_disort_1D_SWIA_solar_07853C_Jan-Mayen_TOA.nc:

 |------------------------|
 |     data  =   36.1     |
 |------------------------|
 |    BMAFLX =    nan     |
 |------------------------|




=================================================================================================================
    Productfile=  ./RESULTS/libRad_v01_disort_1D_SWIA_solar_08108C_Jan-Mayen_TOA.nc 
    OrbitID    =  08108C 
    Specs      =  TOA 
    Across-track index : 151
    Along-track index  : 502
    Overpass time (UTC): 2025-11-01 01:05
=================================================================================================================
Extracted data from ./RESULTS/libRad_v01_disort_1D_SWIA_solar_08108C_Jan-Mayen_TOA.nc:

 |------------------------|
 |     data  =    nan     |
 |------------------------|
 |    BMAFLX =    nan     |
 |------------------------|




=================================================================================================================
    Productfile=  ./RESULTS/libRad_v01_disort_1D_SWIA_solar_08242C_Jan-Mayen_TOA.nc 
    OrbitID    =  08242C 
    Specs      =  TOA 
    Across-track index : 151
    Along-track index  : 4342
    Overpass time (UTC): 2025-11-09 15:55
=================================================================================================================
Extracted data from ./RESULTS/libRad_v01_disort_1D_SWIA_solar_08242C_Jan-Mayen_TOA.nc:

 |------------------------|
 |     data  =    nan     |
 |------------------------|
 |    BMAFLX =    nan     |
 |------------------------|




=================================================================================================================
    Productfile=  ./RESULTS/libRad_v01_disort_1D_SWIA_solar_08357C_Jan-Mayen_TOA.nc 
    OrbitID    =  08357C 
    Specs      =  TOA 
    Across-track index : 151
    Along-track index  : 490
    Overpass time (UTC): 2025-11-17 01:09
=================================================================================================================
Extracted data from ./RESULTS/libRad_v01_disort_1D_SWIA_solar_08357C_Jan-Mayen_TOA.nc:

 |------------------------|
 |     data  =    nan     |
 |------------------------|
 |    BMAFLX =    nan     |
 |------------------------|




=================================================================================================================
    Productfile=  ./RESULTS/libRad_v01_disort_1D_SWIA_solar_08382C_Jan-Mayen_TOA.nc 
    OrbitID    =  08382C 
    Specs      =  TOA 
    Across-track index : 151
    Along-track index  : 4355
    Overpass time (UTC): 2025-11-18 15:51
=================================================================================================================
Extracted data from ./RESULTS/libRad_v01_disort_1D_SWIA_solar_08382C_Jan-Mayen_TOA.nc:

 |------------------------|
 |     data  =    nan     |
 |------------------------|
 |    BMAFLX =    nan     |
 |------------------------|


     Skipping 08497C. Do not find product BMA_FLX



=================================================================================================================
    Productfile=  ./RESULTS/libRad_v01_disort_1D_SWIA_solar_08631C_Jan-Mayen_TOA.nc 
    OrbitID    =  08631C 
    Specs      =  TOA 
    Across-track index : 151
    Along-track index  : 4341
    Overpass time (UTC): 2025-12-04 15:55
=================================================================================================================
Extracted data from ./RESULTS/libRad_v01_disort_1D_SWIA_solar_08631C_Jan-Mayen_TOA.nc:

 |------------------------|
 |     data  =    nan     |
 |------------------------|
 |    BMAFLX =    nan     |
 |------------------------|


     Skipping 08746C. Do not find product BMA_FLX

     Skipping 08771C. Do not find product BMA_FLX



=================================================================================================================
    Productfile=  ./RESULTS/libRad_v01_disort_1D_SWIA_solar_08886C_Jan-Mayen_TOA.nc 
    OrbitID    =  08886C 
    Specs      =  TOA 
    Across-track index : 151
    Along-track index  : 502
    Overpass time (UTC): 2025-12-21 01:05
=================================================================================================================
Extracted data from ./RESULTS/libRad_v01_disort_1D_SWIA_solar_08886C_Jan-Mayen_TOA.nc:

 |------------------------|
 |     data  =    nan     |
 |------------------------|
 |    BMAFLX =    nan     |
 |------------------------|


     Skipping 09020C. Do not find product BMA_FLX

     Skipping 09135C. Do not find product BMA_FLX

     Skipping 09160C. Do not find product BMA_FLX

     Skipping 09275C. Do not find product BMA_FLX



=================================================================================================================
    Productfile=  ./RESULTS/libRad_v01_disort_1D_SWIA_solar_09524C_Jan-Mayen_TOA.nc 
    OrbitID    =  09524C 
    Specs      =  TOA 
    Across-track index : 151
    Along-track index  : 491
    Overpass time (UTC): 2026-01-31 01:09
=================================================================================================================
Extracted data from ./RESULTS/libRad_v01_disort_1D_SWIA_solar_09524C_Jan-Mayen_TOA.nc:

 |------------------------|
 |     data  =    nan     |
 |------------------------|
 |    BMAFLX =    nan     |
 |------------------------|




=================================================================================================================
    Productfile=  ./RESULTS/libRad_v01_disort_1D_SWIA_solar_09549C_Jan-Mayen_TOA.nc 
    OrbitID    =  09549C 
    Specs      =  TOA 
    Across-track index : 151
    Along-track index  : 4355
    Overpass time (UTC): 2026-02-01 15:52
=================================================================================================================
Extracted data from ./RESULTS/libRad_v01_disort_1D_SWIA_solar_09549C_Jan-Mayen_TOA.nc:

 |------------------------|
 |     data  =    nan     |
 |------------------------|
 |    BMAFLX =    nan     |
 |------------------------|


     Skipping 09664C. Do not find product BMA_FLX



=================================================================================================================
    Productfile=  ./RESULTS/libRad_v01_disort_1D_SWIA_solar_09798C_Jan-Mayen_TOA.nc 
    OrbitID    =  09798C 
    Specs      =  TOA 
    Across-track index : 151
    Along-track index  : 4341
    Overpass time (UTC): 2026-02-17 15:55
=================================================================================================================
Extracted data from ./RESULTS/libRad_v01_disort_1D_SWIA_solar_09798C_Jan-Mayen_TOA.nc:

 |------------------------|
 |     data  =   22.3     |
 |------------------------|
 |    BMAFLX =    nan     |
 |------------------------|


     Skipping 09913C. Do not find product BMA_FLX

     Skipping 09938C. Do not find product BMA_FLX

     Skipping 10053C. Do not find product BMA_FLX

     Skipping 10187C. Do not find product BMA_FLX

     Skipping 10302C. Do not find product BMA_FLX

     Skipping 10327C. Do not find product BMA_FLX



=================================================================================================================
    Productfile=  ./RESULTS/libRad_v01_disort_1D_SWIA_solar_10442C_Jan-Mayen_TOA.nc 
    OrbitID    =  10442C 
    Specs      =  TOA 
    Across-track index : 151
    Along-track index  : 502
    Overpass time (UTC): 2026-03-31 01:06
=================================================================================================================
Extracted data from ./RESULTS/libRad_v01_disort_1D_SWIA_solar_10442C_Jan-Mayen_TOA.nc:

 |------------------------|
 |     data  =    nan     |
 |------------------------|
 |    BMAFLX =    nan     |
 |------------------------|


     Skipping 10576C. Do not find product BMA_FLX

     Skipping 10716C. Do not find product BMA_FLX

     Skipping 10831C. Do not find product BMA_FLX

     Skipping 11220C. Do not find product BMA_FLX



=================================================================================================================
    Productfile=  ./RESULTS/libRad_v01_disort_1D_SWIA_solar_11354C_Jan-Mayen_TOA.nc 
    OrbitID    =  11354C 
    Specs      =  TOA 
    Across-track index : 151
    Along-track index  : 4342
    Overpass time (UTC): 2026-05-28 15:56
=================================================================================================================
Extracted data from ./RESULTS/libRad_v01_disort_1D_SWIA_solar_11354C_Jan-Mayen_TOA.nc:

 |------------------------|
 |     data  =   79.7     |
 |------------------------|
 |    BMAFLX =   94.9     |
 |------------------------|


     Skipping 11469C. Do not find product BMA_FLX

     Skipping 11494C. Do not find product BMA_FLX



=================================================================================================================
    Productfile=  ./RESULTS/libRad_v01_disort_1D_SWIA_solar_11743C_Jan-Mayen_TOA.nc 
    OrbitID    =  11743C 
    Specs      =  TOA 
    Across-track index : 151
    Along-track index  : 4341
    Overpass time (UTC): 2026-06-22 15:57
=================================================================================================================
Extracted data from ./RESULTS/libRad_v01_disort_1D_SWIA_solar_11743C_Jan-Mayen_TOA.nc:

 |------------------------|
 |     data  =   75.2     |
 |------------------------|
 |    BMAFLX =    nan     |
 |------------------------|


     Skipping 11858C. Do not find product BMA_FLX

     Skipping 11883C. Do not find product BMA_FLX



=================================================================================================================
    Productfile=  ./RESULTS/libRad_v01_disort_1D_SWIA_solar_11998C_Jan-Mayen_TOA.nc 
    OrbitID    =  11998C 
    Specs      =  TOA 
    Across-track index : 151
    Along-track index  : 502
    Overpass time (UTC): 2026-07-09 01:07
=================================================================================================================
Extracted data from ./RESULTS/libRad_v01_disort_1D_SWIA_solar_11998C_Jan-Mayen_TOA.nc:

 |------------------------|
 |     data  =   36.9     |
 |------------------------|
 |    BMAFLX =    nan     |
 |------------------------|


     Skipping 12132C. Do not find product BMA_FLX

     Skipping 12247C. Do not find product BMA_FLX

     Skipping 12272C. Do not find product BMA_FLX

     Skipping 12387C. Do not find product BMA_FLX

     Skipping 12521C. Do not find product BMA_FLX



=================================================================================================================
    Productfile=  ./RESULTS/libRad_v01_disort_1D_SWIA_solar_00966B_Flesland_TOA.nc 
    OrbitID    =  00966B 
    Specs      =  TOA 
    Across-track index : 151
    Along-track index  : 4246
    Overpass time (UTC): 2024-07-30 00:49
=================================================================================================================
Extracted data from ./RESULTS/libRad_v01_disort_1D_SWIA_solar_00966B_Flesland_TOA.nc:

 |------------------------|
 |     data  =    nan     |
 |------------------------|
 |    BMAFLX =    nan     |
 |------------------------|




=================================================================================================================
    Productfile=  ./RESULTS/libRad_v01_disort_1D_SWIA_solar_01068D_Flesland_TOA.nc 
    OrbitID    =  01068D 
    Specs      =  TOA 
    Across-track index : 151
    Along-track index  : 904
    Overpass time (UTC): 2024-08-05 14:32
=================================================================================================================
Extracted data from ./RESULTS/libRad_v01_disort_1D_SWIA_solar_01068D_Flesland_TOA.nc:

 |------------------------|
 |     data  =  529.7     |
 |------------------------|
 |    BMAFLX =  454.1     |
 |------------------------|




=================================================================================================================
    Productfile=  ./RESULTS/libRad_v01_disort_1D_SWIA_solar_01277B_Flesland_TOA.nc 
    OrbitID    =  01277B 
    Specs      =  TOA 
    Across-track index : 151
    Along-track index  : 4240
    Overpass time (UTC): 2024-08-19 00:50
=================================================================================================================
Extracted data from ./RESULTS/libRad_v01_disort_1D_SWIA_solar_01277B_Flesland_TOA.nc:

 |------------------------|
 |     data  =    nan     |
 |------------------------|
 |    BMAFLX =    nan     |
 |------------------------|




=================================================================================================================
    Productfile=  ./RESULTS/libRad_v01_disort_1D_SWIA_solar_01628D_Flesland_TOA.nc 
    OrbitID    =  01628D 
    Specs      =  TOA 
    Across-track index : 151
    Along-track index  : 912
    Overpass time (UTC): 2024-09-10 14:29
=================================================================================================================
Extracted data from ./RESULTS/libRad_v01_disort_1D_SWIA_solar_01628D_Flesland_TOA.nc:

 |------------------------|
 |     data  =  439.7     |
 |------------------------|
 |    BMAFLX =  398.0     |
 |------------------------|




=================================================================================================================
    Productfile=  ./RESULTS/libRad_v01_disort_1D_SWIA_solar_01666B_Flesland_TOA.nc 
    OrbitID    =  01666B 
    Specs      =  TOA 
    Across-track index : 151
    Along-track index  : 4233
    Overpass time (UTC): 2024-09-13 00:50
=================================================================================================================
Extracted data from ./RESULTS/libRad_v01_disort_1D_SWIA_solar_01666B_Flesland_TOA.nc:

 |------------------------|
 |     data  =    nan     |
 |------------------------|
 |    BMAFLX =    nan     |
 |------------------------|




=================================================================================================================
    Productfile=  ./RESULTS/libRad_v01_disort_1D_SWIA_solar_02017D_Flesland_TOA.nc 
    OrbitID    =  02017D 
    Specs      =  TOA 
    Across-track index : 151
    Along-track index  : 904
    Overpass time (UTC): 2024-10-05 14:31
=================================================================================================================
Extracted data from ./RESULTS/libRad_v01_disort_1D_SWIA_solar_02017D_Flesland_TOA.nc:

 |------------------------|
 |     data  =  262.5     |
 |------------------------|
 |    BMAFLX =  203.1     |
 |------------------------|




=================================================================================================================
    Productfile=  ./RESULTS/libRad_v01_disort_1D_SWIA_solar_02055B_Flesland_TOA.nc 
    OrbitID    =  02055B 
    Specs      =  TOA 
    Across-track index : 151
    Along-track index  : 4224
    Overpass time (UTC): 2024-10-08 00:51
=================================================================================================================
Extracted data from ./RESULTS/libRad_v01_disort_1D_SWIA_solar_02055B_Flesland_TOA.nc:

 |------------------------|
 |     data  =    nan     |
 |------------------------|
 |    BMAFLX =    nan     |
 |------------------------|




=================================================================================================================
    Productfile=  ./RESULTS/libRad_v01_disort_1D_SWIA_solar_02195B_Flesland_TOA.nc 
    OrbitID    =  02195B 
    Specs      =  TOA 
    Across-track index : 151
    Along-track index  : 4239
    Overpass time (UTC): 2024-10-17 00:48
=================================================================================================================
Extracted data from ./RESULTS/libRad_v01_disort_1D_SWIA_solar_02195B_Flesland_TOA.nc:

 |------------------------|
 |     data  =    nan     |
 |------------------------|
 |    BMAFLX =    nan     |
 |------------------------|




=================================================================================================================
    Productfile=  ./RESULTS/libRad_v01_disort_1D_SWIA_solar_02406D_Flesland_TOA.nc 
    OrbitID    =  02406D 
    Specs      =  TOA 
    Across-track index : 151
    Along-track index  : 907
    Overpass time (UTC): 2024-10-30 14:29
=================================================================================================================
Extracted data from ./RESULTS/libRad_v01_disort_1D_SWIA_solar_02406D_Flesland_TOA.nc:

 |------------------------|
 |     data  =  119.3     |
 |------------------------|
 |    BMAFLX =  122.7     |
 |------------------------|




=================================================================================================================
    Productfile=  ./RESULTS/libRad_v01_disort_1D_SWIA_solar_02795D_Flesland_TOA.nc 
    OrbitID    =  02795D 
    Specs      =  TOA 
    Across-track index : 151
    Along-track index  : 902
    Overpass time (UTC): 2024-11-24 14:30
=================================================================================================================
Extracted data from ./RESULTS/libRad_v01_disort_1D_SWIA_solar_02795D_Flesland_TOA.nc:

 |------------------------|
 |     data  =   14.4     |
 |------------------------|
 |    BMAFLX =    nan     |
 |------------------------|




=================================================================================================================
    Productfile=  ./RESULTS/libRad_v01_disort_1D_SWIA_solar_02973B_Flesland_TOA.nc 
    OrbitID    =  02973B 
    Specs      =  TOA 
    Across-track index : 151
    Along-track index  : 4239
    Overpass time (UTC): 2024-12-06 00:47
=================================================================================================================
Extracted data from ./RESULTS/libRad_v01_disort_1D_SWIA_solar_02973B_Flesland_TOA.nc:

 |------------------------|
 |     data  =    nan     |
 |------------------------|
 |    BMAFLX =    nan     |
 |------------------------|




=================================================================================================================
    Productfile=  ./RESULTS/libRad_v01_disort_1D_SWIA_solar_03184D_Flesland_TOA.nc 
    OrbitID    =  03184D 
    Specs      =  TOA 
    Across-track index : 151
    Along-track index  : 905
    Overpass time (UTC): 2024-12-19 14:29
=================================================================================================================
Extracted data from ./RESULTS/libRad_v01_disort_1D_SWIA_solar_03184D_Flesland_TOA.nc:

 |------------------------|
 |     data  =    nan     |
 |------------------------|
 |    BMAFLX =    nan     |
 |------------------------|




=================================================================================================================
    Productfile=  ./RESULTS/libRad_v01_disort_1D_SWIA_solar_03362B_Flesland_TOA.nc 
    OrbitID    =  03362B 
    Specs      =  TOA 
    Across-track index : 151
    Along-track index  : 4236
    Overpass time (UTC): 2024-12-31 00:47
=================================================================================================================
Extracted data from ./RESULTS/libRad_v01_disort_1D_SWIA_solar_03362B_Flesland_TOA.nc:

 |------------------------|
 |     data  =    nan     |
 |------------------------|
 |    BMAFLX =    nan     |
 |------------------------|




=================================================================================================================
    Productfile=  ./RESULTS/libRad_v01_disort_1D_SWIA_solar_03573D_Flesland_TOA.nc 
    OrbitID    =  03573D 
    Specs      =  TOA 
    Across-track index : 151
    Along-track index  : 905
    Overpass time (UTC): 2025-01-13 14:28
=================================================================================================================
Extracted data from ./RESULTS/libRad_v01_disort_1D_SWIA_solar_03573D_Flesland_TOA.nc:

 |------------------------|
 |     data  =   37.3     |
 |------------------------|
 |    BMAFLX =   36.4     |
 |------------------------|




=================================================================================================================
    Productfile=  ./RESULTS/libRad_v01_disort_1D_SWIA_solar_03751B_Flesland_TOA.nc 
    OrbitID    =  03751B 
    Specs      =  TOA 
    Across-track index : 151
    Along-track index  : 4237
    Overpass time (UTC): 2025-01-25 00:46
=================================================================================================================
Extracted data from ./RESULTS/libRad_v01_disort_1D_SWIA_solar_03751B_Flesland_TOA.nc:

 |------------------------|
 |     data  =    nan     |
 |------------------------|
 |    BMAFLX =    nan     |
 |------------------------|




=================================================================================================================
    Productfile=  ./RESULTS/libRad_v01_disort_1D_SWIA_solar_03962D_Flesland_TOA.nc 
    OrbitID    =  03962D 
    Specs      =  TOA 
    Across-track index : 151
    Along-track index  : 906
    Overpass time (UTC): 2025-02-07 14:28
=================================================================================================================
Extracted data from ./RESULTS/libRad_v01_disort_1D_SWIA_solar_03962D_Flesland_TOA.nc:

 |------------------------|
 |     data  =   56.6     |
 |------------------------|
 |    BMAFLX =   59.6     |
 |------------------------|




=================================================================================================================
    Productfile=  ./RESULTS/libRad_v01_disort_1D_SWIA_solar_04140B_Flesland_TOA.nc 
    OrbitID    =  04140B 
    Specs      =  TOA 
    Across-track index : 151
    Along-track index  : 4238
    Overpass time (UTC): 2025-02-19 00:46
=================================================================================================================
Extracted data from ./RESULTS/libRad_v01_disort_1D_SWIA_solar_04140B_Flesland_TOA.nc:

 |------------------------|
 |     data  =    nan     |
 |------------------------|
 |    BMAFLX =    nan     |
 |------------------------|




=================================================================================================================
    Productfile=  ./RESULTS/libRad_v01_disort_1D_SWIA_solar_04740D_Flesland_TOA.nc 
    OrbitID    =  04740D 
    Specs      =  TOA 
    Across-track index : 151
    Along-track index  : 907
    Overpass time (UTC): 2025-03-29 14:27
=================================================================================================================
Extracted data from ./RESULTS/libRad_v01_disort_1D_SWIA_solar_04740D_Flesland_TOA.nc:

 |------------------------|
 |     data  =  174.5     |
 |------------------------|
 |    BMAFLX =  190.1     |
 |------------------------|




=================================================================================================================
    Productfile=  ./RESULTS/libRad_v01_disort_1D_SWIA_solar_05307B_Flesland_TOA.nc 
    OrbitID    =  05307B 
    Specs      =  TOA 
    Across-track index : 151
    Along-track index  : 4239
    Overpass time (UTC): 2025-05-05 00:45
=================================================================================================================
Extracted data from ./RESULTS/libRad_v01_disort_1D_SWIA_solar_05307B_Flesland_TOA.nc:

 |------------------------|
 |     data  =    nan     |
 |------------------------|
 |    BMAFLX =    nan     |
 |------------------------|




=================================================================================================================
    Productfile=  ./RESULTS/libRad_v01_disort_1D_SWIA_solar_05518D_Flesland_TOA.nc 
    OrbitID    =  05518D 
    Specs      =  TOA 
    Across-track index : 151
    Along-track index  : 906
    Overpass time (UTC): 2025-05-18 14:27
=================================================================================================================
Extracted data from ./RESULTS/libRad_v01_disort_1D_SWIA_solar_05518D_Flesland_TOA.nc:

 |------------------------|
 |     data  =   81.5     |
 |------------------------|
 |    BMAFLX =   86.6     |
 |------------------------|




=================================================================================================================
    Productfile=  ./RESULTS/libRad_v01_disort_1D_SWIA_solar_05696B_Flesland_TOA.nc 
    OrbitID    =  05696B 
    Specs      =  TOA 
    Across-track index : 151
    Along-track index  : 4238
    Overpass time (UTC): 2025-05-30 00:45
=================================================================================================================
Extracted data from ./RESULTS/libRad_v01_disort_1D_SWIA_solar_05696B_Flesland_TOA.nc:

 |------------------------|
 |     data  =    nan     |
 |------------------------|
 |    BMAFLX =    nan     |
 |------------------------|




=================================================================================================================
    Productfile=  ./RESULTS/libRad_v01_disort_1D_SWIA_solar_05907D_Flesland_TOA.nc 
    OrbitID    =  05907D 
    Specs      =  TOA 
    Across-track index : 151
    Along-track index  : 906
    Overpass time (UTC): 2025-06-12 14:26
=================================================================================================================
Extracted data from ./RESULTS/libRad_v01_disort_1D_SWIA_solar_05907D_Flesland_TOA.nc:

 |------------------------|
 |     data  =   98.1     |
 |------------------------|
 |    BMAFLX =  114.5     |
 |------------------------|




=================================================================================================================
    Productfile=  ./RESULTS/libRad_v01_disort_1D_SWIA_solar_06296D_Flesland_TOA.nc 
    OrbitID    =  06296D 
    Specs      =  TOA 
    Across-track index : 151
    Along-track index  : 907
    Overpass time (UTC): 2025-07-07 14:26
=================================================================================================================
Extracted data from ./RESULTS/libRad_v01_disort_1D_SWIA_solar_06296D_Flesland_TOA.nc:

 |------------------------|
 |     data  =  121.0     |
 |------------------------|
 |    BMAFLX =  163.7     |
 |------------------------|




=================================================================================================================
    Productfile=  ./RESULTS/libRad_v01_disort_1D_SWIA_solar_06685D_Flesland_TOA.nc 
    OrbitID    =  06685D 
    Specs      =  TOA 
    Across-track index : 151
    Along-track index  : 908
    Overpass time (UTC): 2025-08-01 14:26
=================================================================================================================
Extracted data from ./RESULTS/libRad_v01_disort_1D_SWIA_solar_06685D_Flesland_TOA.nc:

 |------------------------|
 |     data  =  359.4     |
 |------------------------|
 |    BMAFLX =  350.4     |
 |------------------------|




=================================================================================================================
    Productfile=  ./RESULTS/libRad_v01_disort_1D_SWIA_solar_06863B_Flesland_TOA.nc 
    OrbitID    =  06863B 
    Specs      =  TOA 
    Across-track index : 151
    Along-track index  : 4240
    Overpass time (UTC): 2025-08-13 00:44
=================================================================================================================
Extracted data from ./RESULTS/libRad_v01_disort_1D_SWIA_solar_06863B_Flesland_TOA.nc:

 |------------------------|
 |     data  =    nan     |
 |------------------------|
 |    BMAFLX =    nan     |
 |------------------------|




=================================================================================================================
    Productfile=  ./RESULTS/libRad_v01_disort_1D_SWIA_solar_07074D_Flesland_TOA.nc 
    OrbitID    =  07074D 
    Specs      =  TOA 
    Across-track index : 151
    Along-track index  : 907
    Overpass time (UTC): 2025-08-26 14:25
=================================================================================================================
Extracted data from ./RESULTS/libRad_v01_disort_1D_SWIA_solar_07074D_Flesland_TOA.nc:

 |------------------------|
 |     data  =  127.3     |
 |------------------------|
 |    BMAFLX =  105.3     |
 |------------------------|




=================================================================================================================
    Productfile=  ./RESULTS/libRad_v01_disort_1D_SWIA_solar_07463D_Flesland_TOA.nc 
    OrbitID    =  07463D 
    Specs      =  TOA 
    Across-track index : 151
    Along-track index  : 906
    Overpass time (UTC): 2025-09-20 14:26
=================================================================================================================
Extracted data from ./RESULTS/libRad_v01_disort_1D_SWIA_solar_07463D_Flesland_TOA.nc:

 |------------------------|
 |     data  =  207.4     |
 |------------------------|
 |    BMAFLX =    nan     |
 |------------------------|




=================================================================================================================
    Productfile=  ./RESULTS/libRad_v01_disort_1D_SWIA_solar_07641B_Flesland_TOA.nc 
    OrbitID    =  07641B 
    Specs      =  TOA 
    Across-track index : 151
    Along-track index  : 4239
    Overpass time (UTC): 2025-10-02 00:44
=================================================================================================================
Extracted data from ./RESULTS/libRad_v01_disort_1D_SWIA_solar_07641B_Flesland_TOA.nc:

 |------------------------|
 |     data  =    nan     |
 |------------------------|
 |    BMAFLX =    nan     |
 |------------------------|




=================================================================================================================
    Productfile=  ./RESULTS/libRad_v01_disort_1D_SWIA_solar_07852D_Flesland_TOA.nc 
    OrbitID    =  07852D 
    Specs      =  TOA 
    Across-track index : 151
    Along-track index  : 905
    Overpass time (UTC): 2025-10-15 14:26
=================================================================================================================
Extracted data from ./RESULTS/libRad_v01_disort_1D_SWIA_solar_07852D_Flesland_TOA.nc:

 |------------------------|
 |     data  =  116.3     |
 |------------------------|
 |    BMAFLX =   97.7     |
 |------------------------|




=================================================================================================================
    Productfile=  ./RESULTS/libRad_v01_disort_1D_SWIA_solar_08241D_Flesland_TOA.nc 
    OrbitID    =  08241D 
    Specs      =  TOA 
    Across-track index : 151
    Along-track index  : 907
    Overpass time (UTC): 2025-11-09 14:26
=================================================================================================================
Extracted data from ./RESULTS/libRad_v01_disort_1D_SWIA_solar_08241D_Flesland_TOA.nc:

 |------------------------|
 |     data  =   66.4     |
 |------------------------|
 |    BMAFLX =    nan     |
 |------------------------|


     Skipping 08419B. Do not find product BMA_FLX



=================================================================================================================
    Productfile=  ./RESULTS/libRad_v01_disort_1D_SWIA_solar_08630D_Flesland_TOA.nc 
    OrbitID    =  08630D 
    Specs      =  TOA 
    Across-track index : 151
    Along-track index  : 907
    Overpass time (UTC): 2025-12-04 14:26
=================================================================================================================
Extracted data from ./RESULTS/libRad_v01_disort_1D_SWIA_solar_08630D_Flesland_TOA.nc:

 |------------------------|
 |     data  =    0.1     |
 |------------------------|
 |    BMAFLX =    nan     |
 |------------------------|


     Skipping 08808B. Do not find product BMA_FLX

     Skipping 09019D. Do not find product BMA_FLX

     Skipping 09408D. Do not find product BMA_FLX



=================================================================================================================
    Productfile=  ./RESULTS/libRad_v01_disort_1D_SWIA_solar_09797D_Flesland_TOA.nc 
    OrbitID    =  09797D 
    Specs      =  TOA 
    Across-track index : 151
    Along-track index  : 908
    Overpass time (UTC): 2026-02-17 14:26
=================================================================================================================
Extracted data from ./RESULTS/libRad_v01_disort_1D_SWIA_solar_09797D_Flesland_TOA.nc:

 |------------------------|
 |     data  =  182.1     |
 |------------------------|
 |    BMAFLX =  181.2     |
 |------------------------|


     Skipping 09975B. Do not find product BMA_FLX

     Skipping 10186D. Do not find product BMA_FLX

     Skipping 10575D. Do not find product BMA_FLX



=================================================================================================================
    Productfile=  ./RESULTS/libRad_v01_disort_1D_SWIA_solar_11353D_Flesland_TOA.nc 
    OrbitID    =  11353D 
    Specs      =  TOA 
    Across-track index : 151
    Along-track index  : 907
    Overpass time (UTC): 2026-05-28 14:27
=================================================================================================================
Extracted data from ./RESULTS/libRad_v01_disort_1D_SWIA_solar_11353D_Flesland_TOA.nc:

 |------------------------|
 |     data  =   72.7     |
 |------------------------|
 |    BMAFLX =  121.0     |
 |------------------------|


     Skipping 11531B. Do not find product BMA_FLX



=================================================================================================================
    Productfile=  ./RESULTS/libRad_v01_disort_1D_SWIA_solar_11742D_Flesland_TOA.nc 
    OrbitID    =  11742D 
    Specs      =  TOA 
    Across-track index : 151
    Along-track index  : 908
    Overpass time (UTC): 2026-06-22 14:27
=================================================================================================================
Extracted data from ./RESULTS/libRad_v01_disort_1D_SWIA_solar_11742D_Flesland_TOA.nc:

 |------------------------|
 |     data  =  173.2     |
 |------------------------|
 |    BMAFLX =  207.6     |
 |------------------------|


     Skipping 12131D. Do not find product BMA_FLX

     Skipping 12520D. Do not find product BMA_FLX



=================================================================================================================
    Productfile=  ./RESULTS/libRad_v01_disort_1D_SWIA_solar_00912C_Iskoras_TOA.nc 
    OrbitID    =  00912C 
    Specs      =  TOA 
    Across-track index : 151
    Along-track index  : 4537
    Overpass time (UTC): 2024-07-26 13:39
=================================================================================================================
Extracted data from ./RESULTS/libRad_v01_disort_1D_SWIA_solar_00912C_Iskoras_TOA.nc:

 |------------------------|
 |     data  =  345.7     |
 |------------------------|
 |    BMAFLX =    nan     |
 |------------------------|




=================================================================================================================
    Productfile=  ./RESULTS/libRad_v01_disort_1D_SWIA_solar_01027C_Iskoras_TOA.nc 
    OrbitID    =  01027C 
    Specs      =  TOA 
    Across-track index : 151
    Along-track index  : 317
    Overpass time (UTC): 2024-08-02 23:02
=================================================================================================================
Extracted data from ./RESULTS/libRad_v01_disort_1D_SWIA_solar_01027C_Iskoras_TOA.nc:

 |------------------------|
 |     data  =    nan     |
 |------------------------|
 |    BMAFLX =    nan     |
 |------------------------|




=================================================================================================================
    Productfile=  ./RESULTS/libRad_v01_disort_1D_SWIA_solar_01083C_Iskoras_TOA.nc 
    OrbitID    =  01083C 
    Specs      =  TOA 
    Across-track index : 151
    Along-track index  : 4536
    Overpass time (UTC): 2024-08-06 13:39
=================================================================================================================
Extracted data from ./RESULTS/libRad_v01_disort_1D_SWIA_solar_01083C_Iskoras_TOA.nc:

 |------------------------|
 |     data  =  249.7     |
 |------------------------|
 |    BMAFLX =    nan     |
 |------------------------|




=================================================================================================================
    Productfile=  ./RESULTS/libRad_v01_disort_1D_SWIA_solar_01254C_Iskoras_TOA.nc 
    OrbitID    =  01254C 
    Specs      =  TOA 
    Across-track index : 151
    Along-track index  : 4552
    Overpass time (UTC): 2024-08-17 13:33
=================================================================================================================
Extracted data from ./RESULTS/libRad_v01_disort_1D_SWIA_solar_01254C_Iskoras_TOA.nc:

 |------------------------|
 |     data  =  129.6     |
 |------------------------|
 |    BMAFLX =    nan     |
 |------------------------|




=================================================================================================================
    Productfile=  ./RESULTS/libRad_v01_disort_1D_SWIA_solar_01587C_Iskoras_TOA.nc 
    OrbitID    =  01587C 
    Specs      =  TOA 
    Across-track index : 151
    Along-track index  : 311
    Overpass time (UTC): 2024-09-07 23:03
=================================================================================================================
Extracted data from ./RESULTS/libRad_v01_disort_1D_SWIA_solar_01587C_Iskoras_TOA.nc:

 |------------------------|
 |     data  =    nan     |
 |------------------------|
 |    BMAFLX =    nan     |
 |------------------------|




=================================================================================================================
    Productfile=  ./RESULTS/libRad_v01_disort_1D_SWIA_solar_01643C_Iskoras_TOA.nc 
    OrbitID    =  01643C 
    Specs      =  TOA 
    Across-track index : 151
    Along-track index  : 4551
    Overpass time (UTC): 2024-09-11 13:35
=================================================================================================================
Extracted data from ./RESULTS/libRad_v01_disort_1D_SWIA_solar_01643C_Iskoras_TOA.nc:

 |------------------------|
 |     data  =    nan     |
 |------------------------|
 |    BMAFLX =    nan     |
 |------------------------|




=================================================================================================================
    Productfile=  ./RESULTS/libRad_v01_disort_1D_SWIA_solar_02032C_Iskoras_TOA.nc 
    OrbitID    =  02032C 
    Specs      =  TOA 
    Across-track index : 151
    Along-track index  : 4532
    Overpass time (UTC): 2024-10-06 13:36
=================================================================================================================
Extracted data from ./RESULTS/libRad_v01_disort_1D_SWIA_solar_02032C_Iskoras_TOA.nc:

 |------------------------|
 |     data  =   99.4     |
 |------------------------|
 |    BMAFLX =    nan     |
 |------------------------|




=================================================================================================================
    Productfile=  ./RESULTS/libRad_v01_disort_1D_SWIA_solar_02421C_Iskoras_TOA.nc 
    OrbitID    =  02421C 
    Specs      =  TOA 
    Across-track index : 151
    Along-track index  : 4537
    Overpass time (UTC): 2024-10-31 13:35
=================================================================================================================
Extracted data from ./RESULTS/libRad_v01_disort_1D_SWIA_solar_02421C_Iskoras_TOA.nc:

 |------------------------|
 |     data  =    nan     |
 |------------------------|
 |    BMAFLX =    nan     |
 |------------------------|




=================================================================================================================
    Productfile=  ./RESULTS/libRad_v01_disort_1D_SWIA_solar_02505C_Iskoras_TOA.nc 
    OrbitID    =  02505C 
    Specs      =  TOA 
    Across-track index : 151
    Along-track index  : 320
    Overpass time (UTC): 2024-11-05 22:59
=================================================================================================================
Extracted data from ./RESULTS/libRad_v01_disort_1D_SWIA_solar_02505C_Iskoras_TOA.nc:

 |------------------------|
 |     data  =    nan     |
 |------------------------|
 |    BMAFLX =    nan     |
 |------------------------|




=================================================================================================================
    Productfile=  ./RESULTS/libRad_v01_disort_1D_SWIA_solar_02561C_Iskoras_TOA.nc 
    OrbitID    =  02561C 
    Specs      =  TOA 
    Across-track index : 151
    Along-track index  : 4547
    Overpass time (UTC): 2024-11-09 13:32
=================================================================================================================
Extracted data from ./RESULTS/libRad_v01_disort_1D_SWIA_solar_02561C_Iskoras_TOA.nc:

 |------------------------|
 |     data  =    nan     |
 |------------------------|
 |    BMAFLX =    nan     |
 |------------------------|




=================================================================================================================
    Productfile=  ./RESULTS/libRad_v01_disort_1D_SWIA_solar_02754C_Iskoras_TOA.nc 
    OrbitID    =  02754C 
    Specs      =  TOA 
    Across-track index : 151
    Along-track index  : 303
    Overpass time (UTC): 2024-11-21 23:03
=================================================================================================================
Extracted data from ./RESULTS/libRad_v01_disort_1D_SWIA_solar_02754C_Iskoras_TOA.nc:

 |------------------------|
 |     data  =    nan     |
 |------------------------|
 |    BMAFLX =    nan     |
 |------------------------|




=================================================================================================================
    Productfile=  ./RESULTS/libRad_v01_disort_1D_SWIA_solar_02810C_Iskoras_TOA.nc 
    OrbitID    =  02810C 
    Specs      =  TOA 
    Across-track index : 151
    Along-track index  : 4577
    Overpass time (UTC): 2024-11-25 13:36
=================================================================================================================
Extracted data from ./RESULTS/libRad_v01_disort_1D_SWIA_solar_02810C_Iskoras_TOA.nc:

 |------------------------|
 |     data  =    nan     |
 |------------------------|
 |    BMAFLX =    nan     |
 |------------------------|




=================================================================================================================
    Productfile=  ./RESULTS/libRad_v01_disort_1D_SWIA_solar_02894C_Iskoras_TOA.nc 
    OrbitID    =  02894C 
    Specs      =  TOA 
    Across-track index : 151
    Along-track index  : 318
    Overpass time (UTC): 2024-11-30 22:59
=================================================================================================================
Extracted data from ./RESULTS/libRad_v01_disort_1D_SWIA_solar_02894C_Iskoras_TOA.nc:

 |------------------------|
 |     data  =    nan     |
 |------------------------|
 |    BMAFLX =    nan     |
 |------------------------|




=================================================================================================================
    Productfile=  ./RESULTS/libRad_v01_disort_1D_SWIA_solar_03199C_Iskoras_TOA.nc 
    OrbitID    =  03199C 
    Specs      =  TOA 
    Across-track index : 151
    Along-track index  : 4534
    Overpass time (UTC): 2024-12-20 13:35
=================================================================================================================
Extracted data from ./RESULTS/libRad_v01_disort_1D_SWIA_solar_03199C_Iskoras_TOA.nc:

 |------------------------|
 |     data  =    nan     |
 |------------------------|
 |    BMAFLX =    nan     |
 |------------------------|




=================================================================================================================
    Productfile=  ./RESULTS/libRad_v01_disort_1D_SWIA_solar_03283C_Iskoras_TOA.nc 
    OrbitID    =  03283C 
    Specs      =  TOA 
    Across-track index : 151
    Along-track index  : 319
    Overpass time (UTC): 2024-12-25 22:58
=================================================================================================================
Extracted data from ./RESULTS/libRad_v01_disort_1D_SWIA_solar_03283C_Iskoras_TOA.nc:

 |------------------------|
 |     data  =    nan     |
 |------------------------|
 |    BMAFLX =    nan     |
 |------------------------|




=================================================================================================================
    Productfile=  ./RESULTS/libRad_v01_disort_1D_SWIA_solar_03532C_Iskoras_TOA.nc 
    OrbitID    =  03532C 
    Specs      =  TOA 
    Across-track index : 151
    Along-track index  : 306
    Overpass time (UTC): 2025-01-10 23:02
=================================================================================================================
Extracted data from ./RESULTS/libRad_v01_disort_1D_SWIA_solar_03532C_Iskoras_TOA.nc:

 |------------------------|
 |     data  =    nan     |
 |------------------------|
 |    BMAFLX =    nan     |
 |------------------------|




=================================================================================================================
    Productfile=  ./RESULTS/libRad_v01_disort_1D_SWIA_solar_03588C_Iskoras_TOA.nc 
    OrbitID    =  03588C 
    Specs      =  TOA 
    Across-track index : 151
    Along-track index  : 4534
    Overpass time (UTC): 2025-01-14 13:34
=================================================================================================================
Extracted data from ./RESULTS/libRad_v01_disort_1D_SWIA_solar_03588C_Iskoras_TOA.nc:

 |------------------------|
 |     data  =    nan     |
 |------------------------|
 |    BMAFLX =    nan     |
 |------------------------|




=================================================================================================================
    Productfile=  ./RESULTS/libRad_v01_disort_1D_SWIA_solar_03672C_Iskoras_TOA.nc 
    OrbitID    =  03672C 
    Specs      =  TOA 
    Across-track index : 151
    Along-track index  : 319
    Overpass time (UTC): 2025-01-19 22:58
=================================================================================================================
Extracted data from ./RESULTS/libRad_v01_disort_1D_SWIA_solar_03672C_Iskoras_TOA.nc:

 |------------------------|
 |     data  =    nan     |
 |------------------------|
 |    BMAFLX =    nan     |
 |------------------------|




=================================================================================================================
    Productfile=  ./RESULTS/libRad_v01_disort_1D_SWIA_solar_03728C_Iskoras_TOA.nc 
    OrbitID    =  03728C 
    Specs      =  TOA 
    Across-track index : 151
    Along-track index  : 4547
    Overpass time (UTC): 2025-01-23 13:30
=================================================================================================================
Extracted data from ./RESULTS/libRad_v01_disort_1D_SWIA_solar_03728C_Iskoras_TOA.nc:

 |------------------------|
 |     data  =    nan     |
 |------------------------|
 |    BMAFLX =    nan     |
 |------------------------|




=================================================================================================================
    Productfile=  ./RESULTS/libRad_v01_disort_1D_SWIA_solar_03921C_Iskoras_TOA.nc 
    OrbitID    =  03921C 
    Specs      =  TOA 
    Across-track index : 151
    Along-track index  : 307
    Overpass time (UTC): 2025-02-04 23:01
=================================================================================================================
Extracted data from ./RESULTS/libRad_v01_disort_1D_SWIA_solar_03921C_Iskoras_TOA.nc:

 |------------------------|
 |     data  =    nan     |
 |------------------------|
 |    BMAFLX =    nan     |
 |------------------------|




=================================================================================================================
    Productfile=  ./RESULTS/libRad_v01_disort_1D_SWIA_solar_03977C_Iskoras_TOA.nc 
    OrbitID    =  03977C 
    Specs      =  TOA 
    Across-track index : 151
    Along-track index  : 4534
    Overpass time (UTC): 2025-02-08 13:34
=================================================================================================================
Extracted data from ./RESULTS/libRad_v01_disort_1D_SWIA_solar_03977C_Iskoras_TOA.nc:

 |------------------------|
 |     data  =    1.6     |
 |------------------------|
 |    BMAFLX =    nan     |
 |------------------------|




=================================================================================================================
    Productfile=  ./RESULTS/libRad_v01_disort_1D_SWIA_solar_04061C_Iskoras_TOA.nc 
    OrbitID    =  04061C 
    Specs      =  TOA 
    Across-track index : 151
    Along-track index  : 318
    Overpass time (UTC): 2025-02-13 22:58
=================================================================================================================
Extracted data from ./RESULTS/libRad_v01_disort_1D_SWIA_solar_04061C_Iskoras_TOA.nc:

 |------------------------|
 |     data  =    nan     |
 |------------------------|
 |    BMAFLX =    nan     |
 |------------------------|




=================================================================================================================
    Productfile=  ./RESULTS/libRad_v01_disort_1D_SWIA_solar_04117C_Iskoras_TOA.nc 
    OrbitID    =  04117C 
    Specs      =  TOA 
    Across-track index : 151
    Along-track index  : 4547
    Overpass time (UTC): 2025-02-17 13:30
=================================================================================================================
Extracted data from ./RESULTS/libRad_v01_disort_1D_SWIA_solar_04117C_Iskoras_TOA.nc:

 |------------------------|
 |     data  =   40.3     |
 |------------------------|
 |    BMAFLX =    nan     |
 |------------------------|




=================================================================================================================
    Productfile=  ./RESULTS/libRad_v01_disort_1D_SWIA_solar_05284C_Iskoras_TOA.nc 
    OrbitID    =  05284C 
    Specs      =  TOA 
    Across-track index : 151
    Along-track index  : 4547
    Overpass time (UTC): 2025-05-03 13:29
=================================================================================================================
Extracted data from ./RESULTS/libRad_v01_disort_1D_SWIA_solar_05284C_Iskoras_TOA.nc:

 |------------------------|
 |     data  =  353.8     |
 |------------------------|
 |    BMAFLX =    nan     |
 |------------------------|




=================================================================================================================
    Productfile=  ./RESULTS/libRad_v01_disort_1D_SWIA_solar_05477C_Iskoras_TOA.nc 
    OrbitID    =  05477C 
    Specs      =  TOA 
    Across-track index : 151
    Along-track index  : 305
    Overpass time (UTC): 2025-05-15 23:00
=================================================================================================================
Extracted data from ./RESULTS/libRad_v01_disort_1D_SWIA_solar_05477C_Iskoras_TOA.nc:

 |------------------------|
 |     data  =    nan     |
 |------------------------|
 |    BMAFLX =    nan     |
 |------------------------|




=================================================================================================================
    Productfile=  ./RESULTS/libRad_v01_disort_1D_SWIA_solar_05533C_Iskoras_TOA.nc 
    OrbitID    =  05533C 
    Specs      =  TOA 
    Across-track index : 151
    Along-track index  : 4534
    Overpass time (UTC): 2025-05-19 13:32
=================================================================================================================
Extracted data from ./RESULTS/libRad_v01_disort_1D_SWIA_solar_05533C_Iskoras_TOA.nc:

 |------------------------|
 |     data  =  302.6     |
 |------------------------|
 |    BMAFLX =    nan     |
 |------------------------|




=================================================================================================================
    Productfile=  ./RESULTS/libRad_v01_disort_1D_SWIA_solar_05617C_Iskoras_TOA.nc 
    OrbitID    =  05617C 
    Specs      =  TOA 
    Across-track index : 151
    Along-track index  : 318
    Overpass time (UTC): 2025-05-24 22:56
=================================================================================================================
Extracted data from ./RESULTS/libRad_v01_disort_1D_SWIA_solar_05617C_Iskoras_TOA.nc:

 |------------------------|
 |     data  =    8.7     |
 |------------------------|
 |    BMAFLX =    nan     |
 |------------------------|




=================================================================================================================
    Productfile=  ./RESULTS/libRad_v01_disort_1D_SWIA_solar_05673C_Iskoras_TOA.nc 
    OrbitID    =  05673C 
    Specs      =  TOA 
    Across-track index : 151
    Along-track index  : 4547
    Overpass time (UTC): 2025-05-28 13:28
=================================================================================================================
Extracted data from ./RESULTS/libRad_v01_disort_1D_SWIA_solar_05673C_Iskoras_TOA.nc:

 |------------------------|
 |     data  =  262.4     |
 |------------------------|
 |    BMAFLX =    nan     |
 |------------------------|




=================================================================================================================
    Productfile=  ./RESULTS/libRad_v01_disort_1D_SWIA_solar_05866C_Iskoras_TOA.nc 
    OrbitID    =  05866C 
    Specs      =  TOA 
    Across-track index : 151
    Along-track index  : 305
    Overpass time (UTC): 2025-06-09 23:00
=================================================================================================================
Extracted data from ./RESULTS/libRad_v01_disort_1D_SWIA_solar_05866C_Iskoras_TOA.nc:

 |------------------------|
 |     data  =   32.4     |
 |------------------------|
 |    BMAFLX =    nan     |
 |------------------------|




=================================================================================================================
    Productfile=  ./RESULTS/libRad_v01_disort_1D_SWIA_solar_05922C_Iskoras_TOA.nc 
    OrbitID    =  05922C 
    Specs      =  TOA 
    Across-track index : 151
    Along-track index  : 4534
    Overpass time (UTC): 2025-06-13 13:32
=================================================================================================================
Extracted data from ./RESULTS/libRad_v01_disort_1D_SWIA_solar_05922C_Iskoras_TOA.nc:

 |------------------------|
 |     data  =  127.5     |
 |------------------------|
 |    BMAFLX =    nan     |
 |------------------------|




=================================================================================================================
    Productfile=  ./RESULTS/libRad_v01_disort_1D_SWIA_solar_06006C_Iskoras_TOA.nc 
    OrbitID    =  06006C 
    Specs      =  TOA 
    Across-track index : 151
    Along-track index  : 319
    Overpass time (UTC): 2025-06-18 22:56
=================================================================================================================
Extracted data from ./RESULTS/libRad_v01_disort_1D_SWIA_solar_06006C_Iskoras_TOA.nc:

 |------------------------|
 |     data  =   40.2     |
 |------------------------|
 |    BMAFLX =    nan     |
 |------------------------|




=================================================================================================================
    Productfile=  ./RESULTS/libRad_v01_disort_1D_SWIA_solar_06062C_Iskoras_TOA.nc 
    OrbitID    =  06062C 
    Specs      =  TOA 
    Across-track index : 151
    Along-track index  : 4547
    Overpass time (UTC): 2025-06-22 13:28
=================================================================================================================
Extracted data from ./RESULTS/libRad_v01_disort_1D_SWIA_solar_06062C_Iskoras_TOA.nc:

 |------------------------|
 |     data  =  381.9     |
 |------------------------|
 |    BMAFLX =    nan     |
 |------------------------|




=================================================================================================================
    Productfile=  ./RESULTS/libRad_v01_disort_1D_SWIA_solar_06255C_Iskoras_TOA.nc 
    OrbitID    =  06255C 
    Specs      =  TOA 
    Across-track index : 151
    Along-track index  : 305
    Overpass time (UTC): 2025-07-04 22:59
=================================================================================================================
Extracted data from ./RESULTS/libRad_v01_disort_1D_SWIA_solar_06255C_Iskoras_TOA.nc:

 |------------------------|
 |     data  =   30.1     |
 |------------------------|
 |    BMAFLX =    nan     |
 |------------------------|




=================================================================================================================
    Productfile=  ./RESULTS/libRad_v01_disort_1D_SWIA_solar_06311C_Iskoras_TOA.nc 
    OrbitID    =  06311C 
    Specs      =  TOA 
    Across-track index : 151
    Along-track index  : 4535
    Overpass time (UTC): 2025-07-08 13:32
=================================================================================================================
Extracted data from ./RESULTS/libRad_v01_disort_1D_SWIA_solar_06311C_Iskoras_TOA.nc:

 |------------------------|
 |     data  =  325.8     |
 |------------------------|
 |    BMAFLX =  253.1     |
 |------------------------|




=================================================================================================================
    Productfile=  ./RESULTS/libRad_v01_disort_1D_SWIA_solar_06644C_Iskoras_TOA.nc 
    OrbitID    =  06644C 
    Specs      =  TOA 
    Across-track index : 151
    Along-track index  : 307
    Overpass time (UTC): 2025-07-29 22:59
=================================================================================================================
Extracted data from ./RESULTS/libRad_v01_disort_1D_SWIA_solar_06644C_Iskoras_TOA.nc:

 |------------------------|
 |     data  =    nan     |
 |------------------------|
 |    BMAFLX =    nan     |
 |------------------------|




=================================================================================================================
    Productfile=  ./RESULTS/libRad_v01_disort_1D_SWIA_solar_06700C_Iskoras_TOA.nc 
    OrbitID    =  06700C 
    Specs      =  TOA 
    Across-track index : 151
    Along-track index  : 4536
    Overpass time (UTC): 2025-08-02 13:31
=================================================================================================================
Extracted data from ./RESULTS/libRad_v01_disort_1D_SWIA_solar_06700C_Iskoras_TOA.nc:

 |------------------------|
 |     data  =  150.3     |
 |------------------------|
 |    BMAFLX =    nan     |
 |------------------------|




=================================================================================================================
    Productfile=  ./RESULTS/libRad_v01_disort_1D_SWIA_solar_07089C_Iskoras_TOA.nc 
    OrbitID    =  07089C 
    Specs      =  TOA 
    Across-track index : 151
    Along-track index  : 4534
    Overpass time (UTC): 2025-08-27 13:31
=================================================================================================================
Extracted data from ./RESULTS/libRad_v01_disort_1D_SWIA_solar_07089C_Iskoras_TOA.nc:

 |------------------------|
 |     data  =  276.9     |
 |------------------------|
 |    BMAFLX =  264.2     |
 |------------------------|




=================================================================================================================
    Productfile=  ./RESULTS/libRad_v01_disort_1D_SWIA_solar_07478C_Iskoras_TOA.nc 
    OrbitID    =  07478C 
    Specs      =  TOA 
    Across-track index : 151
    Along-track index  : 4533
    Overpass time (UTC): 2025-09-21 13:31
=================================================================================================================
Extracted data from ./RESULTS/libRad_v01_disort_1D_SWIA_solar_07478C_Iskoras_TOA.nc:

 |------------------------|
 |     data  =  212.6     |
 |------------------------|
 |    BMAFLX =  176.4     |
 |------------------------|




=================================================================================================================
    Productfile=  ./RESULTS/libRad_v01_disort_1D_SWIA_solar_07867C_Iskoras_TOA.nc 
    OrbitID    =  07867C 
    Specs      =  TOA 
    Across-track index : 151
    Along-track index  : 4532
    Overpass time (UTC): 2025-10-16 13:32
=================================================================================================================
Extracted data from ./RESULTS/libRad_v01_disort_1D_SWIA_solar_07867C_Iskoras_TOA.nc:

 |------------------------|
 |     data  =   45.0     |
 |------------------------|
 |    BMAFLX =    nan     |
 |------------------------|




=================================================================================================================
    Productfile=  ./RESULTS/libRad_v01_disort_1D_SWIA_solar_08256C_Iskoras_TOA.nc 
    OrbitID    =  08256C 
    Specs      =  TOA 
    Across-track index : 151
    Along-track index  : 4533
    Overpass time (UTC): 2025-11-10 13:31
=================================================================================================================
Extracted data from ./RESULTS/libRad_v01_disort_1D_SWIA_solar_08256C_Iskoras_TOA.nc:

 |------------------------|
 |     data  =    nan     |
 |------------------------|
 |    BMAFLX =    nan     |
 |------------------------|




=================================================================================================================
    Productfile=  ./RESULTS/libRad_v01_disort_1D_SWIA_solar_08645C_Iskoras_TOA.nc 
    OrbitID    =  08645C 
    Specs      =  TOA 
    Across-track index : 151
    Along-track index  : 4533
    Overpass time (UTC): 2025-12-05 13:32
=================================================================================================================
Extracted data from ./RESULTS/libRad_v01_disort_1D_SWIA_solar_08645C_Iskoras_TOA.nc:

 |------------------------|
 |     data  =    nan     |
 |------------------------|
 |    BMAFLX =    nan     |
 |------------------------|


     Skipping 09034C. Do not find product BMA_FLX

     Skipping 09118C. Do not find product BMA_FLX

     Skipping 09367C. Do not find product BMA_FLX

     Skipping 09423C. Do not find product BMA_FLX



=================================================================================================================
    Productfile=  ./RESULTS/libRad_v01_disort_1D_SWIA_solar_09812C_Iskoras_TOA.nc 
    OrbitID    =  09812C 
    Specs      =  TOA 
    Across-track index : 151
    Along-track index  : 4533
    Overpass time (UTC): 2026-02-18 13:32
=================================================================================================================
Extracted data from ./RESULTS/libRad_v01_disort_1D_SWIA_solar_09812C_Iskoras_TOA.nc:

 |------------------------|
 |     data  =   27.1     |
 |------------------------|
 |    BMAFLX =    nan     |
 |------------------------|


     Skipping 10201C. Do not find product BMA_FLX

     Skipping 10590C. Do not find product BMA_FLX



=================================================================================================================
    Productfile=  ./RESULTS/libRad_v01_disort_1D_SWIA_solar_11368C_Iskoras_TOA.nc 
    OrbitID    =  11368C 
    Specs      =  TOA 
    Across-track index : 151
    Along-track index  : 4533
    Overpass time (UTC): 2026-05-29 13:32
=================================================================================================================
Extracted data from ./RESULTS/libRad_v01_disort_1D_SWIA_solar_11368C_Iskoras_TOA.nc:

 |------------------------|
 |     data  =  254.3     |
 |------------------------|
 |    BMAFLX =    nan     |
 |------------------------|




=================================================================================================================
    Productfile=  ./RESULTS/libRad_v01_disort_1D_SWIA_solar_11757C_Iskoras_TOA.nc 
    OrbitID    =  11757C 
    Specs      =  TOA 
    Across-track index : 151
    Along-track index  : 4533
    Overpass time (UTC): 2026-06-23 13:33
=================================================================================================================
Extracted data from ./RESULTS/libRad_v01_disort_1D_SWIA_solar_11757C_Iskoras_TOA.nc:

 |------------------------|
 |     data  =  492.6     |
 |------------------------|
 |    BMAFLX =  439.2     |
 |------------------------|




=================================================================================================================
    Productfile=  ./RESULTS/libRad_v01_disort_1D_SWIA_solar_12146C_Iskoras_TOA.nc 
    OrbitID    =  12146C 
    Specs      =  TOA 
    Across-track index : 151
    Along-track index  : 4533
    Overpass time (UTC): 2026-07-18 13:33
=================================================================================================================
Extracted data from ./RESULTS/libRad_v01_disort_1D_SWIA_solar_12146C_Iskoras_TOA.nc:

 |------------------------|
 |     data  =  113.5     |
 |------------------------|
 |    BMAFLX =  196.0     |
 |------------------------|


     Skipping 12479C. Do not find product BMA_FLX



=================================================================================================================
    Productfile=  ./RESULTS/libRad_v01_disort_1D_SWIA_solar_12535C_Iskoras_TOA.nc 
    OrbitID    =  12535C 
    Specs      =  TOA 
    Across-track index : 151
    Along-track index  : 4533
    Overpass time (UTC): 2026-08-12 13:33
=================================================================================================================
Extracted data from ./RESULTS/libRad_v01_disort_1D_SWIA_solar_12535C_Iskoras_TOA.nc:

 |------------------------|
 |     data  =  107.4     |
 |------------------------|
 |    BMAFLX =    nan     |
 |------------------------|




=================================================================================================================
    Productfile=  ./RESULTS/libRad_v01_disort_1D_SWIA_solar_01059B_Rena_TOA.nc 
    OrbitID    =  01059B 
    Specs      =  TOA 
    Across-track index : 151
    Along-track index  : 4359
    Overpass time (UTC): 2024-08-05 00:24
=================================================================================================================
Extracted data from ./RESULTS/libRad_v01_disort_1D_SWIA_solar_01059B_Rena_TOA.nc:

 |------------------------|
 |     data  =    nan     |
 |------------------------|
 |    BMAFLX =    nan     |
 |------------------------|




=================================================================================================================
    Productfile=  ./RESULTS/libRad_v01_disort_1D_SWIA_solar_01301D_Rena_TOA.nc 
    OrbitID    =  01301D 
    Specs      =  TOA 
    Across-track index : 151
    Along-track index  : 792
    Overpass time (UTC): 2024-08-20 14:07
=================================================================================================================
Extracted data from ./RESULTS/libRad_v01_disort_1D_SWIA_solar_01301D_Rena_TOA.nc:

 |------------------------|
 |     data  =  429.4     |
 |------------------------|
 |    BMAFLX =  494.7     |
 |------------------------|




=================================================================================================================
    Productfile=  ./RESULTS/libRad_v01_disort_1D_SWIA_solar_01619B_Rena_TOA.nc 
    OrbitID    =  01619B 
    Specs      =  TOA 
    Across-track index : 151
    Along-track index  : 4360
    Overpass time (UTC): 2024-09-10 00:22
=================================================================================================================
Extracted data from ./RESULTS/libRad_v01_disort_1D_SWIA_solar_01619B_Rena_TOA.nc:

 |------------------------|
 |     data  =    nan     |
 |------------------------|
 |    BMAFLX =    nan     |
 |------------------------|




=================================================================================================================
    Productfile=  ./RESULTS/libRad_v01_disort_1D_SWIA_solar_01690D_Rena_TOA.nc 
    OrbitID    =  01690D 
    Specs      =  TOA 
    Across-track index : 151
    Along-track index  : 789
    Overpass time (UTC): 2024-09-14 14:07
=================================================================================================================
Extracted data from ./RESULTS/libRad_v01_disort_1D_SWIA_solar_01690D_Rena_TOA.nc:

 |------------------------|
 |     data  =   84.0     |
 |------------------------|
 |    BMAFLX =   84.7     |
 |------------------------|




=================================================================================================================
    Productfile=  ./RESULTS/libRad_v01_disort_1D_SWIA_solar_02008B_Rena_TOA.nc 
    OrbitID    =  02008B 
    Specs      =  TOA 
    Across-track index : 151
    Along-track index  : 4349
    Overpass time (UTC): 2024-10-05 00:23
=================================================================================================================
Extracted data from ./RESULTS/libRad_v01_disort_1D_SWIA_solar_02008B_Rena_TOA.nc:

 |------------------------|
 |     data  =    nan     |
 |------------------------|
 |    BMAFLX =    nan     |
 |------------------------|




=================================================================================================================
    Productfile=  ./RESULTS/libRad_v01_disort_1D_SWIA_solar_02079D_Rena_TOA.nc 
    OrbitID    =  02079D 
    Specs      =  TOA 
    Across-track index : 151
    Along-track index  : 786
    Overpass time (UTC): 2024-10-09 14:07
=================================================================================================================
Extracted data from ./RESULTS/libRad_v01_disort_1D_SWIA_solar_02079D_Rena_TOA.nc:

 |------------------------|
 |     data  =  163.5     |
 |------------------------|
 |    BMAFLX =  142.8     |
 |------------------------|




=================================================================================================================
    Productfile=  ./RESULTS/libRad_v01_disort_1D_SWIA_solar_02397B_Rena_TOA.nc 
    OrbitID    =  02397B 
    Specs      =  TOA 
    Across-track index : 151
    Along-track index  : 4356
    Overpass time (UTC): 2024-10-30 00:22
=================================================================================================================
Extracted data from ./RESULTS/libRad_v01_disort_1D_SWIA_solar_02397B_Rena_TOA.nc:

 |------------------------|
 |     data  =    nan     |
 |------------------------|
 |    BMAFLX =    nan     |
 |------------------------|




=================================================================================================================
    Productfile=  ./RESULTS/libRad_v01_disort_1D_SWIA_solar_02468D_Rena_TOA.nc 
    OrbitID    =  02468D 
    Specs      =  TOA 
    Across-track index : 151
    Along-track index  : 784
    Overpass time (UTC): 2024-11-03 14:07
=================================================================================================================
Extracted data from ./RESULTS/libRad_v01_disort_1D_SWIA_solar_02468D_Rena_TOA.nc:

 |------------------------|
 |     data  =   42.9     |
 |------------------------|
 |    BMAFLX =    nan     |
 |------------------------|




=================================================================================================================
    Productfile=  ./RESULTS/libRad_v01_disort_1D_SWIA_solar_02786B_Rena_TOA.nc 
    OrbitID    =  02786B 
    Specs      =  TOA 
    Across-track index : 151
    Along-track index  : 4350
    Overpass time (UTC): 2024-11-24 00:23
=================================================================================================================
Extracted data from ./RESULTS/libRad_v01_disort_1D_SWIA_solar_02786B_Rena_TOA.nc:

 |------------------------|
 |     data  =    nan     |
 |------------------------|
 |    BMAFLX =    nan     |
 |------------------------|




=================================================================================================================
    Productfile=  ./RESULTS/libRad_v01_disort_1D_SWIA_solar_03246D_Rena_TOA.nc 
    OrbitID    =  03246D 
    Specs      =  TOA 
    Across-track index : 151
    Along-track index  : 783
    Overpass time (UTC): 2024-12-23 14:06
=================================================================================================================
Extracted data from ./RESULTS/libRad_v01_disort_1D_SWIA_solar_03246D_Rena_TOA.nc:

 |------------------------|
 |     data  =    nan     |
 |------------------------|
 |    BMAFLX =    nan     |
 |------------------------|




=================================================================================================================
    Productfile=  ./RESULTS/libRad_v01_disort_1D_SWIA_solar_03386D_Rena_TOA.nc 
    OrbitID    =  03386D 
    Specs      =  TOA 
    Across-track index : 151
    Along-track index  : 796
    Overpass time (UTC): 2025-01-01 14:02
=================================================================================================================
Extracted data from ./RESULTS/libRad_v01_disort_1D_SWIA_solar_03386D_Rena_TOA.nc:

 |------------------------|
 |     data  =    nan     |
 |------------------------|
 |    BMAFLX =    nan     |
 |------------------------|




=================================================================================================================
    Productfile=  ./RESULTS/libRad_v01_disort_1D_SWIA_solar_03564B_Rena_TOA.nc 
    OrbitID    =  03564B 
    Specs      =  TOA 
    Across-track index : 151
    Along-track index  : 4352
    Overpass time (UTC): 2025-01-13 00:21
=================================================================================================================
Extracted data from ./RESULTS/libRad_v01_disort_1D_SWIA_solar_03564B_Rena_TOA.nc:

 |------------------------|
 |     data  =    nan     |
 |------------------------|
 |    BMAFLX =    nan     |
 |------------------------|




=================================================================================================================
    Productfile=  ./RESULTS/libRad_v01_disort_1D_SWIA_solar_03635D_Rena_TOA.nc 
    OrbitID    =  03635D 
    Specs      =  TOA 
    Across-track index : 151
    Along-track index  : 783
    Overpass time (UTC): 2025-01-17 14:06
=================================================================================================================
Extracted data from ./RESULTS/libRad_v01_disort_1D_SWIA_solar_03635D_Rena_TOA.nc:

 |------------------------|
 |     data  =   18.7     |
 |------------------------|
 |    BMAFLX =    nan     |
 |------------------------|




=================================================================================================================
    Productfile=  ./RESULTS/libRad_v01_disort_1D_SWIA_solar_03775D_Rena_TOA.nc 
    OrbitID    =  03775D 
    Specs      =  TOA 
    Across-track index : 151
    Along-track index  : 797
    Overpass time (UTC): 2025-01-26 14:02
=================================================================================================================
Extracted data from ./RESULTS/libRad_v01_disort_1D_SWIA_solar_03775D_Rena_TOA.nc:

 |------------------------|
 |     data  =   57.2     |
 |------------------------|
 |    BMAFLX =    nan     |
 |------------------------|




=================================================================================================================
    Productfile=  ./RESULTS/libRad_v01_disort_1D_SWIA_solar_03953B_Rena_TOA.nc 
    OrbitID    =  03953B 
    Specs      =  TOA 
    Across-track index : 151
    Along-track index  : 4353
    Overpass time (UTC): 2025-02-07 00:20
=================================================================================================================
Extracted data from ./RESULTS/libRad_v01_disort_1D_SWIA_solar_03953B_Rena_TOA.nc:

 |------------------------|
 |     data  =    nan     |
 |------------------------|
 |    BMAFLX =    nan     |
 |------------------------|




=================================================================================================================
    Productfile=  ./RESULTS/libRad_v01_disort_1D_SWIA_solar_04024D_Rena_TOA.nc 
    OrbitID    =  04024D 
    Specs      =  TOA 
    Across-track index : 151
    Along-track index  : 783
    Overpass time (UTC): 2025-02-11 14:05
=================================================================================================================
Extracted data from ./RESULTS/libRad_v01_disort_1D_SWIA_solar_04024D_Rena_TOA.nc:

 |------------------------|
 |     data  =  110.5     |
 |------------------------|
 |    BMAFLX =    nan     |
 |------------------------|




=================================================================================================================
    Productfile=  ./RESULTS/libRad_v01_disort_1D_SWIA_solar_04164D_Rena_TOA.nc 
    OrbitID    =  04164D 
    Specs      =  TOA 
    Across-track index : 151
    Along-track index  : 796
    Overpass time (UTC): 2025-02-20 14:02
=================================================================================================================
Extracted data from ./RESULTS/libRad_v01_disort_1D_SWIA_solar_04164D_Rena_TOA.nc:

 |------------------------|
 |     data  =  170.2     |
 |------------------------|
 |    BMAFLX =    nan     |
 |------------------------|




=================================================================================================================
    Productfile=  ./RESULTS/libRad_v01_disort_1D_SWIA_solar_05580D_Rena_TOA.nc 
    OrbitID    =  05580D 
    Specs      =  TOA 
    Across-track index : 151
    Along-track index  : 783
    Overpass time (UTC): 2025-05-22 14:04
=================================================================================================================
Extracted data from ./RESULTS/libRad_v01_disort_1D_SWIA_solar_05580D_Rena_TOA.nc:

 |------------------------|
 |     data  =  427.4     |
 |------------------------|
 |    BMAFLX =  405.5     |
 |------------------------|




=================================================================================================================
    Productfile=  ./RESULTS/libRad_v01_disort_1D_SWIA_solar_05898B_Rena_TOA.nc 
    OrbitID    =  05898B 
    Specs      =  TOA 
    Across-track index : 151
    Along-track index  : 4353
    Overpass time (UTC): 2025-06-12 00:19
=================================================================================================================
Extracted data from ./RESULTS/libRad_v01_disort_1D_SWIA_solar_05898B_Rena_TOA.nc:

 |------------------------|
 |     data  =    nan     |
 |------------------------|
 |    BMAFLX =    nan     |
 |------------------------|




=================================================================================================================
    Productfile=  ./RESULTS/libRad_v01_disort_1D_SWIA_solar_05969D_Rena_TOA.nc 
    OrbitID    =  05969D 
    Specs      =  TOA 
    Across-track index : 151
    Along-track index  : 784
    Overpass time (UTC): 2025-06-16 14:04
=================================================================================================================
Extracted data from ./RESULTS/libRad_v01_disort_1D_SWIA_solar_05969D_Rena_TOA.nc:

 |------------------------|
 |     data  =  163.3     |
 |------------------------|
 |    BMAFLX =  200.9     |
 |------------------------|




=================================================================================================================
    Productfile=  ./RESULTS/libRad_v01_disort_1D_SWIA_solar_06358D_Rena_TOA.nc 
    OrbitID    =  06358D 
    Specs      =  TOA 
    Across-track index : 151
    Along-track index  : 785
    Overpass time (UTC): 2025-07-11 14:03
=================================================================================================================
Extracted data from ./RESULTS/libRad_v01_disort_1D_SWIA_solar_06358D_Rena_TOA.nc:

 |------------------------|
 |     data  =  364.4     |
 |------------------------|
 |    BMAFLX =  270.8     |
 |------------------------|




=================================================================================================================
    Productfile=  ./RESULTS/libRad_v01_disort_1D_SWIA_solar_06747D_Rena_TOA.nc 
    OrbitID    =  06747D 
    Specs      =  TOA 
    Across-track index : 151
    Along-track index  : 786
    Overpass time (UTC): 2025-08-05 14:03
=================================================================================================================
Extracted data from ./RESULTS/libRad_v01_disort_1D_SWIA_solar_06747D_Rena_TOA.nc:

 |------------------------|
 |     data  =  503.8     |
 |------------------------|
 |    BMAFLX =  422.8     |
 |------------------------|




=================================================================================================================
    Productfile=  ./RESULTS/libRad_v01_disort_1D_SWIA_solar_07136D_Rena_TOA.nc 
    OrbitID    =  07136D 
    Specs      =  TOA 
    Across-track index : 151
    Along-track index  : 785
    Overpass time (UTC): 2025-08-30 14:03
=================================================================================================================
Extracted data from ./RESULTS/libRad_v01_disort_1D_SWIA_solar_07136D_Rena_TOA.nc:

 |------------------------|
 |     data  =  336.9     |
 |------------------------|
 |    BMAFLX =  276.8     |
 |------------------------|




=================================================================================================================
    Productfile=  ./RESULTS/libRad_v01_disort_1D_SWIA_solar_07454B_Rena_TOA.nc 
    OrbitID    =  07454B 
    Specs      =  TOA 
    Across-track index : 151
    Along-track index  : 4352
    Overpass time (UTC): 2025-09-20 00:18
=================================================================================================================
Extracted data from ./RESULTS/libRad_v01_disort_1D_SWIA_solar_07454B_Rena_TOA.nc:

 |------------------------|
 |     data  =    nan     |
 |------------------------|
 |    BMAFLX =    nan     |
 |------------------------|




=================================================================================================================
    Productfile=  ./RESULTS/libRad_v01_disort_1D_SWIA_solar_07525D_Rena_TOA.nc 
    OrbitID    =  07525D 
    Specs      =  TOA 
    Across-track index : 151
    Along-track index  : 785
    Overpass time (UTC): 2025-09-24 14:03
=================================================================================================================
Extracted data from ./RESULTS/libRad_v01_disort_1D_SWIA_solar_07525D_Rena_TOA.nc:

 |------------------------|
 |     data  =   76.3     |
 |------------------------|
 |    BMAFLX =    nan     |
 |------------------------|




=================================================================================================================
    Productfile=  ./RESULTS/libRad_v01_disort_1D_SWIA_solar_07914D_Rena_TOA.nc 
    OrbitID    =  07914D 
    Specs      =  TOA 
    Across-track index : 151
    Along-track index  : 783
    Overpass time (UTC): 2025-10-19 14:04
=================================================================================================================
Extracted data from ./RESULTS/libRad_v01_disort_1D_SWIA_solar_07914D_Rena_TOA.nc:

 |------------------------|
 |     data  =   63.5     |
 |------------------------|
 |    BMAFLX =   62.6     |
 |------------------------|




=================================================================================================================
    Productfile=  ./RESULTS/libRad_v01_disort_1D_SWIA_solar_08303D_Rena_TOA.nc 
    OrbitID    =  08303D 
    Specs      =  TOA 
    Across-track index : 151
    Along-track index  : 784
    Overpass time (UTC): 2025-11-13 14:03
=================================================================================================================
Extracted data from ./RESULTS/libRad_v01_disort_1D_SWIA_solar_08303D_Rena_TOA.nc:

 |------------------------|
 |     data  =   18.3     |
 |------------------------|
 |    BMAFLX =   14.6     |
 |------------------------|




=================================================================================================================
    Productfile=  ./RESULTS/libRad_v01_disort_1D_SWIA_solar_08621B_Rena_TOA.nc 
    OrbitID    =  08621B 
    Specs      =  TOA 
    Across-track index : 151
    Along-track index  : 4352
    Overpass time (UTC): 2025-12-04 00:18
=================================================================================================================
Extracted data from ./RESULTS/libRad_v01_disort_1D_SWIA_solar_08621B_Rena_TOA.nc:

 |------------------------|
 |     data  =    nan     |
 |------------------------|
 |    BMAFLX =    nan     |
 |------------------------|


     Skipping 08692D. Do not find product BMA_FLX

     Skipping 09081D. Do not find product BMA_FLX

     Skipping 09399B. Do not find product BMA_FLX

     Skipping 09470D. Do not find product BMA_FLX



=================================================================================================================
    Productfile=  ./RESULTS/libRad_v01_disort_1D_SWIA_solar_09859D_Rena_TOA.nc 
    OrbitID    =  09859D 
    Specs      =  TOA 
    Across-track index : 151
    Along-track index  : 785
    Overpass time (UTC): 2026-02-21 14:03
=================================================================================================================
Extracted data from ./RESULTS/libRad_v01_disort_1D_SWIA_solar_09859D_Rena_TOA.nc:

 |------------------------|
 |     data  =  174.4     |
 |------------------------|
 |    BMAFLX =    nan     |
 |------------------------|


     Skipping 10248D. Do not find product BMA_FLX

     Skipping 10637D. Do not find product BMA_FLX



=================================================================================================================
    Productfile=  ./RESULTS/libRad_v01_disort_1D_SWIA_solar_11344B_Rena_TOA.nc 
    OrbitID    =  11344B 
    Specs      =  TOA 
    Across-track index : 151
    Along-track index  : 4353
    Overpass time (UTC): 2026-05-28 00:19
=================================================================================================================
Extracted data from ./RESULTS/libRad_v01_disort_1D_SWIA_solar_11344B_Rena_TOA.nc:

 |------------------------|
 |     data  =    nan     |
 |------------------------|
 |    BMAFLX =    nan     |
 |------------------------|




=================================================================================================================
    Productfile=  ./RESULTS/libRad_v01_disort_1D_SWIA_solar_11415D_Rena_TOA.nc 
    OrbitID    =  11415D 
    Specs      =  TOA 
    Across-track index : 151
    Along-track index  : 786
    Overpass time (UTC): 2026-06-01 14:04
=================================================================================================================
Extracted data from ./RESULTS/libRad_v01_disort_1D_SWIA_solar_11415D_Rena_TOA.nc:

 |------------------------|
 |     data  =  263.8     |
 |------------------------|
 |    BMAFLX =  352.2     |
 |------------------------|


     Skipping 11804D. Do not find product BMA_FLX



=================================================================================================================
    Productfile=  ./RESULTS/libRad_v01_disort_1D_SWIA_solar_12193D_Rena_TOA.nc 
    OrbitID    =  12193D 
    Specs      =  TOA 
    Across-track index : 151
    Along-track index  : 786
    Overpass time (UTC): 2026-07-21 14:05
=================================================================================================================
Extracted data from ./RESULTS/libRad_v01_disort_1D_SWIA_solar_12193D_Rena_TOA.nc:

 |------------------------|
 |     data  =  317.0     |
 |------------------------|
 |    BMAFLX =  265.5     |
 |------------------------|




=================================================================================================================
    Productfile=  ./RESULTS/libRad_v01_disort_1D_SWIA_solar_12582D_Rena_TOA.nc 
    OrbitID    =  12582D 
    Specs      =  TOA 
    Across-track index : 151
    Along-track index  : 785
    Overpass time (UTC): 2026-08-15 14:05
=================================================================================================================
Extracted data from ./RESULTS/libRad_v01_disort_1D_SWIA_solar_12582D_Rena_TOA.nc:

 |------------------------|
 |     data  =  313.6     |
 |------------------------|
 |    BMAFLX =  409.1     |
 |------------------------|




=================================================================================================================
    Productfile=  ./RESULTS/libRad_v01_disort_1D_SWIA_solar_00943C_Korgåsen_TOA.nc 
    OrbitID    =  00943C 
    Specs      =  TOA 
    Across-track index : 151
    Along-track index  : 4460
    Overpass time (UTC): 2024-07-28 13:31
=================================================================================================================
Extracted data from ./RESULTS/libRad_v01_disort_1D_SWIA_solar_00943C_Korgåsen_TOA.nc:

 |------------------------|
 |     data  =  420.1     |
 |------------------------|
 |    BMAFLX =  466.1     |
 |------------------------|




=================================================================================================================
    Productfile=  ./RESULTS/libRad_v01_disort_1D_SWIA_solar_01229C_Korgåsen_TOA.nc 
    OrbitID    =  01229C 
    Specs      =  TOA 
    Across-track index : 151
    Along-track index  : 383
    Overpass time (UTC): 2024-08-15 22:49
=================================================================================================================
Extracted data from ./RESULTS/libRad_v01_disort_1D_SWIA_solar_01229C_Korgåsen_TOA.nc:

 |------------------------|
 |     data  =    nan     |
 |------------------------|
 |    BMAFLX =  106.1     |
 |------------------------|




=================================================================================================================
    Productfile=  ./RESULTS/libRad_v01_disort_1D_SWIA_solar_01369C_Korgåsen_TOA.nc 
    OrbitID    =  01369C 
    Specs      =  TOA 
    Across-track index : 151
    Along-track index  : 384
    Overpass time (UTC): 2024-08-24 22:49
=================================================================================================================
Extracted data from ./RESULTS/libRad_v01_disort_1D_SWIA_solar_01369C_Korgåsen_TOA.nc:

 |------------------------|
 |     data  =    nan     |
 |------------------------|
 |    BMAFLX =    nan     |
 |------------------------|




=================================================================================================================
    Productfile=  ./RESULTS/libRad_v01_disort_1D_SWIA_solar_01618C_Korgåsen_TOA.nc 
    OrbitID    =  01618C 
    Specs      =  TOA 
    Across-track index : 151
    Along-track index  : 372
    Overpass time (UTC): 2024-09-09 22:51
=================================================================================================================
Extracted data from ./RESULTS/libRad_v01_disort_1D_SWIA_solar_01618C_Korgåsen_TOA.nc:

 |------------------------|
 |     data  =    nan     |
 |------------------------|
 |    BMAFLX =    nan     |
 |------------------------|




=================================================================================================================
    Productfile=  ./RESULTS/libRad_v01_disort_1D_SWIA_solar_01674C_Korgåsen_TOA.nc 
    OrbitID    =  01674C 
    Specs      =  TOA 
    Across-track index : 151
    Along-track index  : 4474
    Overpass time (UTC): 2024-09-13 13:23
=================================================================================================================
Extracted data from ./RESULTS/libRad_v01_disort_1D_SWIA_solar_01674C_Korgåsen_TOA.nc:

 |------------------------|
 |     data  =  281.1     |
 |------------------------|
 |    BMAFLX =    nan     |
 |------------------------|




=================================================================================================================
    Productfile=  ./RESULTS/libRad_v01_disort_1D_SWIA_solar_01758C_Korgåsen_TOA.nc 
    OrbitID    =  01758C 
    Specs      =  TOA 
    Across-track index : 151
    Along-track index  : 381
    Overpass time (UTC): 2024-09-18 22:49
=================================================================================================================
Extracted data from ./RESULTS/libRad_v01_disort_1D_SWIA_solar_01758C_Korgåsen_TOA.nc:

 |------------------------|
 |     data  =    nan     |
 |------------------------|
 |    BMAFLX =    nan     |
 |------------------------|




=================================================================================================================
    Productfile=  ./RESULTS/libRad_v01_disort_1D_SWIA_solar_01898C_Korgåsen_TOA.nc 
    OrbitID    =  01898C 
    Specs      =  TOA 
    Across-track index : 151
    Along-track index  : 391
    Overpass time (UTC): 2024-09-27 22:46
=================================================================================================================
Extracted data from ./RESULTS/libRad_v01_disort_1D_SWIA_solar_01898C_Korgåsen_TOA.nc:

 |------------------------|
 |     data  =    nan     |
 |------------------------|
 |    BMAFLX =    nan     |
 |------------------------|




=================================================================================================================
    Productfile=  ./RESULTS/libRad_v01_disort_1D_SWIA_solar_01923C_Korgåsen_TOA.nc 
    OrbitID    =  01923C 
    Specs      =  TOA 
    Across-track index : 151
    Along-track index  : 4452
    Overpass time (UTC): 2024-09-29 13:29
=================================================================================================================
Extracted data from ./RESULTS/libRad_v01_disort_1D_SWIA_solar_01923C_Korgåsen_TOA.nc:

 |------------------------|
 |     data  =  117.3     |
 |------------------------|
 |    BMAFLX =    nan     |
 |------------------------|




=================================================================================================================
    Productfile=  ./RESULTS/libRad_v01_disort_1D_SWIA_solar_02287C_Korgåsen_TOA.nc 
    OrbitID    =  02287C 
    Specs      =  TOA 
    Across-track index : 151
    Along-track index  : 393
    Overpass time (UTC): 2024-10-22 22:44
=================================================================================================================
Extracted data from ./RESULTS/libRad_v01_disort_1D_SWIA_solar_02287C_Korgåsen_TOA.nc:

 |------------------------|
 |     data  =    nan     |
 |------------------------|
 |    BMAFLX =    nan     |
 |------------------------|




=================================================================================================================
    Productfile=  ./RESULTS/libRad_v01_disort_1D_SWIA_solar_02312C_Korgåsen_TOA.nc 
    OrbitID    =  02312C 
    Specs      =  TOA 
    Across-track index : 151
    Along-track index  : 4455
    Overpass time (UTC): 2024-10-24 13:28
=================================================================================================================
Extracted data from ./RESULTS/libRad_v01_disort_1D_SWIA_solar_02312C_Korgåsen_TOA.nc:

 |------------------------|
 |     data  =    1.0     |
 |------------------------|
 |    BMAFLX =    nan     |
 |------------------------|




=================================================================================================================
    Productfile=  ./RESULTS/libRad_v01_disort_1D_SWIA_solar_02452C_Korgåsen_TOA.nc 
    OrbitID    =  02452C 
    Specs      =  TOA 
    Across-track index : 151
    Along-track index  : 4468
    Overpass time (UTC): 2024-11-02 13:24
=================================================================================================================
Extracted data from ./RESULTS/libRad_v01_disort_1D_SWIA_solar_02452C_Korgåsen_TOA.nc:

 |------------------------|
 |     data  =    nan     |
 |------------------------|
 |    BMAFLX =    nan     |
 |------------------------|




=================================================================================================================
    Productfile=  ./RESULTS/libRad_v01_disort_1D_SWIA_solar_02536C_Korgåsen_TOA.nc 
    OrbitID    =  02536C 
    Specs      =  TOA 
    Across-track index : 151
    Along-track index  : 379
    Overpass time (UTC): 2024-11-07 22:48
=================================================================================================================
Extracted data from ./RESULTS/libRad_v01_disort_1D_SWIA_solar_02536C_Korgåsen_TOA.nc:

 |------------------------|
 |     data  =    nan     |
 |------------------------|
 |    BMAFLX =    nan     |
 |------------------------|




=================================================================================================================
    Productfile=  ./RESULTS/libRad_v01_disort_1D_SWIA_solar_02676C_Korgåsen_TOA.nc 
    OrbitID    =  02676C 
    Specs      =  TOA 
    Across-track index : 151
    Along-track index  : 390
    Overpass time (UTC): 2024-11-16 22:45
=================================================================================================================
Extracted data from ./RESULTS/libRad_v01_disort_1D_SWIA_solar_02676C_Korgåsen_TOA.nc:

 |------------------------|
 |     data  =    nan     |
 |------------------------|
 |    BMAFLX =    nan     |
 |------------------------|




=================================================================================================================
    Productfile=  ./RESULTS/libRad_v01_disort_1D_SWIA_solar_02701C_Korgåsen_TOA.nc 
    OrbitID    =  02701C 
    Specs      =  TOA 
    Across-track index : 151
    Along-track index  : 4452
    Overpass time (UTC): 2024-11-18 13:28
=================================================================================================================
Extracted data from ./RESULTS/libRad_v01_disort_1D_SWIA_solar_02701C_Korgåsen_TOA.nc:

 |------------------------|
 |     data  =    nan     |
 |------------------------|
 |    BMAFLX =    nan     |
 |------------------------|




=================================================================================================================
    Productfile=  ./RESULTS/libRad_v01_disort_1D_SWIA_solar_02925C_Korgåsen_TOA.nc 
    OrbitID    =  02925C 
    Specs      =  TOA 
    Across-track index : 151
    Along-track index  : 378
    Overpass time (UTC): 2024-12-02 22:48
=================================================================================================================
Extracted data from ./RESULTS/libRad_v01_disort_1D_SWIA_solar_02925C_Korgåsen_TOA.nc:

 |------------------------|
 |     data  =    nan     |
 |------------------------|
 |    BMAFLX =    nan     |
 |------------------------|




=================================================================================================================
    Productfile=  ./RESULTS/libRad_v01_disort_1D_SWIA_solar_03065C_Korgåsen_TOA.nc 
    OrbitID    =  03065C 
    Specs      =  TOA 
    Across-track index : 151
    Along-track index  : 392
    Overpass time (UTC): 2024-12-11 22:44
=================================================================================================================
Extracted data from ./RESULTS/libRad_v01_disort_1D_SWIA_solar_03065C_Korgåsen_TOA.nc:

 |------------------------|
 |     data  =    nan     |
 |------------------------|
 |    BMAFLX =    nan     |
 |------------------------|




=================================================================================================================
    Productfile=  ./RESULTS/libRad_v01_disort_1D_SWIA_solar_03090C_Korgåsen_TOA.nc 
    OrbitID    =  03090C 
    Specs      =  TOA 
    Across-track index : 151
    Along-track index  : 4454
    Overpass time (UTC): 2024-12-13 13:27
=================================================================================================================
Extracted data from ./RESULTS/libRad_v01_disort_1D_SWIA_solar_03090C_Korgåsen_TOA.nc:

 |------------------------|
 |     data  =    nan     |
 |------------------------|
 |    BMAFLX =    nan     |
 |------------------------|




=================================================================================================================
    Productfile=  ./RESULTS/libRad_v01_disort_1D_SWIA_solar_03314C_Korgåsen_TOA.nc 
    OrbitID    =  03314C 
    Specs      =  TOA 
    Across-track index : 151
    Along-track index  : 377
    Overpass time (UTC): 2024-12-27 22:47
=================================================================================================================
Extracted data from ./RESULTS/libRad_v01_disort_1D_SWIA_solar_03314C_Korgåsen_TOA.nc:

 |------------------------|
 |     data  =    nan     |
 |------------------------|
 |    BMAFLX =    nan     |
 |------------------------|




=================================================================================================================
    Productfile=  ./RESULTS/libRad_v01_disort_1D_SWIA_solar_03454C_Korgåsen_TOA.nc 
    OrbitID    =  03454C 
    Specs      =  TOA 
    Across-track index : 151
    Along-track index  : 393
    Overpass time (UTC): 2025-01-05 22:43
=================================================================================================================
Extracted data from ./RESULTS/libRad_v01_disort_1D_SWIA_solar_03454C_Korgåsen_TOA.nc:

 |------------------------|
 |     data  =    nan     |
 |------------------------|
 |    BMAFLX =    nan     |
 |------------------------|




=================================================================================================================
    Productfile=  ./RESULTS/libRad_v01_disort_1D_SWIA_solar_03479C_Korgåsen_TOA.nc 
    OrbitID    =  03479C 
    Specs      =  TOA 
    Across-track index : 151
    Along-track index  : 4455
    Overpass time (UTC): 2025-01-07 13:26
=================================================================================================================
Extracted data from ./RESULTS/libRad_v01_disort_1D_SWIA_solar_03479C_Korgåsen_TOA.nc:

 |------------------------|
 |     data  =    nan     |
 |------------------------|
 |    BMAFLX =    nan     |
 |------------------------|




=================================================================================================================
    Productfile=  ./RESULTS/libRad_v01_disort_1D_SWIA_solar_03619C_Korgåsen_TOA.nc 
    OrbitID    =  03619C 
    Specs      =  TOA 
    Across-track index : 151
    Along-track index  : 4467
    Overpass time (UTC): 2025-01-16 13:23
=================================================================================================================
Extracted data from ./RESULTS/libRad_v01_disort_1D_SWIA_solar_03619C_Korgåsen_TOA.nc:

 |------------------------|
 |     data  =    nan     |
 |------------------------|
 |    BMAFLX =    nan     |
 |------------------------|




=================================================================================================================
    Productfile=  ./RESULTS/libRad_v01_disort_1D_SWIA_solar_03843C_Korgåsen_TOA.nc 
    OrbitID    =  03843C 
    Specs      =  TOA 
    Across-track index : 151
    Along-track index  : 392
    Overpass time (UTC): 2025-01-30 22:43
=================================================================================================================
Extracted data from ./RESULTS/libRad_v01_disort_1D_SWIA_solar_03843C_Korgåsen_TOA.nc:

 |------------------------|
 |     data  =    nan     |
 |------------------------|
 |    BMAFLX =    nan     |
 |------------------------|




=================================================================================================================
    Productfile=  ./RESULTS/libRad_v01_disort_1D_SWIA_solar_03868C_Korgåsen_TOA.nc 
    OrbitID    =  03868C 
    Specs      =  TOA 
    Across-track index : 151
    Along-track index  : 4454
    Overpass time (UTC): 2025-02-01 13:26
=================================================================================================================
Extracted data from ./RESULTS/libRad_v01_disort_1D_SWIA_solar_03868C_Korgåsen_TOA.nc:

 |------------------------|
 |     data  =    nan     |
 |------------------------|
 |    BMAFLX =    nan     |
 |------------------------|




=================================================================================================================
    Productfile=  ./RESULTS/libRad_v01_disort_1D_SWIA_solar_04008C_Korgåsen_TOA.nc 
    OrbitID    =  04008C 
    Specs      =  TOA 
    Across-track index : 151
    Along-track index  : 4467
    Overpass time (UTC): 2025-02-10 13:22
=================================================================================================================
Extracted data from ./RESULTS/libRad_v01_disort_1D_SWIA_solar_04008C_Korgåsen_TOA.nc:

 |------------------------|
 |     data  =    2.5     |
 |------------------------|
 |    BMAFLX =    nan     |
 |------------------------|




=================================================================================================================
    Productfile=  ./RESULTS/libRad_v01_disort_1D_SWIA_solar_04092C_Korgåsen_TOA.nc 
    OrbitID    =  04092C 
    Specs      =  TOA 
    Across-track index : 151
    Along-track index  : 377
    Overpass time (UTC): 2025-02-15 22:47
=================================================================================================================
Extracted data from ./RESULTS/libRad_v01_disort_1D_SWIA_solar_04092C_Korgåsen_TOA.nc:

 |------------------------|
 |     data  =    nan     |
 |------------------------|
 |    BMAFLX =    nan     |
 |------------------------|




=================================================================================================================
    Productfile=  ./RESULTS/libRad_v01_disort_1D_SWIA_solar_04232C_Korgåsen_TOA.nc 
    OrbitID    =  04232C 
    Specs      =  TOA 
    Across-track index : 151
    Along-track index  : 392
    Overpass time (UTC): 2025-02-24 22:42
=================================================================================================================
Extracted data from ./RESULTS/libRad_v01_disort_1D_SWIA_solar_04232C_Korgåsen_TOA.nc:

 |------------------------|
 |     data  =    nan     |
 |------------------------|
 |    BMAFLX =   71.2     |
 |------------------------|




=================================================================================================================
    Productfile=  ./RESULTS/libRad_v01_disort_1D_SWIA_solar_04257C_Korgåsen_TOA.nc 
    OrbitID    =  04257C 
    Specs      =  TOA 
    Across-track index : 151
    Along-track index  : 4455
    Overpass time (UTC): 2025-02-26 13:26
=================================================================================================================
Extracted data from ./RESULTS/libRad_v01_disort_1D_SWIA_solar_04257C_Korgåsen_TOA.nc:

 |------------------------|
 |     data  =   61.6     |
 |------------------------|
 |    BMAFLX =    nan     |
 |------------------------|




=================================================================================================================
    Productfile=  ./RESULTS/libRad_v01_disort_1D_SWIA_solar_05259C_Korgåsen_TOA.nc 
    OrbitID    =  05259C 
    Specs      =  TOA 
    Across-track index : 151
    Along-track index  : 378
    Overpass time (UTC): 2025-05-01 22:45
=================================================================================================================
Extracted data from ./RESULTS/libRad_v01_disort_1D_SWIA_solar_05259C_Korgåsen_TOA.nc:

 |------------------------|
 |     data  =    nan     |
 |------------------------|
 |    BMAFLX =  429.5     |
 |------------------------|




=================================================================================================================
    Productfile=  ./RESULTS/libRad_v01_disort_1D_SWIA_solar_05399C_Korgåsen_TOA.nc 
    OrbitID    =  05399C 
    Specs      =  TOA 
    Across-track index : 151
    Along-track index  : 390
    Overpass time (UTC): 2025-05-10 22:41
=================================================================================================================
Extracted data from ./RESULTS/libRad_v01_disort_1D_SWIA_solar_05399C_Korgåsen_TOA.nc:

 |------------------------|
 |     data  =    nan     |
 |------------------------|
 |    BMAFLX =    nan     |
 |------------------------|




=================================================================================================================
    Productfile=  ./RESULTS/libRad_v01_disort_1D_SWIA_solar_05424C_Korgåsen_TOA.nc 
    OrbitID    =  05424C 
    Specs      =  TOA 
    Across-track index : 151
    Along-track index  : 4454
    Overpass time (UTC): 2025-05-12 13:25
=================================================================================================================
Extracted data from ./RESULTS/libRad_v01_disort_1D_SWIA_solar_05424C_Korgåsen_TOA.nc:

 |------------------------|
 |     data  =  310.9     |
 |------------------------|
 |    BMAFLX =    nan     |
 |------------------------|




=================================================================================================================
    Productfile=  ./RESULTS/libRad_v01_disort_1D_SWIA_solar_05564C_Korgåsen_TOA.nc 
    OrbitID    =  05564C 
    Specs      =  TOA 
    Across-track index : 151
    Along-track index  : 4467
    Overpass time (UTC): 2025-05-21 13:21
=================================================================================================================
Extracted data from ./RESULTS/libRad_v01_disort_1D_SWIA_solar_05564C_Korgåsen_TOA.nc:

 |------------------------|
 |     data  =  416.2     |
 |------------------------|
 |    BMAFLX =    nan     |
 |------------------------|




=================================================================================================================
    Productfile=  ./RESULTS/libRad_v01_disort_1D_SWIA_solar_05648C_Korgåsen_TOA.nc 
    OrbitID    =  05648C 
    Specs      =  TOA 
    Across-track index : 151
    Along-track index  : 378
    Overpass time (UTC): 2025-05-26 22:45
=================================================================================================================
Extracted data from ./RESULTS/libRad_v01_disort_1D_SWIA_solar_05648C_Korgåsen_TOA.nc:

 |------------------------|
 |     data  =   17.1     |
 |------------------------|
 |    BMAFLX =  375.2     |
 |------------------------|




=================================================================================================================
    Productfile=  ./RESULTS/libRad_v01_disort_1D_SWIA_solar_05788C_Korgåsen_TOA.nc 
    OrbitID    =  05788C 
    Specs      =  TOA 
    Across-track index : 151
    Along-track index  : 391
    Overpass time (UTC): 2025-06-04 22:41
=================================================================================================================
Extracted data from ./RESULTS/libRad_v01_disort_1D_SWIA_solar_05788C_Korgåsen_TOA.nc:

 |------------------------|
 |     data  =   31.6     |
 |------------------------|
 |    BMAFLX =    nan     |
 |------------------------|




=================================================================================================================
    Productfile=  ./RESULTS/libRad_v01_disort_1D_SWIA_solar_05813C_Korgåsen_TOA.nc 
    OrbitID    =  05813C 
    Specs      =  TOA 
    Across-track index : 151
    Along-track index  : 4454
    Overpass time (UTC): 2025-06-06 13:24
=================================================================================================================
Extracted data from ./RESULTS/libRad_v01_disort_1D_SWIA_solar_05813C_Korgåsen_TOA.nc:

 |------------------------|
 |     data  =  217.6     |
 |------------------------|
 |    BMAFLX =    nan     |
 |------------------------|




=================================================================================================================
    Productfile=  ./RESULTS/libRad_v01_disort_1D_SWIA_solar_05953C_Korgåsen_TOA.nc 
    OrbitID    =  05953C 
    Specs      =  TOA 
    Across-track index : 151
    Along-track index  : 4467
    Overpass time (UTC): 2025-06-15 13:21
=================================================================================================================
Extracted data from ./RESULTS/libRad_v01_disort_1D_SWIA_solar_05953C_Korgåsen_TOA.nc:

 |------------------------|
 |     data  =  388.9     |
 |------------------------|
 |    BMAFLX =    nan     |
 |------------------------|




=================================================================================================================
    Productfile=  ./RESULTS/libRad_v01_disort_1D_SWIA_solar_06037C_Korgåsen_TOA.nc 
    OrbitID    =  06037C 
    Specs      =  TOA 
    Across-track index : 151
    Along-track index  : 378
    Overpass time (UTC): 2025-06-20 22:45
=================================================================================================================
Extracted data from ./RESULTS/libRad_v01_disort_1D_SWIA_solar_06037C_Korgåsen_TOA.nc:

 |------------------------|
 |     data  =   49.3     |
 |------------------------|
 |    BMAFLX =    nan     |
 |------------------------|




=================================================================================================================
    Productfile=  ./RESULTS/libRad_v01_disort_1D_SWIA_solar_06177C_Korgåsen_TOA.nc 
    OrbitID    =  06177C 
    Specs      =  TOA 
    Across-track index : 151
    Along-track index  : 391
    Overpass time (UTC): 2025-06-29 22:41
=================================================================================================================
Extracted data from ./RESULTS/libRad_v01_disort_1D_SWIA_solar_06177C_Korgåsen_TOA.nc:

 |------------------------|
 |     data  =   39.9     |
 |------------------------|
 |    BMAFLX =   47.2     |
 |------------------------|




=================================================================================================================
    Productfile=  ./RESULTS/libRad_v01_disort_1D_SWIA_solar_06202C_Korgåsen_TOA.nc 
    OrbitID    =  06202C 
    Specs      =  TOA 
    Across-track index : 151
    Along-track index  : 4454
    Overpass time (UTC): 2025-07-01 13:24
=================================================================================================================
Extracted data from ./RESULTS/libRad_v01_disort_1D_SWIA_solar_06202C_Korgåsen_TOA.nc:

 |------------------------|
 |     data  =  125.2     |
 |------------------------|
 |    BMAFLX =    nan     |
 |------------------------|




=================================================================================================================
    Productfile=  ./RESULTS/libRad_v01_disort_1D_SWIA_solar_06591C_Korgåsen_TOA.nc 
    OrbitID    =  06591C 
    Specs      =  TOA 
    Across-track index : 151
    Along-track index  : 4455
    Overpass time (UTC): 2025-07-26 13:24
=================================================================================================================
Extracted data from ./RESULTS/libRad_v01_disort_1D_SWIA_solar_06591C_Korgåsen_TOA.nc:

 |------------------------|
 |     data  =  336.5     |
 |------------------------|
 |    BMAFLX =  343.3     |
 |------------------------|




=================================================================================================================
    Productfile=  ./RESULTS/libRad_v01_disort_1D_SWIA_solar_06731C_Korgåsen_TOA.nc 
    OrbitID    =  06731C 
    Specs      =  TOA 
    Across-track index : 151
    Along-track index  : 4468
    Overpass time (UTC): 2025-08-04 13:20
=================================================================================================================
Extracted data from ./RESULTS/libRad_v01_disort_1D_SWIA_solar_06731C_Korgåsen_TOA.nc:

 |------------------------|
 |     data  =  147.9     |
 |------------------------|
 |    BMAFLX =    nan     |
 |------------------------|




=================================================================================================================
    Productfile=  ./RESULTS/libRad_v01_disort_1D_SWIA_solar_06980C_Korgåsen_TOA.nc 
    OrbitID    =  06980C 
    Specs      =  TOA 
    Across-track index : 151
    Along-track index  : 4455
    Overpass time (UTC): 2025-08-20 13:24
=================================================================================================================
Extracted data from ./RESULTS/libRad_v01_disort_1D_SWIA_solar_06980C_Korgåsen_TOA.nc:

 |------------------------|
 |     data  =  153.9     |
 |------------------------|
 |    BMAFLX =  134.5     |
 |------------------------|




=================================================================================================================
    Productfile=  ./RESULTS/libRad_v01_disort_1D_SWIA_solar_07120C_Korgåsen_TOA.nc 
    OrbitID    =  07120C 
    Specs      =  TOA 
    Across-track index : 151
    Along-track index  : 4467
    Overpass time (UTC): 2025-08-29 13:20
=================================================================================================================
Extracted data from ./RESULTS/libRad_v01_disort_1D_SWIA_solar_07120C_Korgåsen_TOA.nc:

 |------------------------|
 |     data  =  129.0     |
 |------------------------|
 |    BMAFLX =    nan     |
 |------------------------|




=================================================================================================================
    Productfile=  ./RESULTS/libRad_v01_disort_1D_SWIA_solar_07369C_Korgåsen_TOA.nc 
    OrbitID    =  07369C 
    Specs      =  TOA 
    Across-track index : 151
    Along-track index  : 4454
    Overpass time (UTC): 2025-09-14 13:24
=================================================================================================================
Extracted data from ./RESULTS/libRad_v01_disort_1D_SWIA_solar_07369C_Korgåsen_TOA.nc:

 |------------------------|
 |     data  =   67.9     |
 |------------------------|
 |    BMAFLX =   82.0     |
 |------------------------|




=================================================================================================================
    Productfile=  ./RESULTS/libRad_v01_disort_1D_SWIA_solar_07509C_Korgåsen_TOA.nc 
    OrbitID    =  07509C 
    Specs      =  TOA 
    Across-track index : 151
    Along-track index  : 4466
    Overpass time (UTC): 2025-09-23 13:20
=================================================================================================================
Extracted data from ./RESULTS/libRad_v01_disort_1D_SWIA_solar_07509C_Korgåsen_TOA.nc:

 |------------------------|
 |     data  =  191.7     |
 |------------------------|
 |    BMAFLX =  207.4     |
 |------------------------|




=================================================================================================================
    Productfile=  ./RESULTS/libRad_v01_disort_1D_SWIA_solar_07758C_Korgåsen_TOA.nc 
    OrbitID    =  07758C 
    Specs      =  TOA 
    Across-track index : 151
    Along-track index  : 4455
    Overpass time (UTC): 2025-10-09 13:24
=================================================================================================================
Extracted data from ./RESULTS/libRad_v01_disort_1D_SWIA_solar_07758C_Korgåsen_TOA.nc:

 |------------------------|
 |     data  =   74.5     |
 |------------------------|
 |    BMAFLX =    nan     |
 |------------------------|




=================================================================================================================
    Productfile=  ./RESULTS/libRad_v01_disort_1D_SWIA_solar_07898C_Korgåsen_TOA.nc 
    OrbitID    =  07898C 
    Specs      =  TOA 
    Across-track index : 151
    Along-track index  : 4465
    Overpass time (UTC): 2025-10-18 13:21
=================================================================================================================
Extracted data from ./RESULTS/libRad_v01_disort_1D_SWIA_solar_07898C_Korgåsen_TOA.nc:

 |------------------------|
 |     data  =   43.0     |
 |------------------------|
 |    BMAFLX =    nan     |
 |------------------------|




=================================================================================================================
    Productfile=  ./RESULTS/libRad_v01_disort_1D_SWIA_solar_08147C_Korgåsen_TOA.nc 
    OrbitID    =  08147C 
    Specs      =  TOA 
    Across-track index : 151
    Along-track index  : 4453
    Overpass time (UTC): 2025-11-03 13:24
=================================================================================================================
Extracted data from ./RESULTS/libRad_v01_disort_1D_SWIA_solar_08147C_Korgåsen_TOA.nc:

 |------------------------|
 |     data  =    nan     |
 |------------------------|
 |    BMAFLX =    nan     |
 |------------------------|




=================================================================================================================
    Productfile=  ./RESULTS/libRad_v01_disort_1D_SWIA_solar_08287C_Korgåsen_TOA.nc 
    OrbitID    =  08287C 
    Specs      =  TOA 
    Across-track index : 151
    Along-track index  : 4467
    Overpass time (UTC): 2025-11-12 13:20
=================================================================================================================
Extracted data from ./RESULTS/libRad_v01_disort_1D_SWIA_solar_08287C_Korgåsen_TOA.nc:

 |------------------------|
 |     data  =    nan     |
 |------------------------|
 |    BMAFLX =    nan     |
 |------------------------|


     Skipping 08511C. Do not find product BMA_FLX

     Skipping 08536C. Do not find product BMA_FLX

     Skipping 08676C. Do not find product BMA_FLX



=================================================================================================================
    Productfile=  ./RESULTS/libRad_v01_disort_1D_SWIA_solar_08925C_Korgåsen_TOA.nc 
    OrbitID    =  08925C 
    Specs      =  TOA 
    Across-track index : 151
    Along-track index  : 4453
    Overpass time (UTC): 2025-12-23 13:24
=================================================================================================================
Extracted data from ./RESULTS/libRad_v01_disort_1D_SWIA_solar_08925C_Korgåsen_TOA.nc:

 |------------------------|
 |     data  =    nan     |
 |------------------------|
 |    BMAFLX =    nan     |
 |------------------------|


     Skipping 09065C. Do not find product BMA_FLX



=================================================================================================================
    Productfile=  ./RESULTS/libRad_v01_disort_1D_SWIA_solar_09314C_Korgåsen_TOA.nc 
    OrbitID    =  09314C 
    Specs      =  TOA 
    Across-track index : 151
    Along-track index  : 4452
    Overpass time (UTC): 2026-01-17 13:24
=================================================================================================================
Extracted data from ./RESULTS/libRad_v01_disort_1D_SWIA_solar_09314C_Korgåsen_TOA.nc:

 |------------------------|
 |     data  =    nan     |
 |------------------------|
 |    BMAFLX =    nan     |
 |------------------------|


     Skipping 09454C. Do not find product BMA_FLX

     Skipping 09703C. Do not find product BMA_FLX



=================================================================================================================
    Productfile=  ./RESULTS/libRad_v01_disort_1D_SWIA_solar_09843C_Korgåsen_TOA.nc 
    OrbitID    =  09843C 
    Specs      =  TOA 
    Across-track index : 151
    Along-track index  : 4466
    Overpass time (UTC): 2026-02-20 13:20
=================================================================================================================
Extracted data from ./RESULTS/libRad_v01_disort_1D_SWIA_solar_09843C_Korgåsen_TOA.nc:

 |------------------------|
 |     data  =   55.9     |
 |------------------------|
 |    BMAFLX =    nan     |
 |------------------------|


     Skipping 10067C. Do not find product BMA_FLX

     Skipping 10092C. Do not find product BMA_FLX

     Skipping 10232C. Do not find product BMA_FLX



=================================================================================================================
    Productfile=  ./RESULTS/libRad_v01_disort_1D_SWIA_solar_10481C_Korgåsen_TOA.nc 
    OrbitID    =  10481C 
    Specs      =  TOA 
    Across-track index : 151
    Along-track index  : 4454
    Overpass time (UTC): 2026-04-02 13:24
=================================================================================================================
Extracted data from ./RESULTS/libRad_v01_disort_1D_SWIA_solar_10481C_Korgåsen_TOA.nc:

 |------------------------|
 |     data  =  267.3     |
 |------------------------|
 |    BMAFLX =    nan     |
 |------------------------|


     Skipping 10621C. Do not find product BMA_FLX

     Skipping 10870C. Do not find product BMA_FLX

     Skipping 11259C. Do not find product BMA_FLX



=================================================================================================================
    Productfile=  ./RESULTS/libRad_v01_disort_1D_SWIA_solar_11399C_Korgåsen_TOA.nc 
    OrbitID    =  11399C 
    Specs      =  TOA 
    Across-track index : 151
    Along-track index  : 4467
    Overpass time (UTC): 2026-05-31 13:21
=================================================================================================================
Extracted data from ./RESULTS/libRad_v01_disort_1D_SWIA_solar_11399C_Korgåsen_TOA.nc:

 |------------------------|
 |     data  =  314.7     |
 |------------------------|
 |    BMAFLX =  203.0     |
 |------------------------|


     Skipping 11648C. Do not find product BMA_FLX

     Skipping 11788C. Do not find product BMA_FLX



=================================================================================================================
    Productfile=  ./RESULTS/libRad_v01_disort_1D_SWIA_solar_12037C_Korgåsen_TOA.nc 
    OrbitID    =  12037C 
    Specs      =  TOA 
    Across-track index : 151
    Along-track index  : 4452
    Overpass time (UTC): 2026-07-11 13:25
=================================================================================================================
Extracted data from ./RESULTS/libRad_v01_disort_1D_SWIA_solar_12037C_Korgåsen_TOA.nc:

 |------------------------|
 |     data  =  469.1     |
 |------------------------|
 |    BMAFLX =    nan     |
 |------------------------|




=================================================================================================================
    Productfile=  ./RESULTS/libRad_v01_disort_1D_SWIA_solar_12177C_Korgåsen_TOA.nc 
    OrbitID    =  12177C 
    Specs      =  TOA 
    Across-track index : 151
    Along-track index  : 4465
    Overpass time (UTC): 2026-07-20 13:22
=================================================================================================================
Extracted data from ./RESULTS/libRad_v01_disort_1D_SWIA_solar_12177C_Korgåsen_TOA.nc:

 |------------------------|
 |     data  =  122.4     |
 |------------------------|
 |    BMAFLX =    nan     |
 |------------------------|


     Skipping 12426C. Do not find product BMA_FLX



=================================================================================================================
    Productfile=  ./RESULTS/libRad_v01_disort_1D_SWIA_solar_12566C_Korgåsen_TOA.nc 
    OrbitID    =  12566C 
    Specs      =  TOA 
    Across-track index : 151
    Along-track index  : 4466
    Overpass time (UTC): 2026-08-14 13:22
=================================================================================================================
Extracted data from ./RESULTS/libRad_v01_disort_1D_SWIA_solar_12566C_Korgåsen_TOA.nc:

 |------------------------|
 |     data  =  326.6     |
 |------------------------|
 |    BMAFLX =  294.4     |
 |------------------------|




=================================================================================================================
    Productfile=  ./RESULTS/libRad_v01_disort_1D_SWIA_solar_01027C_Bjørnøya_TOA.nc 
    OrbitID    =  01027C 
    Specs      =  TOA 
    Across-track index : 151
    Along-track index  : 914
    Overpass time (UTC): 2024-08-02 23:04
=================================================================================================================
Extracted data from ./RESULTS/libRad_v01_disort_1D_SWIA_solar_01027C_Bjørnøya_TOA.nc:

 |------------------------|
 |     data  =   17.5     |
 |------------------------|
 |    BMAFLX =    nan     |
 |------------------------|




=================================================================================================================
    Productfile=  ./RESULTS/libRad_v01_disort_1D_SWIA_solar_01058C_Bjørnøya_TOA.nc 
    OrbitID    =  01058C 
    Specs      =  TOA 
    Across-track index : 151
    Along-track index  : 942
    Overpass time (UTC): 2024-08-04 22:55
=================================================================================================================
Extracted data from ./RESULTS/libRad_v01_disort_1D_SWIA_solar_01058C_Bjørnøya_TOA.nc:

 |------------------------|
 |     data  =   16.9     |
 |------------------------|
 |    BMAFLX =    nan     |
 |------------------------|




=================================================================================================================
    Productfile=  ./RESULTS/libRad_v01_disort_1D_SWIA_solar_01068C_Bjørnøya_TOA.nc 
    OrbitID    =  01068C 
    Specs      =  TOA 
    Across-track index : 151
    Along-track index  : 3940
    Overpass time (UTC): 2024-08-05 14:28
=================================================================================================================
Extracted data from ./RESULTS/libRad_v01_disort_1D_SWIA_solar_01068C_Bjørnøya_TOA.nc:

 |------------------------|
 |     data  =   74.6     |
 |------------------------|
 |    BMAFLX =    nan     |
 |------------------------|




=================================================================================================================
    Productfile=  ./RESULTS/libRad_v01_disort_1D_SWIA_solar_01198C_Bjørnøya_TOA.nc 
    OrbitID    =  01198C 
    Specs      =  TOA 
    Across-track index : 151
    Along-track index  : 924
    Overpass time (UTC): 2024-08-13 23:00
=================================================================================================================
Extracted data from ./RESULTS/libRad_v01_disort_1D_SWIA_solar_01198C_Bjørnøya_TOA.nc:

 |------------------------|
 |     data  =    nan     |
 |------------------------|
 |    BMAFLX =    nan     |
 |------------------------|




=================================================================================================================
    Productfile=  ./RESULTS/libRad_v01_disort_1D_SWIA_solar_01208C_Bjørnøya_TOA.nc 
    OrbitID    =  01208C 
    Specs      =  TOA 
    Across-track index : 151
    Along-track index  : 3921
    Overpass time (UTC): 2024-08-14 14:33
=================================================================================================================
Extracted data from ./RESULTS/libRad_v01_disort_1D_SWIA_solar_01208C_Bjørnøya_TOA.nc:

 |------------------------|
 |     data  =   85.0     |
 |------------------------|
 |    BMAFLX =    nan     |
 |------------------------|




=================================================================================================================
    Productfile=  ./RESULTS/libRad_v01_disort_1D_SWIA_solar_01348C_Bjørnøya_TOA.nc 
    OrbitID    =  01348C 
    Specs      =  TOA 
    Across-track index : 151
    Along-track index  : 3918
    Overpass time (UTC): 2024-08-23 14:33
=================================================================================================================
Extracted data from ./RESULTS/libRad_v01_disort_1D_SWIA_solar_01348C_Bjørnøya_TOA.nc:

 |------------------------|
 |     data  =  247.5     |
 |------------------------|
 |    BMAFLX =    nan     |
 |------------------------|




=================================================================================================================
    Productfile=  ./RESULTS/libRad_v01_disort_1D_SWIA_solar_01478C_Bjørnøya_TOA.nc 
    OrbitID    =  01478C 
    Specs      =  TOA 
    Across-track index : 151
    Along-track index  : 930
    Overpass time (UTC): 2024-08-31 22:58
=================================================================================================================
Extracted data from ./RESULTS/libRad_v01_disort_1D_SWIA_solar_01478C_Bjørnøya_TOA.nc:

 |------------------------|
 |     data  =    nan     |
 |------------------------|
 |    BMAFLX =  260.9     |
 |------------------------|




=================================================================================================================
    Productfile=  ./RESULTS/libRad_v01_disort_1D_SWIA_solar_01488C_Bjørnøya_TOA.nc 
    OrbitID    =  01488C 
    Specs      =  TOA 
    Across-track index : 151
    Along-track index  : 3926
    Overpass time (UTC): 2024-09-01 14:30
=================================================================================================================
Extracted data from ./RESULTS/libRad_v01_disort_1D_SWIA_solar_01488C_Bjørnøya_TOA.nc:

 |------------------------|
 |     data  =  248.4     |
 |------------------------|
 |    BMAFLX =  220.2     |
 |------------------------|




=================================================================================================================
    Productfile=  ./RESULTS/libRad_v01_disort_1D_SWIA_solar_01727C_Bjørnøya_TOA.nc 
    OrbitID    =  01727C 
    Specs      =  TOA 
    Across-track index : 151
    Along-track index  : 918
    Overpass time (UTC): 2024-09-16 23:01
=================================================================================================================
Extracted data from ./RESULTS/libRad_v01_disort_1D_SWIA_solar_01727C_Bjørnøya_TOA.nc:

 |------------------------|
 |     data  =    nan     |
 |------------------------|
 |    BMAFLX =    nan     |
 |------------------------|




=================================================================================================================
    Productfile=  ./RESULTS/libRad_v01_disort_1D_SWIA_solar_01737C_Bjørnøya_TOA.nc 
    OrbitID    =  01737C 
    Specs      =  TOA 
    Across-track index : 151
    Along-track index  : 3912
    Overpass time (UTC): 2024-09-17 14:33
=================================================================================================================
Extracted data from ./RESULTS/libRad_v01_disort_1D_SWIA_solar_01737C_Bjørnøya_TOA.nc:

 |------------------------|
 |     data  =  114.7     |
 |------------------------|
 |    BMAFLX =    nan     |
 |------------------------|




=================================================================================================================
    Productfile=  ./RESULTS/libRad_v01_disort_1D_SWIA_solar_01867C_Bjørnøya_TOA.nc 
    OrbitID    =  01867C 
    Specs      =  TOA 
    Across-track index : 151
    Along-track index  : 928
    Overpass time (UTC): 2024-09-25 22:57
=================================================================================================================
Extracted data from ./RESULTS/libRad_v01_disort_1D_SWIA_solar_01867C_Bjørnøya_TOA.nc:

 |------------------------|
 |     data  =    nan     |
 |------------------------|
 |    BMAFLX =    nan     |
 |------------------------|




=================================================================================================================
    Productfile=  ./RESULTS/libRad_v01_disort_1D_SWIA_solar_01877C_Bjørnøya_TOA.nc 
    OrbitID    =  01877C 
    Specs      =  TOA 
    Across-track index : 151
    Along-track index  : 3923
    Overpass time (UTC): 2024-09-26 14:30
=================================================================================================================
Extracted data from ./RESULTS/libRad_v01_disort_1D_SWIA_solar_01877C_Bjørnøya_TOA.nc:

 |------------------------|
 |     data  =   87.2     |
 |------------------------|
 |    BMAFLX =    nan     |
 |------------------------|




=================================================================================================================
    Productfile=  ./RESULTS/libRad_v01_disort_1D_SWIA_solar_02007C_Bjørnøya_TOA.nc 
    OrbitID    =  02007C 
    Specs      =  TOA 
    Across-track index : 151
    Along-track index  : 937
    Overpass time (UTC): 2024-10-04 22:54
=================================================================================================================
Extracted data from ./RESULTS/libRad_v01_disort_1D_SWIA_solar_02007C_Bjørnøya_TOA.nc:

 |------------------------|
 |     data  =    nan     |
 |------------------------|
 |    BMAFLX =    nan     |
 |------------------------|




=================================================================================================================
    Productfile=  ./RESULTS/libRad_v01_disort_1D_SWIA_solar_02017C_Bjørnøya_TOA.nc 
    OrbitID    =  02017C 
    Specs      =  TOA 
    Across-track index : 151
    Along-track index  : 3932
    Overpass time (UTC): 2024-10-05 14:27
=================================================================================================================
Extracted data from ./RESULTS/libRad_v01_disort_1D_SWIA_solar_02017C_Bjørnøya_TOA.nc:

 |------------------------|
 |     data  =   28.5     |
 |------------------------|
 |    BMAFLX =    nan     |
 |------------------------|




=================================================================================================================
    Productfile=  ./RESULTS/libRad_v01_disort_1D_SWIA_solar_02256C_Bjørnøya_TOA.nc 
    OrbitID    =  02256C 
    Specs      =  TOA 
    Across-track index : 151
    Along-track index  : 927
    Overpass time (UTC): 2024-10-20 22:57
=================================================================================================================
Extracted data from ./RESULTS/libRad_v01_disort_1D_SWIA_solar_02256C_Bjørnøya_TOA.nc:

 |------------------------|
 |     data  =    nan     |
 |------------------------|
 |    BMAFLX =    nan     |
 |------------------------|




=================================================================================================================
    Productfile=  ./RESULTS/libRad_v01_disort_1D_SWIA_solar_02266C_Bjørnøya_TOA.nc 
    OrbitID    =  02266C 
    Specs      =  TOA 
    Across-track index : 151
    Along-track index  : 3923
    Overpass time (UTC): 2024-10-21 14:30
=================================================================================================================
Extracted data from ./RESULTS/libRad_v01_disort_1D_SWIA_solar_02266C_Bjørnøya_TOA.nc:

 |------------------------|
 |     data  =    nan     |
 |------------------------|
 |    BMAFLX =    nan     |
 |------------------------|




=================================================================================================================
    Productfile=  ./RESULTS/libRad_v01_disort_1D_SWIA_solar_02505C_Bjørnøya_TOA.nc 
    OrbitID    =  02505C 
    Specs      =  TOA 
    Across-track index : 151
    Along-track index  : 915
    Overpass time (UTC): 2024-11-05 23:00
=================================================================================================================
Extracted data from ./RESULTS/libRad_v01_disort_1D_SWIA_solar_02505C_Bjørnøya_TOA.nc:

 |------------------------|
 |     data  =    nan     |
 |------------------------|
 |    BMAFLX =    nan     |
 |------------------------|




=================================================================================================================
    Productfile=  ./RESULTS/libRad_v01_disort_1D_SWIA_solar_02515C_Bjørnøya_TOA.nc 
    OrbitID    =  02515C 
    Specs      =  TOA 
    Across-track index : 151
    Along-track index  : 3911
    Overpass time (UTC): 2024-11-06 14:33
=================================================================================================================
Extracted data from ./RESULTS/libRad_v01_disort_1D_SWIA_solar_02515C_Bjørnøya_TOA.nc:

 |------------------------|
 |     data  =    nan     |
 |------------------------|
 |    BMAFLX =    nan     |
 |------------------------|




=================================================================================================================
    Productfile=  ./RESULTS/libRad_v01_disort_1D_SWIA_solar_02645C_Bjørnøya_TOA.nc 
    OrbitID    =  02645C 
    Specs      =  TOA 
    Across-track index : 151
    Along-track index  : 927
    Overpass time (UTC): 2024-11-14 22:57
=================================================================================================================
Extracted data from ./RESULTS/libRad_v01_disort_1D_SWIA_solar_02645C_Bjørnøya_TOA.nc:

 |------------------------|
 |     data  =    nan     |
 |------------------------|
 |    BMAFLX =    nan     |
 |------------------------|




=================================================================================================================
    Productfile=  ./RESULTS/libRad_v01_disort_1D_SWIA_solar_02655C_Bjørnøya_TOA.nc 
    OrbitID    =  02655C 
    Specs      =  TOA 
    Across-track index : 151
    Along-track index  : 3923
    Overpass time (UTC): 2024-11-15 14:29
=================================================================================================================
Extracted data from ./RESULTS/libRad_v01_disort_1D_SWIA_solar_02655C_Bjørnøya_TOA.nc:

 |------------------------|
 |     data  =    nan     |
 |------------------------|
 |    BMAFLX =    nan     |
 |------------------------|




=================================================================================================================
    Productfile=  ./RESULTS/libRad_v01_disort_1D_SWIA_solar_02785C_Bjørnøya_TOA.nc 
    OrbitID    =  02785C 
    Specs      =  TOA 
    Across-track index : 151
    Along-track index  : 936
    Overpass time (UTC): 2024-11-23 22:54
=================================================================================================================
Extracted data from ./RESULTS/libRad_v01_disort_1D_SWIA_solar_02785C_Bjørnøya_TOA.nc:

 |------------------------|
 |     data  =    nan     |
 |------------------------|
 |    BMAFLX =    nan     |
 |------------------------|




=================================================================================================================
    Productfile=  ./RESULTS/libRad_v01_disort_1D_SWIA_solar_02795C_Bjørnøya_TOA.nc 
    OrbitID    =  02795C 
    Specs      =  TOA 
    Across-track index : 151
    Along-track index  : 3932
    Overpass time (UTC): 2024-11-24 14:26
=================================================================================================================
Extracted data from ./RESULTS/libRad_v01_disort_1D_SWIA_solar_02795C_Bjørnøya_TOA.nc:

 |------------------------|
 |     data  =    nan     |
 |------------------------|
 |    BMAFLX =    nan     |
 |------------------------|




=================================================================================================================
    Productfile=  ./RESULTS/libRad_v01_disort_1D_SWIA_solar_02894C_Bjørnøya_TOA.nc 
    OrbitID    =  02894C 
    Specs      =  TOA 
    Across-track index : 151
    Along-track index  : 914
    Overpass time (UTC): 2024-11-30 23:00
=================================================================================================================
Extracted data from ./RESULTS/libRad_v01_disort_1D_SWIA_solar_02894C_Bjørnøya_TOA.nc:

 |------------------------|
 |     data  =    nan     |
 |------------------------|
 |    BMAFLX =    nan     |
 |------------------------|




=================================================================================================================
    Productfile=  ./RESULTS/libRad_v01_disort_1D_SWIA_solar_02904C_Bjørnøya_TOA.nc 
    OrbitID    =  02904C 
    Specs      =  TOA 
    Across-track index : 151
    Along-track index  : 3909
    Overpass time (UTC): 2024-12-01 14:33
=================================================================================================================
Extracted data from ./RESULTS/libRad_v01_disort_1D_SWIA_solar_02904C_Bjørnøya_TOA.nc:

 |------------------------|
 |     data  =    nan     |
 |------------------------|
 |    BMAFLX =    nan     |
 |------------------------|




=================================================================================================================
    Productfile=  ./RESULTS/libRad_v01_disort_1D_SWIA_solar_03034C_Bjørnøya_TOA.nc 
    OrbitID    =  03034C 
    Specs      =  TOA 
    Across-track index : 151
    Along-track index  : 928
    Overpass time (UTC): 2024-12-09 22:56
=================================================================================================================
Extracted data from ./RESULTS/libRad_v01_disort_1D_SWIA_solar_03034C_Bjørnøya_TOA.nc:

 |------------------------|
 |     data  =    nan     |
 |------------------------|
 |    BMAFLX =    nan     |
 |------------------------|




=================================================================================================================
    Productfile=  ./RESULTS/libRad_v01_disort_1D_SWIA_solar_03044C_Bjørnøya_TOA.nc 
    OrbitID    =  03044C 
    Specs      =  TOA 
    Across-track index : 151
    Along-track index  : 3923
    Overpass time (UTC): 2024-12-10 14:28
=================================================================================================================
Extracted data from ./RESULTS/libRad_v01_disort_1D_SWIA_solar_03044C_Bjørnøya_TOA.nc:

 |------------------------|
 |     data  =    nan     |
 |------------------------|
 |    BMAFLX =    nan     |
 |------------------------|




=================================================================================================================
    Productfile=  ./RESULTS/libRad_v01_disort_1D_SWIA_solar_03283C_Bjørnøya_TOA.nc 
    OrbitID    =  03283C 
    Specs      =  TOA 
    Across-track index : 151
    Along-track index  : 914
    Overpass time (UTC): 2024-12-25 23:00
=================================================================================================================
Extracted data from ./RESULTS/libRad_v01_disort_1D_SWIA_solar_03283C_Bjørnøya_TOA.nc:

 |------------------------|
 |     data  =    nan     |
 |------------------------|
 |    BMAFLX =    nan     |
 |------------------------|




=================================================================================================================
    Productfile=  ./RESULTS/libRad_v01_disort_1D_SWIA_solar_03293C_Bjørnøya_TOA.nc 
    OrbitID    =  03293C 
    Specs      =  TOA 
    Across-track index : 151
    Along-track index  : 3910
    Overpass time (UTC): 2024-12-26 14:32
=================================================================================================================
Extracted data from ./RESULTS/libRad_v01_disort_1D_SWIA_solar_03293C_Bjørnøya_TOA.nc:

 |------------------------|
 |     data  =    nan     |
 |------------------------|
 |    BMAFLX =    nan     |
 |------------------------|




=================================================================================================================
    Productfile=  ./RESULTS/libRad_v01_disort_1D_SWIA_solar_03423C_Bjørnøya_TOA.nc 
    OrbitID    =  03423C 
    Specs      =  TOA 
    Across-track index : 151
    Along-track index  : 928
    Overpass time (UTC): 2025-01-03 22:56
=================================================================================================================
Extracted data from ./RESULTS/libRad_v01_disort_1D_SWIA_solar_03423C_Bjørnøya_TOA.nc:

 |------------------------|
 |     data  =    nan     |
 |------------------------|
 |    BMAFLX =    nan     |
 |------------------------|




=================================================================================================================
    Productfile=  ./RESULTS/libRad_v01_disort_1D_SWIA_solar_03433C_Bjørnøya_TOA.nc 
    OrbitID    =  03433C 
    Specs      =  TOA 
    Across-track index : 151
    Along-track index  : 3923
    Overpass time (UTC): 2025-01-04 14:28
=================================================================================================================
Extracted data from ./RESULTS/libRad_v01_disort_1D_SWIA_solar_03433C_Bjørnøya_TOA.nc:

 |------------------------|
 |     data  =    nan     |
 |------------------------|
 |    BMAFLX =    nan     |
 |------------------------|




=================================================================================================================
    Productfile=  ./RESULTS/libRad_v01_disort_1D_SWIA_solar_03563C_Bjørnøya_TOA.nc 
    OrbitID    =  03563C 
    Specs      =  TOA 
    Across-track index : 151
    Along-track index  : 939
    Overpass time (UTC): 2025-01-12 22:52
=================================================================================================================
Extracted data from ./RESULTS/libRad_v01_disort_1D_SWIA_solar_03563C_Bjørnøya_TOA.nc:

 |------------------------|
 |     data  =    nan     |
 |------------------------|
 |    BMAFLX =    nan     |
 |------------------------|




=================================================================================================================
    Productfile=  ./RESULTS/libRad_v01_disort_1D_SWIA_solar_03672C_Bjørnøya_TOA.nc 
    OrbitID    =  03672C 
    Specs      =  TOA 
    Across-track index : 151
    Along-track index  : 915
    Overpass time (UTC): 2025-01-19 22:59
=================================================================================================================
Extracted data from ./RESULTS/libRad_v01_disort_1D_SWIA_solar_03672C_Bjørnøya_TOA.nc:

 |------------------------|
 |     data  =    nan     |
 |------------------------|
 |    BMAFLX =    nan     |
 |------------------------|




=================================================================================================================
    Productfile=  ./RESULTS/libRad_v01_disort_1D_SWIA_solar_03682C_Bjørnøya_TOA.nc 
    OrbitID    =  03682C 
    Specs      =  TOA 
    Across-track index : 151
    Along-track index  : 3910
    Overpass time (UTC): 2025-01-20 14:32
=================================================================================================================
Extracted data from ./RESULTS/libRad_v01_disort_1D_SWIA_solar_03682C_Bjørnøya_TOA.nc:

 |------------------------|
 |     data  =    nan     |
 |------------------------|
 |    BMAFLX =    nan     |
 |------------------------|




=================================================================================================================
    Productfile=  ./RESULTS/libRad_v01_disort_1D_SWIA_solar_03812C_Bjørnøya_TOA.nc 
    OrbitID    =  03812C 
    Specs      =  TOA 
    Across-track index : 151
    Along-track index  : 927
    Overpass time (UTC): 2025-01-28 22:55
=================================================================================================================
Extracted data from ./RESULTS/libRad_v01_disort_1D_SWIA_solar_03812C_Bjørnøya_TOA.nc:

 |------------------------|
 |     data  =    nan     |
 |------------------------|
 |    BMAFLX =    nan     |
 |------------------------|




=================================================================================================================
    Productfile=  ./RESULTS/libRad_v01_disort_1D_SWIA_solar_03822C_Bjørnøya_TOA.nc 
    OrbitID    =  03822C 
    Specs      =  TOA 
    Across-track index : 151
    Along-track index  : 3923
    Overpass time (UTC): 2025-01-29 14:28
=================================================================================================================
Extracted data from ./RESULTS/libRad_v01_disort_1D_SWIA_solar_03822C_Bjørnøya_TOA.nc:

 |------------------------|
 |     data  =    nan     |
 |------------------------|
 |    BMAFLX =    nan     |
 |------------------------|




=================================================================================================================
    Productfile=  ./RESULTS/libRad_v01_disort_1D_SWIA_solar_03952C_Bjørnøya_TOA.nc 
    OrbitID    =  03952C 
    Specs      =  TOA 
    Across-track index : 151
    Along-track index  : 940
    Overpass time (UTC): 2025-02-06 22:51
=================================================================================================================
Extracted data from ./RESULTS/libRad_v01_disort_1D_SWIA_solar_03952C_Bjørnøya_TOA.nc:

 |------------------------|
 |     data  =    nan     |
 |------------------------|
 |    BMAFLX =    nan     |
 |------------------------|




=================================================================================================================
    Productfile=  ./RESULTS/libRad_v01_disort_1D_SWIA_solar_04061C_Bjørnøya_TOA.nc 
    OrbitID    =  04061C 
    Specs      =  TOA 
    Across-track index : 151
    Along-track index  : 914
    Overpass time (UTC): 2025-02-13 22:59
=================================================================================================================
Extracted data from ./RESULTS/libRad_v01_disort_1D_SWIA_solar_04061C_Bjørnøya_TOA.nc:

 |------------------------|
 |     data  =    nan     |
 |------------------------|
 |    BMAFLX =    nan     |
 |------------------------|




=================================================================================================================
    Productfile=  ./RESULTS/libRad_v01_disort_1D_SWIA_solar_04071C_Bjørnøya_TOA.nc 
    OrbitID    =  04071C 
    Specs      =  TOA 
    Across-track index : 151
    Along-track index  : 3908
    Overpass time (UTC): 2025-02-14 14:32
=================================================================================================================
Extracted data from ./RESULTS/libRad_v01_disort_1D_SWIA_solar_04071C_Bjørnøya_TOA.nc:

 |------------------------|
 |     data  =    nan     |
 |------------------------|
 |    BMAFLX =    nan     |
 |------------------------|




=================================================================================================================
    Productfile=  ./RESULTS/libRad_v01_disort_1D_SWIA_solar_04201C_Bjørnøya_TOA.nc 
    OrbitID    =  04201C 
    Specs      =  TOA 
    Across-track index : 151
    Along-track index  : 927
    Overpass time (UTC): 2025-02-22 22:55
=================================================================================================================
Extracted data from ./RESULTS/libRad_v01_disort_1D_SWIA_solar_04201C_Bjørnøya_TOA.nc:

 |------------------------|
 |     data  =    nan     |
 |------------------------|
 |    BMAFLX =    nan     |
 |------------------------|




=================================================================================================================
    Productfile=  ./RESULTS/libRad_v01_disort_1D_SWIA_solar_04211C_Bjørnøya_TOA.nc 
    OrbitID    =  04211C 
    Specs      =  TOA 
    Across-track index : 151
    Along-track index  : 3923
    Overpass time (UTC): 2025-02-23 14:27
=================================================================================================================
Extracted data from ./RESULTS/libRad_v01_disort_1D_SWIA_solar_04211C_Bjørnøya_TOA.nc:

 |------------------------|
 |     data  =    nan     |
 |------------------------|
 |    BMAFLX =    nan     |
 |------------------------|




=================================================================================================================
    Productfile=  ./RESULTS/libRad_v01_disort_1D_SWIA_solar_05508C_Bjørnøya_TOA.nc 
    OrbitID    =  05508C 
    Specs      =  TOA 
    Across-track index : 151
    Along-track index  : 939
    Overpass time (UTC): 2025-05-17 22:50
=================================================================================================================
Extracted data from ./RESULTS/libRad_v01_disort_1D_SWIA_solar_05508C_Bjørnøya_TOA.nc:

 |------------------------|
 |     data  =   61.0     |
 |------------------------|
 |    BMAFLX =    nan     |
 |------------------------|




=================================================================================================================
    Productfile=  ./RESULTS/libRad_v01_disort_1D_SWIA_solar_05617C_Bjørnøya_TOA.nc 
    OrbitID    =  05617C 
    Specs      =  TOA 
    Across-track index : 151
    Along-track index  : 914
    Overpass time (UTC): 2025-05-24 22:57
=================================================================================================================
Extracted data from ./RESULTS/libRad_v01_disort_1D_SWIA_solar_05617C_Bjørnøya_TOA.nc:

 |------------------------|
 |     data  =   78.9     |
 |------------------------|
 |    BMAFLX =    nan     |
 |------------------------|




=================================================================================================================
    Productfile=  ./RESULTS/libRad_v01_disort_1D_SWIA_solar_05627C_Bjørnøya_TOA.nc 
    OrbitID    =  05627C 
    Specs      =  TOA 
    Across-track index : 151
    Along-track index  : 3909
    Overpass time (UTC): 2025-05-25 14:30
=================================================================================================================
Extracted data from ./RESULTS/libRad_v01_disort_1D_SWIA_solar_05627C_Bjørnøya_TOA.nc:

 |------------------------|
 |     data  =  336.2     |
 |------------------------|
 |    BMAFLX =    nan     |
 |------------------------|




=================================================================================================================
    Productfile=  ./RESULTS/libRad_v01_disort_1D_SWIA_solar_05757C_Bjørnøya_TOA.nc 
    OrbitID    =  05757C 
    Specs      =  TOA 
    Across-track index : 151
    Along-track index  : 927
    Overpass time (UTC): 2025-06-02 22:53
=================================================================================================================
Extracted data from ./RESULTS/libRad_v01_disort_1D_SWIA_solar_05757C_Bjørnøya_TOA.nc:

 |------------------------|
 |     data  =  102.0     |
 |------------------------|
 |    BMAFLX =    nan     |
 |------------------------|




=================================================================================================================
    Productfile=  ./RESULTS/libRad_v01_disort_1D_SWIA_solar_05767C_Bjørnøya_TOA.nc 
    OrbitID    =  05767C 
    Specs      =  TOA 
    Across-track index : 151
    Along-track index  : 3923
    Overpass time (UTC): 2025-06-03 14:26
=================================================================================================================
Extracted data from ./RESULTS/libRad_v01_disort_1D_SWIA_solar_05767C_Bjørnøya_TOA.nc:

 |------------------------|
 |     data  =  332.6     |
 |------------------------|
 |    BMAFLX =    nan     |
 |------------------------|




=================================================================================================================
    Productfile=  ./RESULTS/libRad_v01_disort_1D_SWIA_solar_05897C_Bjørnøya_TOA.nc 
    OrbitID    =  05897C 
    Specs      =  TOA 
    Across-track index : 151
    Along-track index  : 939
    Overpass time (UTC): 2025-06-11 22:50
=================================================================================================================
Extracted data from ./RESULTS/libRad_v01_disort_1D_SWIA_solar_05897C_Bjørnøya_TOA.nc:

 |------------------------|
 |     data  =   73.4     |
 |------------------------|
 |    BMAFLX =  416.3     |
 |------------------------|




=================================================================================================================
    Productfile=  ./RESULTS/libRad_v01_disort_1D_SWIA_solar_06006C_Bjørnøya_TOA.nc 
    OrbitID    =  06006C 
    Specs      =  TOA 
    Across-track index : 151
    Along-track index  : 914
    Overpass time (UTC): 2025-06-18 22:57
=================================================================================================================
Extracted data from ./RESULTS/libRad_v01_disort_1D_SWIA_solar_06006C_Bjørnøya_TOA.nc:

 |------------------------|
 |     data  =  104.0     |
 |------------------------|
 |    BMAFLX =    nan     |
 |------------------------|




=================================================================================================================
    Productfile=  ./RESULTS/libRad_v01_disort_1D_SWIA_solar_06016C_Bjørnøya_TOA.nc 
    OrbitID    =  06016C 
    Specs      =  TOA 
    Across-track index : 151
    Along-track index  : 3910
    Overpass time (UTC): 2025-06-19 14:30
=================================================================================================================
Extracted data from ./RESULTS/libRad_v01_disort_1D_SWIA_solar_06016C_Bjørnøya_TOA.nc:

 |------------------------|
 |     data  =  331.1     |
 |------------------------|
 |    BMAFLX =    nan     |
 |------------------------|




=================================================================================================================
    Productfile=  ./RESULTS/libRad_v01_disort_1D_SWIA_solar_06146C_Bjørnøya_TOA.nc 
    OrbitID    =  06146C 
    Specs      =  TOA 
    Across-track index : 151
    Along-track index  : 926
    Overpass time (UTC): 2025-06-27 22:53
=================================================================================================================
Extracted data from ./RESULTS/libRad_v01_disort_1D_SWIA_solar_06146C_Bjørnøya_TOA.nc:

 |------------------------|
 |     data  =    nan     |
 |------------------------|
 |    BMAFLX =    nan     |
 |------------------------|




=================================================================================================================
    Productfile=  ./RESULTS/libRad_v01_disort_1D_SWIA_solar_06156C_Bjørnøya_TOA.nc 
    OrbitID    =  06156C 
    Specs      =  TOA 
    Across-track index : 151
    Along-track index  : 3922
    Overpass time (UTC): 2025-06-28 14:26
=================================================================================================================
Extracted data from ./RESULTS/libRad_v01_disort_1D_SWIA_solar_06156C_Bjørnøya_TOA.nc:

 |------------------------|
 |     data  =  304.1     |
 |------------------------|
 |    BMAFLX =    nan     |
 |------------------------|




=================================================================================================================
    Productfile=  ./RESULTS/libRad_v01_disort_1D_SWIA_solar_06286C_Bjørnøya_TOA.nc 
    OrbitID    =  06286C 
    Specs      =  TOA 
    Across-track index : 151
    Along-track index  : 940
    Overpass time (UTC): 2025-07-06 22:49
=================================================================================================================
Extracted data from ./RESULTS/libRad_v01_disort_1D_SWIA_solar_06286C_Bjørnøya_TOA.nc:

 |------------------------|
 |     data  =   78.5     |
 |------------------------|
 |    BMAFLX =    nan     |
 |------------------------|




=================================================================================================================
    Productfile=  ./RESULTS/libRad_v01_disort_1D_SWIA_solar_06405C_Bjørnøya_TOA.nc 
    OrbitID    =  06405C 
    Specs      =  TOA 
    Across-track index : 151
    Along-track index  : 3910
    Overpass time (UTC): 2025-07-14 14:29
=================================================================================================================
Extracted data from ./RESULTS/libRad_v01_disort_1D_SWIA_solar_06405C_Bjørnøya_TOA.nc:

 |------------------------|
 |     data  =  321.4     |
 |------------------------|
 |    BMAFLX =  327.4     |
 |------------------------|




=================================================================================================================
    Productfile=  ./RESULTS/libRad_v01_disort_1D_SWIA_solar_06545C_Bjørnøya_TOA.nc 
    OrbitID    =  06545C 
    Specs      =  TOA 
    Across-track index : 151
    Along-track index  : 3923
    Overpass time (UTC): 2025-07-23 14:26
=================================================================================================================
Extracted data from ./RESULTS/libRad_v01_disort_1D_SWIA_solar_06545C_Bjørnøya_TOA.nc:

 |------------------------|
 |     data  =   88.3     |
 |------------------------|
 |    BMAFLX =    nan     |
 |------------------------|




=================================================================================================================
    Productfile=  ./RESULTS/libRad_v01_disort_1D_SWIA_solar_06794C_Bjørnøya_TOA.nc 
    OrbitID    =  06794C 
    Specs      =  TOA 
    Across-track index : 151
    Along-track index  : 3910
    Overpass time (UTC): 2025-08-08 14:29
=================================================================================================================
Extracted data from ./RESULTS/libRad_v01_disort_1D_SWIA_solar_06794C_Bjørnøya_TOA.nc:

 |------------------------|
 |     data  =  228.3     |
 |------------------------|
 |    BMAFLX =    nan     |
 |------------------------|




=================================================================================================================
    Productfile=  ./RESULTS/libRad_v01_disort_1D_SWIA_solar_06934C_Bjørnøya_TOA.nc 
    OrbitID    =  06934C 
    Specs      =  TOA 
    Across-track index : 151
    Along-track index  : 3923
    Overpass time (UTC): 2025-08-17 14:25
=================================================================================================================
Extracted data from ./RESULTS/libRad_v01_disort_1D_SWIA_solar_06934C_Bjørnøya_TOA.nc:

 |------------------------|
 |     data  =  141.7     |
 |------------------------|
 |    BMAFLX =    nan     |
 |------------------------|




=================================================================================================================
    Productfile=  ./RESULTS/libRad_v01_disort_1D_SWIA_solar_07183C_Bjørnøya_TOA.nc 
    OrbitID    =  07183C 
    Specs      =  TOA 
    Across-track index : 151
    Along-track index  : 3911
    Overpass time (UTC): 2025-09-02 14:29
=================================================================================================================
Extracted data from ./RESULTS/libRad_v01_disort_1D_SWIA_solar_07183C_Bjørnøya_TOA.nc:

 |------------------------|
 |     data  =   73.8     |
 |------------------------|
 |    BMAFLX =    nan     |
 |------------------------|




=================================================================================================================
    Productfile=  ./RESULTS/libRad_v01_disort_1D_SWIA_solar_07323C_Bjørnøya_TOA.nc 
    OrbitID    =  07323C 
    Specs      =  TOA 
    Across-track index : 151
    Along-track index  : 3922
    Overpass time (UTC): 2025-09-11 14:25
=================================================================================================================
Extracted data from ./RESULTS/libRad_v01_disort_1D_SWIA_solar_07323C_Bjørnøya_TOA.nc:

 |------------------------|
 |     data  =  176.3     |
 |------------------------|
 |    BMAFLX =    nan     |
 |------------------------|




=================================================================================================================
    Productfile=  ./RESULTS/libRad_v01_disort_1D_SWIA_solar_07453C_Bjørnøya_TOA.nc 
    OrbitID    =  07453C 
    Specs      =  TOA 
    Across-track index : 151
    Along-track index  : 938
    Overpass time (UTC): 2025-09-19 22:49
=================================================================================================================
Extracted data from ./RESULTS/libRad_v01_disort_1D_SWIA_solar_07453C_Bjørnøya_TOA.nc:

 |------------------------|
 |     data  =    nan     |
 |------------------------|
 |    BMAFLX =    nan     |
 |------------------------|




=================================================================================================================
    Productfile=  ./RESULTS/libRad_v01_disort_1D_SWIA_solar_07572C_Bjørnøya_TOA.nc 
    OrbitID    =  07572C 
    Specs      =  TOA 
    Across-track index : 151
    Along-track index  : 3909
    Overpass time (UTC): 2025-09-27 14:29
=================================================================================================================
Extracted data from ./RESULTS/libRad_v01_disort_1D_SWIA_solar_07572C_Bjørnøya_TOA.nc:

 |------------------------|
 |     data  =   84.4     |
 |------------------------|
 |    BMAFLX =   46.4     |
 |------------------------|




=================================================================================================================
    Productfile=  ./RESULTS/libRad_v01_disort_1D_SWIA_solar_08101C_Bjørnøya_TOA.nc 
    OrbitID    =  08101C 
    Specs      =  TOA 
    Across-track index : 151
    Along-track index  : 3921
    Overpass time (UTC): 2025-10-31 14:26
=================================================================================================================
Extracted data from ./RESULTS/libRad_v01_disort_1D_SWIA_solar_08101C_Bjørnøya_TOA.nc:

 |------------------------|
 |     data  =    nan     |
 |------------------------|
 |    BMAFLX =    nan     |
 |------------------------|




=================================================================================================================
    Productfile=  ./RESULTS/libRad_v01_disort_1D_SWIA_solar_08350C_Bjørnøya_TOA.nc 
    OrbitID    =  08350C 
    Specs      =  TOA 
    Across-track index : 151
    Along-track index  : 3909
    Overpass time (UTC): 2025-11-16 14:29
=================================================================================================================
Extracted data from ./RESULTS/libRad_v01_disort_1D_SWIA_solar_08350C_Bjørnøya_TOA.nc:

 |------------------------|
 |     data  =    nan     |
 |------------------------|
 |    BMAFLX =    nan     |
 |------------------------|


     Skipping 08480C. Do not find product BMA_FLX

     Skipping 08490C. Do not find product BMA_FLX



=================================================================================================================
    Productfile=  ./RESULTS/libRad_v01_disort_1D_SWIA_solar_08620C_Bjørnøya_TOA.nc 
    OrbitID    =  08620C 
    Specs      =  TOA 
    Across-track index : 151
    Along-track index  : 938
    Overpass time (UTC): 2025-12-03 22:49
=================================================================================================================
Extracted data from ./RESULTS/libRad_v01_disort_1D_SWIA_solar_08620C_Bjørnøya_TOA.nc:

 |------------------------|
 |     data  =    nan     |
 |------------------------|
 |    BMAFLX =    nan     |
 |------------------------|


     Skipping 08739C. Do not find product BMA_FLX



=================================================================================================================
    Productfile=  ./RESULTS/libRad_v01_disort_1D_SWIA_solar_08879C_Bjørnøya_TOA.nc 
    OrbitID    =  08879C 
    Specs      =  TOA 
    Across-track index : 151
    Along-track index  : 3921
    Overpass time (UTC): 2025-12-20 14:26
=================================================================================================================
Extracted data from ./RESULTS/libRad_v01_disort_1D_SWIA_solar_08879C_Bjørnøya_TOA.nc:

 |------------------------|
 |     data  =    nan     |
 |------------------------|
 |    BMAFLX =    nan     |
 |------------------------|


     Skipping 09118C. Do not find product BMA_FLX

     Skipping 09128C. Do not find product BMA_FLX

     Skipping 09268C. Do not find product BMA_FLX

     Skipping 09398C. Do not find product BMA_FLX



=================================================================================================================
    Productfile=  ./RESULTS/libRad_v01_disort_1D_SWIA_solar_09517C_Bjørnøya_TOA.nc 
    OrbitID    =  09517C 
    Specs      =  TOA 
    Across-track index : 151
    Along-track index  : 3910
    Overpass time (UTC): 2026-01-30 14:29
=================================================================================================================
Extracted data from ./RESULTS/libRad_v01_disort_1D_SWIA_solar_09517C_Bjørnøya_TOA.nc:

 |------------------------|
 |     data  =    nan     |
 |------------------------|
 |    BMAFLX =    nan     |
 |------------------------|


     Skipping 09657C. Do not find product BMA_FLX

     Skipping 09906C. Do not find product BMA_FLX

     Skipping 10046C. Do not find product BMA_FLX

     Skipping 10295C. Do not find product BMA_FLX



=================================================================================================================
    Productfile=  ./RESULTS/libRad_v01_disort_1D_SWIA_solar_10435C_Bjørnøya_TOA.nc 
    OrbitID    =  10435C 
    Specs      =  TOA 
    Across-track index : 151
    Along-track index  : 3921
    Overpass time (UTC): 2026-03-30 14:26
=================================================================================================================
Extracted data from ./RESULTS/libRad_v01_disort_1D_SWIA_solar_10435C_Bjørnøya_TOA.nc:

 |------------------------|
 |     data  =  120.6     |
 |------------------------|
 |    BMAFLX =    nan     |
 |------------------------|


     Skipping 10814C. Do not find product BMA_FLX

     Skipping 10824C. Do not find product BMA_FLX

     Skipping 11213C. Do not find product BMA_FLX

     Skipping 11462C. Do not find product BMA_FLX

     Skipping 11851C. Do not find product BMA_FLX



=================================================================================================================
    Productfile=  ./RESULTS/libRad_v01_disort_1D_SWIA_solar_11981C_Bjørnøya_TOA.nc 
    OrbitID    =  11981C 
    Specs      =  TOA 
    Across-track index : 151
    Along-track index  : 925
    Overpass time (UTC): 2026-07-07 22:54
=================================================================================================================
Extracted data from ./RESULTS/libRad_v01_disort_1D_SWIA_solar_11981C_Bjørnøya_TOA.nc:

 |------------------------|
 |     data  =   84.0     |
 |------------------------|
 |    BMAFLX =    nan     |
 |------------------------|




=================================================================================================================
    Productfile=  ./RESULTS/libRad_v01_disort_1D_SWIA_solar_11991C_Bjørnøya_TOA.nc 
    OrbitID    =  11991C 
    Specs      =  TOA 
    Across-track index : 151
    Along-track index  : 3921
    Overpass time (UTC): 2026-07-08 14:27
=================================================================================================================
Extracted data from ./RESULTS/libRad_v01_disort_1D_SWIA_solar_11991C_Bjørnøya_TOA.nc:

 |------------------------|
 |     data  =   86.1     |
 |------------------------|
 |    BMAFLX =    nan     |
 |------------------------|


     Skipping 12240C. Do not find product BMA_FLX

     Skipping 12380C. Do not find product BMA_FLX



=================================================================================================================
    Productfile=  ./RESULTS/libRad_v01_disort_1D_SWIA_solar_01168B_Filefjell_TOA.nc 
    OrbitID    =  01168B 
    Specs      =  TOA 
    Across-track index : 151
    Along-track index  : 4334
    Overpass time (UTC): 2024-08-12 00:39
=================================================================================================================
Extracted data from ./RESULTS/libRad_v01_disort_1D_SWIA_solar_01168B_Filefjell_TOA.nc:

 |------------------------|
 |     data  =    nan     |
 |------------------------|
 |    BMAFLX =    nan     |
 |------------------------|




=================================================================================================================
    Productfile=  ./RESULTS/libRad_v01_disort_1D_SWIA_solar_01837B_Filefjell_TOA.nc 
    OrbitID    =  01837B 
    Specs      =  TOA 
    Across-track index : 151
    Along-track index  : 4328
    Overpass time (UTC): 2024-09-24 00:37
=================================================================================================================
Extracted data from ./RESULTS/libRad_v01_disort_1D_SWIA_solar_01837B_Filefjell_TOA.nc:

 |------------------------|
 |     data  =    nan     |
 |------------------------|
 |    BMAFLX =    nan     |
 |------------------------|




=================================================================================================================
    Productfile=  ./RESULTS/libRad_v01_disort_1D_SWIA_solar_02048D_Filefjell_TOA.nc 
    OrbitID    =  02048D 
    Specs      =  TOA 
    Across-track index : 151
    Along-track index  : 814
    Overpass time (UTC): 2024-10-07 14:19
=================================================================================================================
Extracted data from ./RESULTS/libRad_v01_disort_1D_SWIA_solar_02048D_Filefjell_TOA.nc:

 |------------------------|
 |     data  =  179.8     |
 |------------------------|
 |    BMAFLX =  230.1     |
 |------------------------|




=================================================================================================================
    Productfile=  ./RESULTS/libRad_v01_disort_1D_SWIA_solar_02226B_Filefjell_TOA.nc 
    OrbitID    =  02226B 
    Specs      =  TOA 
    Across-track index : 151
    Along-track index  : 4329
    Overpass time (UTC): 2024-10-19 00:37
=================================================================================================================
Extracted data from ./RESULTS/libRad_v01_disort_1D_SWIA_solar_02226B_Filefjell_TOA.nc:

 |------------------------|
 |     data  =    nan     |
 |------------------------|
 |    BMAFLX =    nan     |
 |------------------------|




=================================================================================================================
    Productfile=  ./RESULTS/libRad_v01_disort_1D_SWIA_solar_02437D_Filefjell_TOA.nc 
    OrbitID    =  02437D 
    Specs      =  TOA 
    Across-track index : 151
    Along-track index  : 813
    Overpass time (UTC): 2024-11-01 14:18
=================================================================================================================
Extracted data from ./RESULTS/libRad_v01_disort_1D_SWIA_solar_02437D_Filefjell_TOA.nc:

 |------------------------|
 |     data  =   55.6     |
 |------------------------|
 |    BMAFLX =   69.8     |
 |------------------------|




=================================================================================================================
    Productfile=  ./RESULTS/libRad_v01_disort_1D_SWIA_solar_02615B_Filefjell_TOA.nc 
    OrbitID    =  02615B 
    Specs      =  TOA 
    Across-track index : 151
    Along-track index  : 4330
    Overpass time (UTC): 2024-11-13 00:36
=================================================================================================================
Extracted data from ./RESULTS/libRad_v01_disort_1D_SWIA_solar_02615B_Filefjell_TOA.nc:

 |------------------------|
 |     data  =    nan     |
 |------------------------|
 |    BMAFLX =    nan     |
 |------------------------|




=================================================================================================================
    Productfile=  ./RESULTS/libRad_v01_disort_1D_SWIA_solar_02755B_Filefjell_TOA.nc 
    OrbitID    =  02755B 
    Specs      =  TOA 
    Across-track index : 151
    Along-track index  : 4339
    Overpass time (UTC): 2024-11-22 00:34
=================================================================================================================
Extracted data from ./RESULTS/libRad_v01_disort_1D_SWIA_solar_02755B_Filefjell_TOA.nc:

 |------------------------|
 |     data  =    nan     |
 |------------------------|
 |    BMAFLX =    nan     |
 |------------------------|




=================================================================================================================
    Productfile=  ./RESULTS/libRad_v01_disort_1D_SWIA_solar_02826D_Filefjell_TOA.nc 
    OrbitID    =  02826D 
    Specs      =  TOA 
    Across-track index : 151
    Along-track index  : 811
    Overpass time (UTC): 2024-11-26 14:18
=================================================================================================================
Extracted data from ./RESULTS/libRad_v01_disort_1D_SWIA_solar_02826D_Filefjell_TOA.nc:

 |------------------------|
 |     data  =    nan     |
 |------------------------|
 |    BMAFLX =    nan     |
 |------------------------|




=================================================================================================================
    Productfile=  ./RESULTS/libRad_v01_disort_1D_SWIA_solar_03004B_Filefjell_TOA.nc 
    OrbitID    =  03004B 
    Specs      =  TOA 
    Across-track index : 151
    Along-track index  : 4329
    Overpass time (UTC): 2024-12-08 00:36
=================================================================================================================
Extracted data from ./RESULTS/libRad_v01_disort_1D_SWIA_solar_03004B_Filefjell_TOA.nc:

 |------------------------|
 |     data  =    nan     |
 |------------------------|
 |    BMAFLX =    nan     |
 |------------------------|




=================================================================================================================
    Productfile=  ./RESULTS/libRad_v01_disort_1D_SWIA_solar_03215D_Filefjell_TOA.nc 
    OrbitID    =  03215D 
    Specs      =  TOA 
    Across-track index : 151
    Along-track index  : 812
    Overpass time (UTC): 2024-12-21 14:18
=================================================================================================================
Extracted data from ./RESULTS/libRad_v01_disort_1D_SWIA_solar_03215D_Filefjell_TOA.nc:

 |------------------------|
 |     data  =    nan     |
 |------------------------|
 |    BMAFLX =    nan     |
 |------------------------|




=================================================================================================================
    Productfile=  ./RESULTS/libRad_v01_disort_1D_SWIA_solar_03604D_Filefjell_TOA.nc 
    OrbitID    =  03604D 
    Specs      =  TOA 
    Across-track index : 151
    Along-track index  : 812
    Overpass time (UTC): 2025-01-15 14:17
=================================================================================================================
Extracted data from ./RESULTS/libRad_v01_disort_1D_SWIA_solar_03604D_Filefjell_TOA.nc:

 |------------------------|
 |     data  =   21.2     |
 |------------------------|
 |    BMAFLX =    nan     |
 |------------------------|




=================================================================================================================
    Productfile=  ./RESULTS/libRad_v01_disort_1D_SWIA_solar_03782B_Filefjell_TOA.nc 
    OrbitID    =  03782B 
    Specs      =  TOA 
    Across-track index : 151
    Along-track index  : 4327
    Overpass time (UTC): 2025-01-27 00:35
=================================================================================================================
Extracted data from ./RESULTS/libRad_v01_disort_1D_SWIA_solar_03782B_Filefjell_TOA.nc:

 |------------------------|
 |     data  =    nan     |
 |------------------------|
 |    BMAFLX =    nan     |
 |------------------------|




=================================================================================================================
    Productfile=  ./RESULTS/libRad_v01_disort_1D_SWIA_solar_03993D_Filefjell_TOA.nc 
    OrbitID    =  03993D 
    Specs      =  TOA 
    Across-track index : 151
    Along-track index  : 813
    Overpass time (UTC): 2025-02-09 14:17
=================================================================================================================
Extracted data from ./RESULTS/libRad_v01_disort_1D_SWIA_solar_03993D_Filefjell_TOA.nc:

 |------------------------|
 |     data  =   64.0     |
 |------------------------|
 |    BMAFLX =  124.7     |
 |------------------------|




=================================================================================================================
    Productfile=  ./RESULTS/libRad_v01_disort_1D_SWIA_solar_04171B_Filefjell_TOA.nc 
    OrbitID    =  04171B 
    Specs      =  TOA 
    Across-track index : 151
    Along-track index  : 4328
    Overpass time (UTC): 2025-02-21 00:35
=================================================================================================================
Extracted data from ./RESULTS/libRad_v01_disort_1D_SWIA_solar_04171B_Filefjell_TOA.nc:

 |------------------------|
 |     data  =    nan     |
 |------------------------|
 |    BMAFLX =    nan     |
 |------------------------|




=================================================================================================================
    Productfile=  ./RESULTS/libRad_v01_disort_1D_SWIA_solar_04771D_Filefjell_TOA.nc 
    OrbitID    =  04771D 
    Specs      =  TOA 
    Across-track index : 151
    Along-track index  : 813
    Overpass time (UTC): 2025-03-31 14:15
=================================================================================================================
Extracted data from ./RESULTS/libRad_v01_disort_1D_SWIA_solar_04771D_Filefjell_TOA.nc:

 |------------------------|
 |     data  =  370.2     |
 |------------------------|
 |    BMAFLX =  341.2     |
 |------------------------|




=================================================================================================================
    Productfile=  ./RESULTS/libRad_v01_disort_1D_SWIA_solar_05338B_Filefjell_TOA.nc 
    OrbitID    =  05338B 
    Specs      =  TOA 
    Across-track index : 151
    Along-track index  : 4330
    Overpass time (UTC): 2025-05-07 00:34
=================================================================================================================
Extracted data from ./RESULTS/libRad_v01_disort_1D_SWIA_solar_05338B_Filefjell_TOA.nc:

 |------------------------|
 |     data  =    nan     |
 |------------------------|
 |    BMAFLX =    nan     |
 |------------------------|




=================================================================================================================
    Productfile=  ./RESULTS/libRad_v01_disort_1D_SWIA_solar_05478B_Filefjell_TOA.nc 
    OrbitID    =  05478B 
    Specs      =  TOA 
    Across-track index : 151
    Along-track index  : 4341
    Overpass time (UTC): 2025-05-16 00:30
=================================================================================================================
Extracted data from ./RESULTS/libRad_v01_disort_1D_SWIA_solar_05478B_Filefjell_TOA.nc:

 |------------------------|
 |     data  =    nan     |
 |------------------------|
 |    BMAFLX =    nan     |
 |------------------------|




=================================================================================================================
    Productfile=  ./RESULTS/libRad_v01_disort_1D_SWIA_solar_05549D_Filefjell_TOA.nc 
    OrbitID    =  05549D 
    Specs      =  TOA 
    Across-track index : 151
    Along-track index  : 813
    Overpass time (UTC): 2025-05-20 14:15
=================================================================================================================
Extracted data from ./RESULTS/libRad_v01_disort_1D_SWIA_solar_05549D_Filefjell_TOA.nc:

 |------------------------|
 |     data  =  132.7     |
 |------------------------|
 |    BMAFLX =  206.5     |
 |------------------------|




=================================================================================================================
    Productfile=  ./RESULTS/libRad_v01_disort_1D_SWIA_solar_05727B_Filefjell_TOA.nc 
    OrbitID    =  05727B 
    Specs      =  TOA 
    Across-track index : 151
    Along-track index  : 4328
    Overpass time (UTC): 2025-06-01 00:34
=================================================================================================================
Extracted data from ./RESULTS/libRad_v01_disort_1D_SWIA_solar_05727B_Filefjell_TOA.nc:

 |------------------------|
 |     data  =    nan     |
 |------------------------|
 |    BMAFLX =    nan     |
 |------------------------|




=================================================================================================================
    Productfile=  ./RESULTS/libRad_v01_disort_1D_SWIA_solar_05867B_Filefjell_TOA.nc 
    OrbitID    =  05867B 
    Specs      =  TOA 
    Across-track index : 151
    Along-track index  : 4341
    Overpass time (UTC): 2025-06-10 00:30
=================================================================================================================
Extracted data from ./RESULTS/libRad_v01_disort_1D_SWIA_solar_05867B_Filefjell_TOA.nc:

 |------------------------|
 |     data  =    nan     |
 |------------------------|
 |    BMAFLX =    nan     |
 |------------------------|




=================================================================================================================
    Productfile=  ./RESULTS/libRad_v01_disort_1D_SWIA_solar_05938D_Filefjell_TOA.nc 
    OrbitID    =  05938D 
    Specs      =  TOA 
    Across-track index : 151
    Along-track index  : 813
    Overpass time (UTC): 2025-06-14 14:15
=================================================================================================================
Extracted data from ./RESULTS/libRad_v01_disort_1D_SWIA_solar_05938D_Filefjell_TOA.nc:

 |------------------------|
 |     data  =  228.9     |
 |------------------------|
 |    BMAFLX =  195.9     |
 |------------------------|




=================================================================================================================
    Productfile=  ./RESULTS/libRad_v01_disort_1D_SWIA_solar_06327D_Filefjell_TOA.nc 
    OrbitID    =  06327D 
    Specs      =  TOA 
    Across-track index : 151
    Along-track index  : 814
    Overpass time (UTC): 2025-07-09 14:14
=================================================================================================================
Extracted data from ./RESULTS/libRad_v01_disort_1D_SWIA_solar_06327D_Filefjell_TOA.nc:

 |------------------------|
 |     data  =  148.8     |
 |------------------------|
 |    BMAFLX =  139.0     |
 |------------------------|




=================================================================================================================
    Productfile=  ./RESULTS/libRad_v01_disort_1D_SWIA_solar_06716D_Filefjell_TOA.nc 
    OrbitID    =  06716D 
    Specs      =  TOA 
    Across-track index : 151
    Along-track index  : 815
    Overpass time (UTC): 2025-08-03 14:14
=================================================================================================================
Extracted data from ./RESULTS/libRad_v01_disort_1D_SWIA_solar_06716D_Filefjell_TOA.nc:

 |------------------------|
 |     data  =  620.0     |
 |------------------------|
 |    BMAFLX =  546.8     |
 |------------------------|




=================================================================================================================
    Productfile=  ./RESULTS/libRad_v01_disort_1D_SWIA_solar_07105D_Filefjell_TOA.nc 
    OrbitID    =  07105D 
    Specs      =  TOA 
    Across-track index : 151
    Along-track index  : 815
    Overpass time (UTC): 2025-08-28 14:14
=================================================================================================================
Extracted data from ./RESULTS/libRad_v01_disort_1D_SWIA_solar_07105D_Filefjell_TOA.nc:

 |------------------------|
 |     data  =  338.5     |
 |------------------------|
 |    BMAFLX =  377.0     |
 |------------------------|




=================================================================================================================
    Productfile=  ./RESULTS/libRad_v01_disort_1D_SWIA_solar_07283B_Filefjell_TOA.nc 
    OrbitID    =  07283B 
    Specs      =  TOA 
    Across-track index : 151
    Along-track index  : 4328
    Overpass time (UTC): 2025-09-09 00:33
=================================================================================================================
Extracted data from ./RESULTS/libRad_v01_disort_1D_SWIA_solar_07283B_Filefjell_TOA.nc:

 |------------------------|
 |     data  =    nan     |
 |------------------------|
 |    BMAFLX =    nan     |
 |------------------------|




=================================================================================================================
    Productfile=  ./RESULTS/libRad_v01_disort_1D_SWIA_solar_07494D_Filefjell_TOA.nc 
    OrbitID    =  07494D 
    Specs      =  TOA 
    Across-track index : 151
    Along-track index  : 813
    Overpass time (UTC): 2025-09-22 14:14
=================================================================================================================
Extracted data from ./RESULTS/libRad_v01_disort_1D_SWIA_solar_07494D_Filefjell_TOA.nc:

 |------------------------|
 |     data  =  282.9     |
 |------------------------|
 |    BMAFLX =  250.1     |
 |------------------------|




=================================================================================================================
    Productfile=  ./RESULTS/libRad_v01_disort_1D_SWIA_solar_07672B_Filefjell_TOA.nc 
    OrbitID    =  07672B 
    Specs      =  TOA 
    Across-track index : 151
    Along-track index  : 4329
    Overpass time (UTC): 2025-10-04 00:33
=================================================================================================================
Extracted data from ./RESULTS/libRad_v01_disort_1D_SWIA_solar_07672B_Filefjell_TOA.nc:

 |------------------------|
 |     data  =    nan     |
 |------------------------|
 |    BMAFLX =    nan     |
 |------------------------|




=================================================================================================================
    Productfile=  ./RESULTS/libRad_v01_disort_1D_SWIA_solar_07883D_Filefjell_TOA.nc 
    OrbitID    =  07883D 
    Specs      =  TOA 
    Across-track index : 151
    Along-track index  : 812
    Overpass time (UTC): 2025-10-17 14:15
=================================================================================================================
Extracted data from ./RESULTS/libRad_v01_disort_1D_SWIA_solar_07883D_Filefjell_TOA.nc:

 |------------------------|
 |     data  =   50.1     |
 |------------------------|
 |    BMAFLX =   73.3     |
 |------------------------|




=================================================================================================================
    Productfile=  ./RESULTS/libRad_v01_disort_1D_SWIA_solar_08272D_Filefjell_TOA.nc 
    OrbitID    =  08272D 
    Specs      =  TOA 
    Across-track index : 151
    Along-track index  : 815
    Overpass time (UTC): 2025-11-11 14:14
=================================================================================================================
Extracted data from ./RESULTS/libRad_v01_disort_1D_SWIA_solar_08272D_Filefjell_TOA.nc:

 |------------------------|
 |     data  =   52.9     |
 |------------------------|
 |    BMAFLX =   63.0     |
 |------------------------|


     Skipping 08450B. Do not find product BMA_FLX



=================================================================================================================
    Productfile=  ./RESULTS/libRad_v01_disort_1D_SWIA_solar_08590B_Filefjell_TOA.nc 
    OrbitID    =  08590B 
    Specs      =  TOA 
    Across-track index : 151
    Along-track index  : 4341
    Overpass time (UTC): 2025-12-02 00:29
=================================================================================================================
Extracted data from ./RESULTS/libRad_v01_disort_1D_SWIA_solar_08590B_Filefjell_TOA.nc:

 |------------------------|
 |     data  =    nan     |
 |------------------------|
 |    BMAFLX =    nan     |
 |------------------------|


     Skipping 08661D. Do not find product BMA_FLX

     Skipping 09050D. Do not find product BMA_FLX

     Skipping 09368B. Do not find product BMA_FLX

     Skipping 09439D. Do not find product BMA_FLX



=================================================================================================================
    Productfile=  ./RESULTS/libRad_v01_disort_1D_SWIA_solar_09757B_Filefjell_TOA.nc 
    OrbitID    =  09757B 
    Specs      =  TOA 
    Across-track index : 151
    Along-track index  : 4341
    Overpass time (UTC): 2026-02-15 00:29
=================================================================================================================
Extracted data from ./RESULTS/libRad_v01_disort_1D_SWIA_solar_09757B_Filefjell_TOA.nc:

 |------------------------|
 |     data  =    nan     |
 |------------------------|
 |    BMAFLX =    nan     |
 |------------------------|




=================================================================================================================
    Productfile=  ./RESULTS/libRad_v01_disort_1D_SWIA_solar_09828D_Filefjell_TOA.nc 
    OrbitID    =  09828D 
    Specs      =  TOA 
    Across-track index : 151
    Along-track index  : 814
    Overpass time (UTC): 2026-02-19 14:15
=================================================================================================================
Extracted data from ./RESULTS/libRad_v01_disort_1D_SWIA_solar_09828D_Filefjell_TOA.nc:

 |------------------------|
 |     data  =  185.7     |
 |------------------------|
 |    BMAFLX =  193.8     |
 |------------------------|


     Skipping 10217D. Do not find product BMA_FLX

     Skipping 10606D. Do not find product BMA_FLX



=================================================================================================================
    Productfile=  ./RESULTS/libRad_v01_disort_1D_SWIA_solar_11384D_Filefjell_TOA.nc 
    OrbitID    =  11384D 
    Specs      =  TOA 
    Across-track index : 151
    Along-track index  : 815
    Overpass time (UTC): 2026-05-30 14:15
=================================================================================================================
Extracted data from ./RESULTS/libRad_v01_disort_1D_SWIA_solar_11384D_Filefjell_TOA.nc:

 |------------------------|
 |     data  =  328.6     |
 |------------------------|
 |    BMAFLX =  260.8     |
 |------------------------|


     Skipping 11773D. Do not find product BMA_FLX

     Skipping 11951B. Do not find product BMA_FLX



=================================================================================================================
    Productfile=  ./RESULTS/libRad_v01_disort_1D_SWIA_solar_12162D_Filefjell_TOA.nc 
    OrbitID    =  12162D 
    Specs      =  TOA 
    Across-track index : 151
    Along-track index  : 815
    Overpass time (UTC): 2026-07-19 14:16
=================================================================================================================
Extracted data from ./RESULTS/libRad_v01_disort_1D_SWIA_solar_12162D_Filefjell_TOA.nc:

 |------------------------|
 |     data  =  141.1     |
 |------------------------|
 |    BMAFLX =  137.6     |
 |------------------------|




=================================================================================================================
    Productfile=  ./RESULTS/libRad_v01_disort_1D_SWIA_solar_12551D_Filefjell_TOA.nc 
    OrbitID    =  12551D 
    Specs      =  TOA 
    Across-track index : 151
    Along-track index  : 815
    Overpass time (UTC): 2026-08-13 14:16
=================================================================================================================
Extracted data from ./RESULTS/libRad_v01_disort_1D_SWIA_solar_12551D_Filefjell_TOA.nc:

 |------------------------|
 |     data  =  402.2     |
 |------------------------|
 |    BMAFLX =    nan     |
 |------------------------|




=================================================================================================================
    Productfile=  ./RESULTS/libRad_v01_disort_1D_SWIA_solar_01099D_Juvvasshøe_TOA.nc 
    OrbitID    =  01099D 
    Specs      =  TOA 
    Across-track index : 151
    Along-track index  : 748
    Overpass time (UTC): 2024-08-07 14:23
=================================================================================================================
Extracted data from ./RESULTS/libRad_v01_disort_1D_SWIA_solar_01099D_Juvvasshøe_TOA.nc:

 |------------------------|
 |     data  =  410.5     |
 |------------------------|
 |    BMAFLX =    nan     |
 |------------------------|




=================================================================================================================
    Productfile=  ./RESULTS/libRad_v01_disort_1D_SWIA_solar_01588B_Juvvasshøe_TOA.nc 
    OrbitID    =  01588B 
    Specs      =  TOA 
    Across-track index : 151
    Along-track index  : 4395
    Overpass time (UTC): 2024-09-08 00:33
=================================================================================================================
Extracted data from ./RESULTS/libRad_v01_disort_1D_SWIA_solar_01588B_Juvvasshøe_TOA.nc:

 |------------------------|
 |     data  =    nan     |
 |------------------------|
 |    BMAFLX =    nan     |
 |------------------------|




=================================================================================================================
    Productfile=  ./RESULTS/libRad_v01_disort_1D_SWIA_solar_02048D_Juvvasshøe_TOA.nc 
    OrbitID    =  02048D 
    Specs      =  TOA 
    Across-track index : 151
    Along-track index  : 758
    Overpass time (UTC): 2024-10-07 14:18
=================================================================================================================
Extracted data from ./RESULTS/libRad_v01_disort_1D_SWIA_solar_02048D_Juvvasshøe_TOA.nc:

 |------------------------|
 |     data  =  197.6     |
 |------------------------|
 |    BMAFLX =    nan     |
 |------------------------|




=================================================================================================================
    Productfile=  ./RESULTS/libRad_v01_disort_1D_SWIA_solar_02437D_Juvvasshøe_TOA.nc 
    OrbitID    =  02437D 
    Specs      =  TOA 
    Across-track index : 151
    Along-track index  : 758
    Overpass time (UTC): 2024-11-01 14:18
=================================================================================================================
Extracted data from ./RESULTS/libRad_v01_disort_1D_SWIA_solar_02437D_Juvvasshøe_TOA.nc:

 |------------------------|
 |     data  =   82.8     |
 |------------------------|
 |    BMAFLX =  110.4     |
 |------------------------|




=================================================================================================================
    Productfile=  ./RESULTS/libRad_v01_disort_1D_SWIA_solar_02755B_Juvvasshøe_TOA.nc 
    OrbitID    =  02755B 
    Specs      =  TOA 
    Across-track index : 151
    Along-track index  : 4387
    Overpass time (UTC): 2024-11-22 00:34
=================================================================================================================
Extracted data from ./RESULTS/libRad_v01_disort_1D_SWIA_solar_02755B_Juvvasshøe_TOA.nc:

 |------------------------|
 |     data  =    nan     |
 |------------------------|
 |    BMAFLX =    nan     |
 |------------------------|




=================================================================================================================
    Productfile=  ./RESULTS/libRad_v01_disort_1D_SWIA_solar_02826D_Juvvasshøe_TOA.nc 
    OrbitID    =  02826D 
    Specs      =  TOA 
    Across-track index : 151
    Along-track index  : 755
    Overpass time (UTC): 2024-11-26 14:18
=================================================================================================================
Extracted data from ./RESULTS/libRad_v01_disort_1D_SWIA_solar_02826D_Juvvasshøe_TOA.nc:

 |------------------------|
 |     data  =    nan     |
 |------------------------|
 |    BMAFLX =    nan     |
 |------------------------|




=================================================================================================================
    Productfile=  ./RESULTS/libRad_v01_disort_1D_SWIA_solar_03215D_Juvvasshøe_TOA.nc 
    OrbitID    =  03215D 
    Specs      =  TOA 
    Across-track index : 151
    Along-track index  : 757
    Overpass time (UTC): 2024-12-21 14:17
=================================================================================================================
Extracted data from ./RESULTS/libRad_v01_disort_1D_SWIA_solar_03215D_Juvvasshøe_TOA.nc:

 |------------------------|
 |     data  =    nan     |
 |------------------------|
 |    BMAFLX =    nan     |
 |------------------------|




=================================================================================================================
    Productfile=  ./RESULTS/libRad_v01_disort_1D_SWIA_solar_03533B_Juvvasshøe_TOA.nc 
    OrbitID    =  03533B 
    Specs      =  TOA 
    Across-track index : 151
    Along-track index  : 4389
    Overpass time (UTC): 2025-01-11 00:32
=================================================================================================================
Extracted data from ./RESULTS/libRad_v01_disort_1D_SWIA_solar_03533B_Juvvasshøe_TOA.nc:

 |------------------------|
 |     data  =    nan     |
 |------------------------|
 |    BMAFLX =    nan     |
 |------------------------|




=================================================================================================================
    Productfile=  ./RESULTS/libRad_v01_disort_1D_SWIA_solar_03604D_Juvvasshøe_TOA.nc 
    OrbitID    =  03604D 
    Specs      =  TOA 
    Across-track index : 151
    Along-track index  : 757
    Overpass time (UTC): 2025-01-15 14:17
=================================================================================================================
Extracted data from ./RESULTS/libRad_v01_disort_1D_SWIA_solar_03604D_Juvvasshøe_TOA.nc:

 |------------------------|
 |     data  =   11.5     |
 |------------------------|
 |    BMAFLX =    nan     |
 |------------------------|




=================================================================================================================
    Productfile=  ./RESULTS/libRad_v01_disort_1D_SWIA_solar_03993D_Juvvasshøe_TOA.nc 
    OrbitID    =  03993D 
    Specs      =  TOA 
    Across-track index : 151
    Along-track index  : 758
    Overpass time (UTC): 2025-02-09 14:17
=================================================================================================================
Extracted data from ./RESULTS/libRad_v01_disort_1D_SWIA_solar_03993D_Juvvasshøe_TOA.nc:

 |------------------------|
 |     data  =  120.7     |
 |------------------------|
 |    BMAFLX =    nan     |
 |------------------------|




=================================================================================================================
    Productfile=  ./RESULTS/libRad_v01_disort_1D_SWIA_solar_04771D_Juvvasshøe_TOA.nc 
    OrbitID    =  04771D 
    Specs      =  TOA 
    Across-track index : 151
    Along-track index  : 758
    Overpass time (UTC): 2025-03-31 14:15
=================================================================================================================
Extracted data from ./RESULTS/libRad_v01_disort_1D_SWIA_solar_04771D_Juvvasshøe_TOA.nc:

 |------------------------|
 |     data  =  405.4     |
 |------------------------|
 |    BMAFLX =  380.6     |
 |------------------------|




=================================================================================================================
    Productfile=  ./RESULTS/libRad_v01_disort_1D_SWIA_solar_05478B_Juvvasshøe_TOA.nc 
    OrbitID    =  05478B 
    Specs      =  TOA 
    Across-track index : 151
    Along-track index  : 4388
    Overpass time (UTC): 2025-05-16 00:30
=================================================================================================================
Extracted data from ./RESULTS/libRad_v01_disort_1D_SWIA_solar_05478B_Juvvasshøe_TOA.nc:

 |------------------------|
 |     data  =    nan     |
 |------------------------|
 |    BMAFLX =    nan     |
 |------------------------|




=================================================================================================================
    Productfile=  ./RESULTS/libRad_v01_disort_1D_SWIA_solar_05549D_Juvvasshøe_TOA.nc 
    OrbitID    =  05549D 
    Specs      =  TOA 
    Across-track index : 151
    Along-track index  : 758
    Overpass time (UTC): 2025-05-20 14:15
=================================================================================================================
Extracted data from ./RESULTS/libRad_v01_disort_1D_SWIA_solar_05549D_Juvvasshøe_TOA.nc:

 |------------------------|
 |     data  =  389.1     |
 |------------------------|
 |    BMAFLX =  253.9     |
 |------------------------|




=================================================================================================================
    Productfile=  ./RESULTS/libRad_v01_disort_1D_SWIA_solar_05867B_Juvvasshøe_TOA.nc 
    OrbitID    =  05867B 
    Specs      =  TOA 
    Across-track index : 151
    Along-track index  : 4389
    Overpass time (UTC): 2025-06-10 00:30
=================================================================================================================
Extracted data from ./RESULTS/libRad_v01_disort_1D_SWIA_solar_05867B_Juvvasshøe_TOA.nc:

 |------------------------|
 |     data  =    nan     |
 |------------------------|
 |    BMAFLX =    nan     |
 |------------------------|




=================================================================================================================
    Productfile=  ./RESULTS/libRad_v01_disort_1D_SWIA_solar_05938D_Juvvasshøe_TOA.nc 
    OrbitID    =  05938D 
    Specs      =  TOA 
    Across-track index : 151
    Along-track index  : 758
    Overpass time (UTC): 2025-06-14 14:15
=================================================================================================================
Extracted data from ./RESULTS/libRad_v01_disort_1D_SWIA_solar_05938D_Juvvasshøe_TOA.nc:

 |------------------------|
 |     data  =  377.6     |
 |------------------------|
 |    BMAFLX =    nan     |
 |------------------------|




=================================================================================================================
    Productfile=  ./RESULTS/libRad_v01_disort_1D_SWIA_solar_06256B_Juvvasshøe_TOA.nc 
    OrbitID    =  06256B 
    Specs      =  TOA 
    Across-track index : 151
    Along-track index  : 4390
    Overpass time (UTC): 2025-07-05 00:30
=================================================================================================================
Extracted data from ./RESULTS/libRad_v01_disort_1D_SWIA_solar_06256B_Juvvasshøe_TOA.nc:

 |------------------------|
 |     data  =    nan     |
 |------------------------|
 |    BMAFLX =    nan     |
 |------------------------|




=================================================================================================================
    Productfile=  ./RESULTS/libRad_v01_disort_1D_SWIA_solar_06327D_Juvvasshøe_TOA.nc 
    OrbitID    =  06327D 
    Specs      =  TOA 
    Across-track index : 151
    Along-track index  : 759
    Overpass time (UTC): 2025-07-09 14:14
=================================================================================================================
Extracted data from ./RESULTS/libRad_v01_disort_1D_SWIA_solar_06327D_Juvvasshøe_TOA.nc:

 |------------------------|
 |     data  =  274.7     |
 |------------------------|
 |    BMAFLX =    nan     |
 |------------------------|




=================================================================================================================
    Productfile=  ./RESULTS/libRad_v01_disort_1D_SWIA_solar_06645B_Juvvasshøe_TOA.nc 
    OrbitID    =  06645B 
    Specs      =  TOA 
    Across-track index : 151
    Along-track index  : 4390
    Overpass time (UTC): 2025-07-30 00:29
=================================================================================================================
Extracted data from ./RESULTS/libRad_v01_disort_1D_SWIA_solar_06645B_Juvvasshøe_TOA.nc:

 |------------------------|
 |     data  =    nan     |
 |------------------------|
 |    BMAFLX =    nan     |
 |------------------------|




=================================================================================================================
    Productfile=  ./RESULTS/libRad_v01_disort_1D_SWIA_solar_06716D_Juvvasshøe_TOA.nc 
    OrbitID    =  06716D 
    Specs      =  TOA 
    Across-track index : 151
    Along-track index  : 759
    Overpass time (UTC): 2025-08-03 14:14
=================================================================================================================
Extracted data from ./RESULTS/libRad_v01_disort_1D_SWIA_solar_06716D_Juvvasshøe_TOA.nc:

 |------------------------|
 |     data  =  436.6     |
 |------------------------|
 |    BMAFLX =    nan     |
 |------------------------|




=================================================================================================================
    Productfile=  ./RESULTS/libRad_v01_disort_1D_SWIA_solar_07105D_Juvvasshøe_TOA.nc 
    OrbitID    =  07105D 
    Specs      =  TOA 
    Across-track index : 151
    Along-track index  : 759
    Overpass time (UTC): 2025-08-28 14:14
=================================================================================================================
Extracted data from ./RESULTS/libRad_v01_disort_1D_SWIA_solar_07105D_Juvvasshøe_TOA.nc:

 |------------------------|
 |     data  =  363.3     |
 |------------------------|
 |    BMAFLX =  367.6     |
 |------------------------|




=================================================================================================================
    Productfile=  ./RESULTS/libRad_v01_disort_1D_SWIA_solar_07494D_Juvvasshøe_TOA.nc 
    OrbitID    =  07494D 
    Specs      =  TOA 
    Across-track index : 151
    Along-track index  : 758
    Overpass time (UTC): 2025-09-22 14:14
=================================================================================================================
Extracted data from ./RESULTS/libRad_v01_disort_1D_SWIA_solar_07494D_Juvvasshøe_TOA.nc:

 |------------------------|
 |     data  =  271.8     |
 |------------------------|
 |    BMAFLX =  250.8     |
 |------------------------|




=================================================================================================================
    Productfile=  ./RESULTS/libRad_v01_disort_1D_SWIA_solar_07883D_Juvvasshøe_TOA.nc 
    OrbitID    =  07883D 
    Specs      =  TOA 
    Across-track index : 151
    Along-track index  : 757
    Overpass time (UTC): 2025-10-17 14:15
=================================================================================================================
Extracted data from ./RESULTS/libRad_v01_disort_1D_SWIA_solar_07883D_Juvvasshøe_TOA.nc:

 |------------------------|
 |     data  =   55.6     |
 |------------------------|
 |    BMAFLX =    nan     |
 |------------------------|




=================================================================================================================
    Productfile=  ./RESULTS/libRad_v01_disort_1D_SWIA_solar_08272D_Juvvasshøe_TOA.nc 
    OrbitID    =  08272D 
    Specs      =  TOA 
    Across-track index : 151
    Along-track index  : 759
    Overpass time (UTC): 2025-11-11 14:14
=================================================================================================================
Extracted data from ./RESULTS/libRad_v01_disort_1D_SWIA_solar_08272D_Juvvasshøe_TOA.nc:

 |------------------------|
 |     data  =   46.5     |
 |------------------------|
 |    BMAFLX =   38.3     |
 |------------------------|




=================================================================================================================
    Productfile=  ./RESULTS/libRad_v01_disort_1D_SWIA_solar_08590B_Juvvasshøe_TOA.nc 
    OrbitID    =  08590B 
    Specs      =  TOA 
    Across-track index : 151
    Along-track index  : 4388
    Overpass time (UTC): 2025-12-02 00:29
=================================================================================================================
Extracted data from ./RESULTS/libRad_v01_disort_1D_SWIA_solar_08590B_Juvvasshøe_TOA.nc:

 |------------------------|
 |     data  =    nan     |
 |------------------------|
 |    BMAFLX =    nan     |
 |------------------------|


     Skipping 08661D. Do not find product BMA_FLX

     Skipping 09050D. Do not find product BMA_FLX

     Skipping 09368B. Do not find product BMA_FLX

     Skipping 09439D. Do not find product BMA_FLX



=================================================================================================================
    Productfile=  ./RESULTS/libRad_v01_disort_1D_SWIA_solar_09757B_Juvvasshøe_TOA.nc 
    OrbitID    =  09757B 
    Specs      =  TOA 
    Across-track index : 151
    Along-track index  : 4388
    Overpass time (UTC): 2026-02-15 00:30
=================================================================================================================
Extracted data from ./RESULTS/libRad_v01_disort_1D_SWIA_solar_09757B_Juvvasshøe_TOA.nc:

 |------------------------|
 |     data  =    nan     |
 |------------------------|
 |    BMAFLX =    nan     |
 |------------------------|




=================================================================================================================
    Productfile=  ./RESULTS/libRad_v01_disort_1D_SWIA_solar_09828D_Juvvasshøe_TOA.nc 
    OrbitID    =  09828D 
    Specs      =  TOA 
    Across-track index : 151
    Along-track index  : 759
    Overpass time (UTC): 2026-02-19 14:14
=================================================================================================================
Extracted data from ./RESULTS/libRad_v01_disort_1D_SWIA_solar_09828D_Juvvasshøe_TOA.nc:

 |------------------------|
 |     data  =  184.5     |
 |------------------------|
 |    BMAFLX =  209.8     |
 |------------------------|


     Skipping 10217D. Do not find product BMA_FLX

     Skipping 10606D. Do not find product BMA_FLX



=================================================================================================================
    Productfile=  ./RESULTS/libRad_v01_disort_1D_SWIA_solar_11384D_Juvvasshøe_TOA.nc 
    OrbitID    =  11384D 
    Specs      =  TOA 
    Across-track index : 151
    Along-track index  : 759
    Overpass time (UTC): 2026-05-30 14:15
=================================================================================================================
Extracted data from ./RESULTS/libRad_v01_disort_1D_SWIA_solar_11384D_Juvvasshøe_TOA.nc:

 |------------------------|
 |     data  =  530.6     |
 |------------------------|
 |    BMAFLX =  483.6     |
 |------------------------|


     Skipping 11773D. Do not find product BMA_FLX



=================================================================================================================
    Productfile=  ./RESULTS/libRad_v01_disort_1D_SWIA_solar_12162D_Juvvasshøe_TOA.nc 
    OrbitID    =  12162D 
    Specs      =  TOA 
    Across-track index : 151
    Along-track index  : 759
    Overpass time (UTC): 2026-07-19 14:16
=================================================================================================================
Extracted data from ./RESULTS/libRad_v01_disort_1D_SWIA_solar_12162D_Juvvasshøe_TOA.nc:

 |------------------------|
 |     data  =  376.0     |
 |------------------------|
 |    BMAFLX =    nan     |
 |------------------------|




=================================================================================================================
    Productfile=  ./RESULTS/libRad_v01_disort_1D_SWIA_solar_12551D_Juvvasshøe_TOA.nc 
    OrbitID    =  12551D 
    Specs      =  TOA 
    Across-track index : 151
    Along-track index  : 760
    Overpass time (UTC): 2026-08-13 14:16
=================================================================================================================
Extracted data from ./RESULTS/libRad_v01_disort_1D_SWIA_solar_12551D_Juvvasshøe_TOA.nc:

 |------------------------|
 |     data  =  411.9     |
 |------------------------|
 |    BMAFLX =  412.1     |
 |------------------------|

Run finished. It took 0.468 hours 







     18.00 km      Distance for 01199B over      Oslo      --- Across-Track Index 132
      3.00 km      Distance for 01301D over      Oslo      --- Across-Track Index 153
      8.00 km      Distance for 01339B over      Oslo      --- Across-Track Index 142
      6.00 km      Distance for 01690D over      Oslo      --- Across-Track Index 144
      1.00 km      Distance for 01728B over      Oslo      --- Across-Track Index 151
     27.00 km      Distance for 02468D over      Oslo      --- Across-Track Index 123
     11.00 km      Distance for 02506B over      Oslo      --- Across-Track Index 161
     17.00 km      Distance for 02895B over      Oslo      --- Across-Track Index 167
     27.00 km      Distance for 03246D over      Oslo      --- Across-Track Index 123
     15.00 km      Distance for 03284B over      Oslo      --- Across-Track Index 165
     23.00 km      Distance for 03386D over      Oslo      --- Across-Track Index 173
     28.00 km      Distance for 03635D over      Oslo      --- Across-Track Index 122
     13.00 km      Distance for 03673B over      Oslo      --- Across-Track Index 163
     22.00 km      Distance for 03775D over      Oslo      --- Across-Track Index 172
     28.00 km      Distance for 04024D over      Oslo      --- Across-Track Index 122
     17.00 km      Distance for 04062B over      Oslo      --- Across-Track Index 167
     23.00 km      Distance for 04164D over      Oslo      --- Across-Track Index 173
     14.00 km      Distance for 04840B over      Oslo      --- Across-Track Index 164
     22.00 km      Distance for 06358D over      Oslo      --- Across-Track Index 128
     19.00 km      Distance for 06747D over      Oslo      --- Across-Track Index 131
     22.00 km      Distance for 07136D over      Oslo      --- Across-Track Index 128
     23.00 km      Distance for 07525D over      Oslo      --- Across-Track Index 127
     30.00 km      Distance for 07914D over      Oslo      --- Across-Track Index 120
     23.00 km      Distance for 08303D over      Oslo      --- Across-Track Index 127
     24.00 km      Distance for 09859D over      Oslo      --- Across-Track Index 126
     20.00 km      Distance for 11415D over      Oslo      --- Across-Track Index 130
     31.00 km      Distance for 11982B over      Oslo      --- Across-Track Index 119
     21.00 km      Distance for 12193D over      Oslo      --- Across-Track Index 129
     28.00 km      Distance for 00912C over    Karasjok    --- Across-Track Index 122
     16.00 km      Distance for 01027C over    Karasjok    --- Across-Track Index 134
     31.00 km      Distance for 01083C over    Karasjok    --- Across-Track Index 119
     18.00 km      Distance for 01254C over    Karasjok    --- Across-Track Index 168
      2.00 km      Distance for 01587C over    Karasjok    --- Across-Track Index 148
      3.00 km      Distance for 01643C over    Karasjok    --- Across-Track Index 153
     32.00 km      Distance for 01727C over    Karasjok    --- Across-Track Index 118
     25.00 km      Distance for 02505C over    Karasjok    --- Across-Track Index 125
     19.00 km      Distance for 02561C over    Karasjok    --- Across-Track Index 169
     19.00 km      Distance for 02754C over    Karasjok    --- Across-Track Index 169
     21.00 km      Distance for 02810C over    Karasjok    --- Across-Track Index 129
     20.00 km      Distance for 02894C over    Karasjok    --- Across-Track Index 130
     16.00 km      Distance for 03199C over    Karasjok    --- Across-Track Index 134
     22.00 km      Distance for 03283C over    Karasjok    --- Across-Track Index 128
     11.00 km      Distance for 03532C over    Karasjok    --- Across-Track Index 161
     14.00 km      Distance for 03588C over    Karasjok    --- Across-Track Index 136
     23.00 km      Distance for 03672C over    Karasjok    --- Across-Track Index 127
     20.00 km      Distance for 03728C over    Karasjok    --- Across-Track Index 170
      6.00 km      Distance for 03921C over    Karasjok    --- Across-Track Index 156
     15.00 km      Distance for 03977C over    Karasjok    --- Across-Track Index 135
     21.00 km      Distance for 04061C over    Karasjok    --- Across-Track Index 129
     19.00 km      Distance for 04117C over    Karasjok    --- Across-Track Index 169
     13.00 km      Distance for 06255C over    Karasjok    --- Across-Track Index 163
     10.00 km      Distance for 06311C over    Karasjok    --- Across-Track Index 140
     10.00 km      Distance for 06644C over    Karasjok    --- Across-Track Index 160
     10.00 km      Distance for 06700C over    Karasjok    --- Across-Track Index 140
     10.00 km      Distance for 07089C over    Karasjok    --- Across-Track Index 140
     12.00 km      Distance for 07478C over    Karasjok    --- Across-Track Index 138
     40.00 km      Distance for 07727C over    Karasjok    --- Across-Track Index 110
     16.00 km      Distance for 07867C over    Karasjok    --- Across-Track Index 134
     10.00 km      Distance for 08256C over    Karasjok    --- Across-Track Index 140
     12.00 km      Distance for 08645C over    Karasjok    --- Across-Track Index 138
     10.00 km      Distance for 09812C over    Karasjok    --- Across-Track Index 140
      8.00 km      Distance for 11368C over    Karasjok    --- Across-Track Index 142
      9.00 km      Distance for 11757C over    Karasjok    --- Across-Track Index 141
      8.00 km      Distance for 12146C over    Karasjok    --- Across-Track Index 142
      3.00 km      Distance for 01214C over    Gratangen   --- Across-Track Index 153
      8.00 km      Distance for 01301C over    Gratangen   --- Across-Track Index 158
      5.00 km      Distance for 01354C over    Gratangen   --- Across-Track Index 155
     24.00 km      Distance for 01494C over    Gratangen   --- Across-Track Index 126
      2.00 km      Distance for 01690C over    Gratangen   --- Across-Track Index 152
     12.00 km      Distance for 01743C over    Gratangen   --- Across-Track Index 162
     16.00 km      Distance for 01883C over    Gratangen   --- Across-Track Index 134
     12.00 km      Distance for 02468C over    Gratangen   --- Across-Track Index 138
     18.00 km      Distance for 02521C over    Gratangen   --- Across-Track Index 168
     13.00 km      Distance for 02661C over    Gratangen   --- Across-Track Index 137
     20.00 km      Distance for 02910C over    Gratangen   --- Across-Track Index 170
     19.00 km      Distance for 03050C over    Gratangen   --- Across-Track Index 131
     13.00 km      Distance for 03246C over    Gratangen   --- Across-Track Index 137
     21.00 km      Distance for 03299C over    Gratangen   --- Across-Track Index 171
     17.00 km      Distance for 03439C over    Gratangen   --- Across-Track Index 133
     13.00 km      Distance for 03635C over    Gratangen   --- Across-Track Index 137
     22.00 km      Distance for 03775C over    Gratangen   --- Across-Track Index 172
     16.00 km      Distance for 03828C over    Gratangen   --- Across-Track Index 134
     13.00 km      Distance for 04024C over    Gratangen   --- Across-Track Index 137
     22.00 km      Distance for 04077C over    Gratangen   --- Across-Track Index 172
     22.00 km      Distance for 04164C over    Gratangen   --- Across-Track Index 172
     16.00 km      Distance for 04217C over    Gratangen   --- Across-Track Index 134
      8.00 km      Distance for 06358C over    Gratangen   --- Across-Track Index 142
      7.00 km      Distance for 06747C over    Gratangen   --- Across-Track Index 143
      8.00 km      Distance for 07136C over    Gratangen   --- Across-Track Index 142
     14.00 km      Distance for 07329C over    Gratangen   --- Across-Track Index 136
      9.00 km      Distance for 07525C over    Gratangen   --- Across-Track Index 141
     14.00 km      Distance for 07914C over    Gratangen   --- Across-Track Index 136
      8.00 km      Distance for 08303C over    Gratangen   --- Across-Track Index 142
      9.00 km      Distance for 09859C over    Gratangen   --- Across-Track Index 141
      5.00 km      Distance for 11415C over    Gratangen   --- Across-Track Index 145
      6.00 km      Distance for 12193C over    Gratangen   --- Across-Track Index 144
     29.00 km      Distance for 01028B over   Beitostølen  --- Across-Track Index 121
      3.00 km      Distance for 01270D over   Beitostølen  --- Across-Track Index 153
     22.00 km      Distance for 01410D over   Beitostølen  --- Across-Track Index 172
     11.00 km      Distance for 01588B over   Beitostølen  --- Across-Track Index 139
     10.00 km      Distance for 01659D over   Beitostølen  --- Across-Track Index 140
     11.00 km      Distance for 02577D over   Beitostølen  --- Across-Track Index 161
     19.00 km      Distance for 02755B over   Beitostølen  --- Across-Track Index 169
     15.00 km      Distance for 02966D over   Beitostølen  --- Across-Track Index 165
      8.00 km      Distance for 03533B over   Beitostølen  --- Across-Track Index 158
     11.00 km      Distance for 03744D over   Beitostølen  --- Across-Track Index 161
     13.00 km      Distance for 04133D over   Beitostølen  --- Across-Track Index 163
     10.00 km      Distance for 04522D over   Beitostølen  --- Across-Track Index 160
     32.00 km      Distance for 04771D over   Beitostølen  --- Across-Track Index 118
      9.00 km      Distance for 06256B over   Beitostølen  --- Across-Track Index 159
     31.00 km      Distance for 06327D over   Beitostølen  --- Across-Track Index 119
     15.00 km      Distance for 06467D over   Beitostølen  --- Across-Track Index 165
      5.00 km      Distance for 06645B over   Beitostølen  --- Across-Track Index 155
     31.00 km      Distance for 06716D over   Beitostølen  --- Across-Track Index 119
     18.00 km      Distance for 06856D over   Beitostølen  --- Across-Track Index 168
     32.00 km      Distance for 07105D over   Beitostølen  --- Across-Track Index 118
     16.00 km      Distance for 07245D over   Beitostølen  --- Across-Track Index 166
     34.00 km      Distance for 07494D over   Beitostølen  --- Across-Track Index 116
     16.00 km      Distance for 07634D over   Beitostølen  --- Across-Track Index 166
     31.00 km      Distance for 08272D over   Beitostølen  --- Across-Track Index 119
     15.00 km      Distance for 09190D over   Beitostølen  --- Across-Track Index 165
     33.00 km      Distance for 09828D over   Beitostølen  --- Across-Track Index 117
     13.00 km      Distance for 10746D over   Beitostølen  --- Across-Track Index 163
     31.00 km      Distance for 11384D over   Beitostølen  --- Across-Track Index 119
     31.00 km      Distance for 12162D over   Beitostølen  --- Across-Track Index 119
      1.00 km      Distance for 00959D over     Værnes     --- Across-Track Index 149
     25.00 km      Distance for 01270D over     Værnes     --- Across-Track Index 125
     20.00 km      Distance for 01370B over     Værnes     --- Across-Track Index 130
      7.00 km      Distance for 01410D over     Værnes     --- Across-Track Index 143
     18.00 km      Distance for 01619B over     Værnes     --- Across-Track Index 168
     12.00 km      Distance for 01759B over     Værnes     --- Across-Track Index 138
     17.00 km      Distance for 01939D over     Værnes     --- Across-Track Index 167
      5.00 km      Distance for 02537B over     Værnes     --- Across-Track Index 145
     17.00 km      Distance for 02577D over     Værnes     --- Across-Track Index 133
     17.00 km      Distance for 02717D over     Værnes     --- Across-Track Index 167
      6.00 km      Distance for 02926B over     Værnes     --- Across-Track Index 144
     13.00 km      Distance for 02966D over     Værnes     --- Across-Track Index 137
      2.00 km      Distance for 03315B over     Værnes     --- Across-Track Index 148
     17.00 km      Distance for 03744D over     Værnes     --- Across-Track Index 133
      3.00 km      Distance for 04093B over     Værnes     --- Across-Track Index 147
     15.00 km      Distance for 04133D over     Værnes     --- Across-Track Index 135
     18.00 km      Distance for 04522D over     Værnes     --- Across-Track Index 132
     13.00 km      Distance for 06467D over     Værnes     --- Across-Track Index 137
     11.00 km      Distance for 06856D over     Værnes     --- Across-Track Index 139
     12.00 km      Distance for 07245D over     Værnes     --- Across-Track Index 138
     12.00 km      Distance for 07634D over     Værnes     --- Across-Track Index 138
     13.00 km      Distance for 09190D over     Værnes     --- Across-Track Index 137
     14.00 km      Distance for 10746D over     Værnes     --- Across-Track Index 136
     19.00 km      Distance for 01028B over     Østerås    --- Across-Track Index 169
     24.00 km      Distance for 01199B over     Østerås    --- Across-Track Index 126
     10.00 km      Distance for 01301D over     Østerås    --- Across-Track Index 160
     14.00 km      Distance for 01339B over     Østerås    --- Across-Track Index 136
      1.00 km      Distance for 01690D over     Østerås    --- Across-Track Index 151
      5.00 km      Distance for 01728B over     Østerås    --- Across-Track Index 145
     20.00 km      Distance for 02468D over     Østerås    --- Across-Track Index 130
      5.00 km      Distance for 02506B over     Østerås    --- Across-Track Index 155
     11.00 km      Distance for 02895B over     Østerås    --- Across-Track Index 161
     21.00 km      Distance for 03246D over     Østerås    --- Across-Track Index 129
      8.00 km      Distance for 03284B over     Østerås    --- Across-Track Index 158
     21.00 km      Distance for 03635D over     Østerås    --- Across-Track Index 129
      6.00 km      Distance for 03673B over     Østerås    --- Across-Track Index 156
     21.00 km      Distance for 04024D over     Østerås    --- Across-Track Index 129
     11.00 km      Distance for 04062B over     Østerås    --- Across-Track Index 161
      7.00 km      Distance for 04840B over     Østerås    --- Across-Track Index 157
     16.00 km      Distance for 06358D over     Østerås    --- Across-Track Index 134
     13.00 km      Distance for 06747D over     Østerås    --- Across-Track Index 137
     16.00 km      Distance for 07136D over     Østerås    --- Across-Track Index 134
     17.00 km      Distance for 07525D over     Østerås    --- Across-Track Index 133
     24.00 km      Distance for 07914D over     Østerås    --- Across-Track Index 126
     17.00 km      Distance for 08303D over     Østerås    --- Across-Track Index 133
     17.00 km      Distance for 09859D over     Østerås    --- Across-Track Index 133
     13.00 km      Distance for 11415D over     Østerås    --- Across-Track Index 137
     15.00 km      Distance for 12193D over     Østerås    --- Across-Track Index 135
     23.00 km      Distance for 00959D over    Trondheim   --- Across-Track Index 173
      9.00 km      Distance for 01059B over    Trondheim   --- Across-Track Index 159
      1.00 km      Distance for 01270D over    Trondheim   --- Across-Track Index 149
     16.00 km      Distance for 01410D over    Trondheim   --- Across-Track Index 166
      8.00 km      Distance for 01619B over    Trondheim   --- Across-Track Index 142
     13.00 km      Distance for 01659D over    Trondheim   --- Across-Track Index 137
     31.00 km      Distance for 02537B over    Trondheim   --- Across-Track Index 119
      7.00 km      Distance for 02577D over    Trondheim   --- Across-Track Index 157
     23.00 km      Distance for 02786B over    Trondheim   --- Across-Track Index 173
     33.00 km      Distance for 02926B over    Trondheim   --- Across-Track Index 117
     10.00 km      Distance for 02966D over    Trondheim   --- Across-Track Index 160
     28.00 km      Distance for 03315B over    Trondheim   --- Across-Track Index 122
     13.00 km      Distance for 03564B over    Trondheim   --- Across-Track Index 163
      6.00 km      Distance for 03744D over    Trondheim   --- Across-Track Index 156
     11.00 km      Distance for 03953B over    Trondheim   --- Across-Track Index 161
     29.00 km      Distance for 04093B over    Trondheim   --- Across-Track Index 121
      8.00 km      Distance for 04133D over    Trondheim   --- Across-Track Index 158
      6.00 km      Distance for 04522D over    Trondheim   --- Across-Track Index 156
     34.00 km      Distance for 04771D over    Trondheim   --- Across-Track Index 116
     32.00 km      Distance for 06327D over    Trondheim   --- Across-Track Index 118
     11.00 km      Distance for 06467D over    Trondheim   --- Across-Track Index 161
     32.00 km      Distance for 06716D over    Trondheim   --- Across-Track Index 118
     13.00 km      Distance for 06856D over    Trondheim   --- Across-Track Index 163
     33.00 km      Distance for 07105D over    Trondheim   --- Across-Track Index 117
     11.00 km      Distance for 07245D over    Trondheim   --- Across-Track Index 161
     17.00 km      Distance for 07454B over    Trondheim   --- Across-Track Index 167
     12.00 km      Distance for 07634D over    Trondheim   --- Across-Track Index 162
     32.00 km      Distance for 08272D over    Trondheim   --- Across-Track Index 118
     17.00 km      Distance for 08621B over    Trondheim   --- Across-Track Index 167
     11.00 km      Distance for 09190D over    Trondheim   --- Across-Track Index 161
     34.00 km      Distance for 09828D over    Trondheim   --- Across-Track Index 116
      9.00 km      Distance for 10746D over    Trondheim   --- Across-Track Index 159
     17.00 km      Distance for 11344B over    Trondheim   --- Across-Track Index 167
     32.00 km      Distance for 11384D over    Trondheim   --- Across-Track Index 118
     32.00 km      Distance for 12162D over    Trondheim   --- Across-Track Index 118
     21.00 km      Distance for 00934C over     Tromsø     --- Across-Track Index 129
     23.00 km      Distance for 01105C over     Tromsø     --- Across-Track Index 127
      0.00 km      Distance for 01161C over     Tromsø     --- Across-Track Index 150
     12.00 km      Distance for 01245C over     Tromsø     --- Across-Track Index 162
     17.00 km      Distance for 01301C over     Tromsø     --- Across-Track Index 133
      5.00 km      Distance for 01385C over     Tromsø     --- Across-Track Index 155
     28.00 km      Distance for 01525C over     Tromsø     --- Across-Track Index 122
     23.00 km      Distance for 01690C over     Tromsø     --- Across-Track Index 127
     11.00 km      Distance for 01774C over     Tromsø     --- Across-Track Index 161
      0.00 km      Distance for 01830C over     Tromsø     --- Across-Track Index 150
     13.00 km      Distance for 01914C over     Tromsø     --- Across-Track Index 137
     37.00 km      Distance for 02468C over     Tromsø     --- Across-Track Index 113
     16.00 km      Distance for 02552C over     Tromsø     --- Across-Track Index 166
      0.00 km      Distance for 02608C over     Tromsø     --- Across-Track Index 150
     12.00 km      Distance for 02692C over     Tromsø     --- Across-Track Index 138
     13.00 km      Distance for 02941C over     Tromsø     --- Across-Track Index 163
      1.00 km      Distance for 02997C over     Tromsø     --- Across-Track Index 149
     18.00 km      Distance for 03081C over     Tromsø     --- Across-Track Index 132
     37.00 km      Distance for 03246C over     Tromsø     --- Across-Track Index 113
      4.00 km      Distance for 03386C over     Tromsø     --- Across-Track Index 146
     20.00 km      Distance for 03470C over     Tromsø     --- Across-Track Index 130
     37.00 km      Distance for 03635C over     Tromsø     --- Across-Track Index 113
     14.00 km      Distance for 03719C over     Tromsø     --- Across-Track Index 164
      4.00 km      Distance for 03775C over     Tromsø     --- Across-Track Index 146
     18.00 km      Distance for 03859C over     Tromsø     --- Across-Track Index 132
     37.00 km      Distance for 04024C over     Tromsø     --- Across-Track Index 113
     17.00 km      Distance for 04108C over     Tromsø     --- Across-Track Index 167
      4.00 km      Distance for 04164C over     Tromsø     --- Across-Track Index 146
     20.00 km      Distance for 04248C over     Tromsø     --- Across-Track Index 130
      2.00 km      Distance for 04942C over     Tromsø     --- Across-Track Index 148
     33.00 km      Distance for 06358C over     Tromsø     --- Across-Track Index 117
      0.00 km      Distance for 06498C over     Tromsø     --- Across-Track Index 150
     31.00 km      Distance for 06747C over     Tromsø     --- Across-Track Index 119
      1.00 km      Distance for 06887C over     Tromsø     --- Across-Track Index 151
     32.00 km      Distance for 07136C over     Tromsø     --- Across-Track Index 118
      1.00 km      Distance for 07276C over     Tromsø     --- Across-Track Index 151
     33.00 km      Distance for 07525C over     Tromsø     --- Across-Track Index 117
      1.00 km      Distance for 07665C over     Tromsø     --- Across-Track Index 151
     38.00 km      Distance for 07914C over     Tromsø     --- Across-Track Index 112
     33.00 km      Distance for 08303C over     Tromsø     --- Across-Track Index 117
     17.00 km      Distance for 08387C over     Tromsø     --- Across-Track Index 167
      0.00 km      Distance for 09221C over     Tromsø     --- Across-Track Index 150
     33.00 km      Distance for 09859C over     Tromsø     --- Across-Track Index 117
      1.00 km      Distance for 10777C over     Tromsø     --- Across-Track Index 151
     30.00 km      Distance for 11415C over     Tromsø     --- Across-Track Index 120
     31.00 km      Distance for 12193C over     Tromsø     --- Across-Track Index 119
     26.00 km      Distance for 00966B over     Bergen     --- Across-Track Index 124
     30.00 km      Distance for 01068D over     Bergen     --- Across-Track Index 120
      5.00 km      Distance for 01277B over     Bergen     --- Across-Track Index 145
      1.00 km      Distance for 01628D over     Bergen     --- Across-Track Index 151
      7.00 km      Distance for 01666B over     Bergen     --- Across-Track Index 157
     33.00 km      Distance for 02795D over     Bergen     --- Across-Track Index 117
     18.00 km      Distance for 02973B over     Bergen     --- Across-Track Index 132
     24.00 km      Distance for 03184D over     Bergen     --- Across-Track Index 126
     10.00 km      Distance for 03362B over     Bergen     --- Across-Track Index 140
     22.00 km      Distance for 03573D over     Bergen     --- Across-Track Index 128
     13.00 km      Distance for 03751B over     Bergen     --- Across-Track Index 137
     21.00 km      Distance for 03962D over     Bergen     --- Across-Track Index 129
     15.00 km      Distance for 04140B over     Bergen     --- Across-Track Index 135
     18.00 km      Distance for 04740D over     Bergen     --- Across-Track Index 132
     17.00 km      Distance for 06296D over     Bergen     --- Across-Track Index 133
     16.00 km      Distance for 06685D over     Bergen     --- Across-Track Index 134
     16.00 km      Distance for 07074D over     Bergen     --- Across-Track Index 134
     21.00 km      Distance for 07463D over     Bergen     --- Across-Track Index 129
     24.00 km      Distance for 07852D over     Bergen     --- Across-Track Index 126
     19.00 km      Distance for 08241D over     Bergen     --- Across-Track Index 131
     20.00 km      Distance for 08630D over     Bergen     --- Across-Track Index 130
     17.00 km      Distance for 09797D over     Bergen     --- Across-Track Index 133
     16.00 km      Distance for 11353D over     Bergen     --- Across-Track Index 134
     17.00 km      Distance for 11742D over     Bergen     --- Across-Track Index 133
     13.00 km      Distance for 01011C over      Hopen     --- Across-Track Index 163
     33.00 km      Distance for 01042C over      Hopen     --- Across-Track Index 117
     22.00 km      Distance for 01068C over      Hopen     --- Across-Track Index 128
      1.00 km      Distance for 01182C over      Hopen     --- Across-Track Index 149
      5.00 km      Distance for 01239C over      Hopen     --- Across-Track Index 155
      8.00 km      Distance for 01379C over      Hopen     --- Across-Track Index 158
      8.00 km      Distance for 01462C over      Hopen     --- Across-Track Index 142
     35.00 km      Distance for 01488C over      Hopen     --- Across-Track Index 115
     33.00 km      Distance for 01602C over      Hopen     --- Across-Track Index 117
      8.00 km      Distance for 01628C over      Hopen     --- Across-Track Index 142
     10.00 km      Distance for 01711C over      Hopen     --- Across-Track Index 160
      5.00 km      Distance for 01768C over      Hopen     --- Across-Track Index 155
      7.00 km      Distance for 01851C over      Hopen     --- Across-Track Index 143
     38.00 km      Distance for 01877C over      Hopen     --- Across-Track Index 112
     20.00 km      Distance for 01908C over      Hopen     --- Across-Track Index 170
     16.00 km      Distance for 02489C over      Hopen     --- Across-Track Index 166
      2.00 km      Distance for 02546C over      Hopen     --- Across-Track Index 152
      5.00 km      Distance for 02629C over      Hopen     --- Across-Track Index 145
     39.00 km      Distance for 02655C over      Hopen     --- Across-Track Index 111
     20.00 km      Distance for 02686C over      Hopen     --- Across-Track Index 170
     19.00 km      Distance for 02769C over      Hopen     --- Across-Track Index 131
     22.00 km      Distance for 02795C over      Hopen     --- Across-Track Index 128
     19.00 km      Distance for 02878C over      Hopen     --- Across-Track Index 169
      4.00 km      Distance for 02935C over      Hopen     --- Across-Track Index 154
      5.00 km      Distance for 03018C over      Hopen     --- Across-Track Index 145
     36.00 km      Distance for 03044C over      Hopen     --- Across-Track Index 114
     24.00 km      Distance for 03075C over      Hopen     --- Across-Track Index 174
     18.00 km      Distance for 03184C over      Hopen     --- Across-Track Index 132
     16.00 km      Distance for 03267C over      Hopen     --- Across-Track Index 166
      5.00 km      Distance for 03407C over      Hopen     --- Across-Track Index 145
     37.00 km      Distance for 03433C over      Hopen     --- Across-Track Index 113
     24.00 km      Distance for 03464C over      Hopen     --- Across-Track Index 174
     23.00 km      Distance for 03547C over      Hopen     --- Across-Track Index 127
     17.00 km      Distance for 03573C over      Hopen     --- Across-Track Index 133
     17.00 km      Distance for 03656C over      Hopen     --- Across-Track Index 167
      4.00 km      Distance for 03796C over      Hopen     --- Across-Track Index 146
     37.00 km      Distance for 03822C over      Hopen     --- Across-Track Index 113
     24.00 km      Distance for 03853C over      Hopen     --- Across-Track Index 174
     25.00 km      Distance for 03936C over      Hopen     --- Across-Track Index 125
     17.00 km      Distance for 03962C over      Hopen     --- Across-Track Index 133
     18.00 km      Distance for 04045C over      Hopen     --- Across-Track Index 168
      2.00 km      Distance for 04102C over      Hopen     --- Across-Track Index 152
      3.00 km      Distance for 04185C over      Hopen     --- Across-Track Index 147
     37.00 km      Distance for 04211C over      Hopen     --- Across-Track Index 113
     25.00 km      Distance for 04242C over      Hopen     --- Across-Track Index 175
      5.00 km      Distance for 04880C over      Hopen     --- Across-Track Index 155
     22.00 km      Distance for 06270C over      Hopen     --- Across-Track Index 128
     14.00 km      Distance for 06296C over      Hopen     --- Across-Track Index 136
      7.00 km      Distance for 06436C over      Hopen     --- Across-Track Index 157
     34.00 km      Distance for 06545C over      Hopen     --- Across-Track Index 116
     14.00 km      Distance for 06685C over      Hopen     --- Across-Track Index 136
      7.00 km      Distance for 06825C over      Hopen     --- Across-Track Index 157
     34.00 km      Distance for 06934C over      Hopen     --- Across-Track Index 116
     13.00 km      Distance for 07074C over      Hopen     --- Across-Track Index 137
      7.00 km      Distance for 07214C over      Hopen     --- Across-Track Index 157
     34.00 km      Distance for 07323C over      Hopen     --- Across-Track Index 116
     26.00 km      Distance for 07354C over      Hopen     --- Across-Track Index 176
     15.00 km      Distance for 07463C over      Hopen     --- Across-Track Index 135
      7.00 km      Distance for 07603C over      Hopen     --- Across-Track Index 157
     16.00 km      Distance for 07852C over      Hopen     --- Across-Track Index 134
     35.00 km      Distance for 08101C over      Hopen     --- Across-Track Index 115
     26.00 km      Distance for 08132C over      Hopen     --- Across-Track Index 176
     14.00 km      Distance for 08241C over      Hopen     --- Across-Track Index 136
      8.00 km      Distance for 08381C over      Hopen     --- Across-Track Index 158
     14.00 km      Distance for 08630C over      Hopen     --- Across-Track Index 136
     35.00 km      Distance for 08879C over      Hopen     --- Across-Track Index 115
     26.00 km      Distance for 09299C over      Hopen     --- Across-Track Index 176
      8.00 km      Distance for 09548C over      Hopen     --- Across-Track Index 158
     13.00 km      Distance for 09797C over      Hopen     --- Across-Track Index 137
     33.00 km      Distance for 10435C over      Hopen     --- Across-Track Index 117
     11.00 km      Distance for 11353C over      Hopen     --- Across-Track Index 139
     12.00 km      Distance for 11742C over      Hopen     --- Across-Track Index 138
     31.00 km      Distance for 11991C over      Hopen     --- Across-Track Index 119
     21.00 km      Distance for 01068D over    Brusdalen   --- Across-Track Index 129
     11.00 km      Distance for 01308B over    Brusdalen   --- Across-Track Index 139
      8.00 km      Distance for 01628D over    Brusdalen   --- Across-Track Index 158
      3.00 km      Distance for 01697B over    Brusdalen   --- Across-Track Index 147
     16.00 km      Distance for 02475B over    Brusdalen   --- Across-Track Index 166
     24.00 km      Distance for 02795D over    Brusdalen   --- Across-Track Index 126
     15.00 km      Distance for 03184D over    Brusdalen   --- Across-Track Index 135
     16.00 km      Distance for 03253B over    Brusdalen   --- Across-Track Index 166
     13.00 km      Distance for 03573D over    Brusdalen   --- Across-Track Index 137
     17.00 km      Distance for 03642B over    Brusdalen   --- Across-Track Index 167
     29.00 km      Distance for 03782B over    Brusdalen   --- Across-Track Index 121
     12.00 km      Distance for 03962D over    Brusdalen   --- Across-Track Index 138
     18.00 km      Distance for 04031B over    Brusdalen   --- Across-Track Index 168
     29.00 km      Distance for 04171B over    Brusdalen   --- Across-Track Index 121
     10.00 km      Distance for 04740D over    Brusdalen   --- Across-Track Index 140
      9.00 km      Distance for 06296D over    Brusdalen   --- Across-Track Index 141
      8.00 km      Distance for 06685D over    Brusdalen   --- Across-Track Index 142
     14.00 km      Distance for 06754B over    Brusdalen   --- Across-Track Index 164
      7.00 km      Distance for 07074D over    Brusdalen   --- Across-Track Index 143
     12.00 km      Distance for 07463D over    Brusdalen   --- Across-Track Index 138
     15.00 km      Distance for 07852D over    Brusdalen   --- Across-Track Index 135
     10.00 km      Distance for 08241D over    Brusdalen   --- Across-Track Index 140
     11.00 km      Distance for 08630D over    Brusdalen   --- Across-Track Index 139
      8.00 km      Distance for 09797D over    Brusdalen   --- Across-Track Index 142
      7.00 km      Distance for 11353D over    Brusdalen   --- Across-Track Index 143
      8.00 km      Distance for 11742D over    Brusdalen   --- Across-Track Index 142
     24.00 km      Distance for 01069C over    Jan-Mayen   --- Across-Track Index 126
      4.00 km      Distance for 01215C over    Jan-Mayen   --- Across-Track Index 146
     16.00 km      Distance for 01240C over    Jan-Mayen   --- Across-Track Index 166
      2.00 km      Distance for 01355C over    Jan-Mayen   --- Across-Track Index 148
     28.00 km      Distance for 01495C over    Jan-Mayen   --- Across-Track Index 122
      4.00 km      Distance for 01629C over    Jan-Mayen   --- Across-Track Index 146
      3.00 km      Distance for 01744C over    Jan-Mayen   --- Across-Track Index 153
     16.00 km      Distance for 01769C over    Jan-Mayen   --- Across-Track Index 166
     21.00 km      Distance for 01884C over    Jan-Mayen   --- Across-Track Index 129
      9.00 km      Distance for 02522C over    Jan-Mayen   --- Across-Track Index 159
     12.00 km      Distance for 02547C over    Jan-Mayen   --- Across-Track Index 162
     19.00 km      Distance for 02662C over    Jan-Mayen   --- Across-Track Index 131
     26.00 km      Distance for 02796C over    Jan-Mayen   --- Across-Track Index 124
     11.00 km      Distance for 02911C over    Jan-Mayen   --- Across-Track Index 161
     15.00 km      Distance for 02936C over    Jan-Mayen   --- Across-Track Index 165
     24.00 km      Distance for 03051C over    Jan-Mayen   --- Across-Track Index 126
     19.00 km      Distance for 03185C over    Jan-Mayen   --- Across-Track Index 131
     12.00 km      Distance for 03300C over    Jan-Mayen   --- Across-Track Index 162
     22.00 km      Distance for 03440C over    Jan-Mayen   --- Across-Track Index 128
     18.00 km      Distance for 03574C over    Jan-Mayen   --- Across-Track Index 132
     21.00 km      Distance for 03829C over    Jan-Mayen   --- Across-Track Index 129
     18.00 km      Distance for 03963C over    Jan-Mayen   --- Across-Track Index 132
     12.00 km      Distance for 04078C over    Jan-Mayen   --- Across-Track Index 162
     12.00 km      Distance for 04103C over    Jan-Mayen   --- Across-Track Index 162
     21.00 km      Distance for 04218C over    Jan-Mayen   --- Across-Track Index 129
     14.00 km      Distance for 06297C over    Jan-Mayen   --- Across-Track Index 136
     10.00 km      Distance for 06412C over    Jan-Mayen   --- Across-Track Index 160
     17.00 km      Distance for 06437C over    Jan-Mayen   --- Across-Track Index 167
     21.00 km      Distance for 06552C over    Jan-Mayen   --- Across-Track Index 129
     14.00 km      Distance for 06686C over    Jan-Mayen   --- Across-Track Index 136
     11.00 km      Distance for 06801C over    Jan-Mayen   --- Across-Track Index 161
     17.00 km      Distance for 06826C over    Jan-Mayen   --- Across-Track Index 167
     20.00 km      Distance for 06941C over    Jan-Mayen   --- Across-Track Index 130
     13.00 km      Distance for 07075C over    Jan-Mayen   --- Across-Track Index 137
      9.00 km      Distance for 07190C over    Jan-Mayen   --- Across-Track Index 159
     18.00 km      Distance for 07215C over    Jan-Mayen   --- Across-Track Index 168
     19.00 km      Distance for 07330C over    Jan-Mayen   --- Across-Track Index 131
     16.00 km      Distance for 07464C over    Jan-Mayen   --- Across-Track Index 134
     13.00 km      Distance for 07579C over    Jan-Mayen   --- Across-Track Index 163
     17.00 km      Distance for 07604C over    Jan-Mayen   --- Across-Track Index 167
     22.00 km      Distance for 07719C over    Jan-Mayen   --- Across-Track Index 128
     18.00 km      Distance for 07853C over    Jan-Mayen   --- Across-Track Index 132
     16.00 km      Distance for 08108C over    Jan-Mayen   --- Across-Track Index 134
     15.00 km      Distance for 08242C over    Jan-Mayen   --- Across-Track Index 135
     13.00 km      Distance for 08357C over    Jan-Mayen   --- Across-Track Index 163
     19.00 km      Distance for 08382C over    Jan-Mayen   --- Across-Track Index 169
     16.00 km      Distance for 08631C over    Jan-Mayen   --- Across-Track Index 134
     16.00 km      Distance for 08886C over    Jan-Mayen   --- Across-Track Index 134
     11.00 km      Distance for 09524C over    Jan-Mayen   --- Across-Track Index 161
     19.00 km      Distance for 09549C over    Jan-Mayen   --- Across-Track Index 169
     14.00 km      Distance for 09798C over    Jan-Mayen   --- Across-Track Index 136
     16.00 km      Distance for 10442C over    Jan-Mayen   --- Across-Track Index 134
     12.00 km      Distance for 11354C over    Jan-Mayen   --- Across-Track Index 138
     13.00 km      Distance for 11743C over    Jan-Mayen   --- Across-Track Index 137
     15.00 km      Distance for 11998C over    Jan-Mayen   --- Across-Track Index 135
     34.00 km      Distance for 00966B over    Flesland    --- Across-Track Index 116
     27.00 km      Distance for 01068D over    Flesland    --- Across-Track Index 123
     13.00 km      Distance for 01277B over    Flesland    --- Across-Track Index 137
      4.00 km      Distance for 01628D over    Flesland    --- Across-Track Index 154
      1.00 km      Distance for 01666B over    Flesland    --- Across-Track Index 149
     31.00 km      Distance for 02795D over    Flesland    --- Across-Track Index 119
     27.00 km      Distance for 02973B over    Flesland    --- Across-Track Index 123
     21.00 km      Distance for 03184D over    Flesland    --- Across-Track Index 129
     19.00 km      Distance for 03362B over    Flesland    --- Across-Track Index 131
     19.00 km      Distance for 03573D over    Flesland    --- Across-Track Index 131
     22.00 km      Distance for 03751B over    Flesland    --- Across-Track Index 128
     18.00 km      Distance for 03962D over    Flesland    --- Across-Track Index 132
     24.00 km      Distance for 04140B over    Flesland    --- Across-Track Index 126
     15.00 km      Distance for 04740D over    Flesland    --- Across-Track Index 135
     15.00 km      Distance for 06296D over    Flesland    --- Across-Track Index 135
     13.00 km      Distance for 06685D over    Flesland    --- Across-Track Index 137
     13.00 km      Distance for 07074D over    Flesland    --- Across-Track Index 137
     18.00 km      Distance for 07463D over    Flesland    --- Across-Track Index 132
     22.00 km      Distance for 07852D over    Flesland    --- Across-Track Index 128
     16.00 km      Distance for 08241D over    Flesland    --- Across-Track Index 134
     17.00 km      Distance for 08630D over    Flesland    --- Across-Track Index 133
     14.00 km      Distance for 09797D over    Flesland    --- Across-Track Index 136
     13.00 km      Distance for 11353D over    Flesland    --- Across-Track Index 137
     14.00 km      Distance for 11742D over    Flesland    --- Across-Track Index 136
     29.00 km      Distance for 00912C over     Iskoras    --- Across-Track Index 121
     28.00 km      Distance for 01027C over     Iskoras    --- Across-Track Index 122
     32.00 km      Distance for 01083C over     Iskoras    --- Across-Track Index 118
     17.00 km      Distance for 01254C over     Iskoras    --- Across-Track Index 167
     15.00 km      Distance for 01587C over     Iskoras    --- Across-Track Index 135
      2.00 km      Distance for 01643C over     Iskoras    --- Across-Track Index 152
     38.00 km      Distance for 02505C over     Iskoras    --- Across-Track Index 112
     18.00 km      Distance for 02561C over     Iskoras    --- Across-Track Index 168
      7.00 km      Distance for 02754C over     Iskoras    --- Across-Track Index 157
     23.00 km      Distance for 02810C over     Iskoras    --- Across-Track Index 127
     33.00 km      Distance for 02894C over     Iskoras    --- Across-Track Index 117
     17.00 km      Distance for 03199C over     Iskoras    --- Across-Track Index 133
     35.00 km      Distance for 03283C over     Iskoras    --- Across-Track Index 115
      1.00 km      Distance for 03532C over     Iskoras    --- Across-Track Index 149
     15.00 km      Distance for 03588C over     Iskoras    --- Across-Track Index 135
     36.00 km      Distance for 03672C over     Iskoras    --- Across-Track Index 114
     19.00 km      Distance for 03728C over     Iskoras    --- Across-Track Index 169
      6.00 km      Distance for 03921C over     Iskoras    --- Across-Track Index 144
     16.00 km      Distance for 03977C over     Iskoras    --- Across-Track Index 134
     33.00 km      Distance for 04061C over     Iskoras    --- Across-Track Index 117
     18.00 km      Distance for 04117C over     Iskoras    --- Across-Track Index 168
      0.00 km      Distance for 06255C over     Iskoras    --- Across-Track Index 150
     11.00 km      Distance for 06311C over     Iskoras    --- Across-Track Index 139
      3.00 km      Distance for 06644C over     Iskoras    --- Across-Track Index 147
     11.00 km      Distance for 06700C over     Iskoras    --- Across-Track Index 139
     11.00 km      Distance for 07089C over     Iskoras    --- Across-Track Index 139
     13.00 km      Distance for 07478C over     Iskoras    --- Across-Track Index 137
     17.00 km      Distance for 07867C over     Iskoras    --- Across-Track Index 133
     11.00 km      Distance for 08256C over     Iskoras    --- Across-Track Index 139
     13.00 km      Distance for 08645C over     Iskoras    --- Across-Track Index 137
     11.00 km      Distance for 09812C over     Iskoras    --- Across-Track Index 139
     10.00 km      Distance for 11368C over     Iskoras    --- Across-Track Index 140
     10.00 km      Distance for 11757C over     Iskoras    --- Across-Track Index 140
     10.00 km      Distance for 12146C over     Iskoras    --- Across-Track Index 140
      3.00 km      Distance for 01059B over      Rena      --- Across-Track Index 147
      6.00 km      Distance for 01301D over      Rena      --- Across-Track Index 156
     21.00 km      Distance for 01619B over      Rena      --- Across-Track Index 129
      2.00 km      Distance for 01690D over      Rena      --- Across-Track Index 148
     22.00 km      Distance for 02468D over      Rena      --- Across-Track Index 128
     12.00 km      Distance for 02786B over      Rena      --- Across-Track Index 162
     23.00 km      Distance for 03246D over      Rena      --- Across-Track Index 127
     25.00 km      Distance for 03386D over      Rena      --- Across-Track Index 175
      1.00 km      Distance for 03564B over      Rena      --- Across-Track Index 151
     23.00 km      Distance for 03635D over      Rena      --- Across-Track Index 127
     25.00 km      Distance for 03775D over      Rena      --- Across-Track Index 175
      1.00 km      Distance for 03953B over      Rena      --- Across-Track Index 149
     23.00 km      Distance for 04024D over      Rena      --- Across-Track Index 127
     25.00 km      Distance for 04164D over      Rena      --- Across-Track Index 175
     18.00 km      Distance for 06358D over      Rena      --- Across-Track Index 132
     15.00 km      Distance for 06747D over      Rena      --- Across-Track Index 135
     18.00 km      Distance for 07136D over      Rena      --- Across-Track Index 132
      6.00 km      Distance for 07454B over      Rena      --- Across-Track Index 156
     19.00 km      Distance for 07525D over      Rena      --- Across-Track Index 131
     26.00 km      Distance for 07914D over      Rena      --- Across-Track Index 124
     18.00 km      Distance for 08303D over      Rena      --- Across-Track Index 132
      6.00 km      Distance for 08621B over      Rena      --- Across-Track Index 156
     19.00 km      Distance for 09859D over      Rena      --- Across-Track Index 131
      5.00 km      Distance for 11344B over      Rena      --- Across-Track Index 155
     15.00 km      Distance for 11415D over      Rena      --- Across-Track Index 135
     16.00 km      Distance for 12193D over      Rena      --- Across-Track Index 134
     39.00 km      Distance for 00943C over    Korgåsen    --- Across-Track Index 111
      9.00 km      Distance for 01229C over    Korgåsen    --- Across-Track Index 141
     11.00 km      Distance for 01369C over    Korgåsen    --- Across-Track Index 139
     18.00 km      Distance for 01618C over    Korgåsen    --- Across-Track Index 168
     19.00 km      Distance for 01674C over    Korgåsen    --- Across-Track Index 169
      5.00 km      Distance for 01758C over    Korgåsen    --- Across-Track Index 145
     30.00 km      Distance for 01898C over    Korgåsen    --- Across-Track Index 120
     38.00 km      Distance for 01923C over    Korgåsen    --- Across-Track Index 112
      2.00 km      Distance for 02452C over    Korgåsen    --- Across-Track Index 152
      1.00 km      Distance for 02536C over    Korgåsen    --- Across-Track Index 151
     28.00 km      Distance for 02676C over    Korgåsen    --- Across-Track Index 122
     38.00 km      Distance for 02701C over    Korgåsen    --- Across-Track Index 112
      0.00 km      Distance for 02925C over    Korgåsen    --- Across-Track Index 150
     34.00 km      Distance for 03065C over    Korgåsen    --- Across-Track Index 116
     31.00 km      Distance for 03090C over    Korgåsen    --- Across-Track Index 119
      3.00 km      Distance for 03314C over    Korgåsen    --- Across-Track Index 153
     33.00 km      Distance for 03454C over    Korgåsen    --- Across-Track Index 117
     29.00 km      Distance for 03479C over    Korgåsen    --- Across-Track Index 121
      1.00 km      Distance for 03619C over    Korgåsen    --- Across-Track Index 151
     32.00 km      Distance for 03843C over    Korgåsen    --- Across-Track Index 118
     31.00 km      Distance for 03868C over    Korgåsen    --- Across-Track Index 119
      1.00 km      Distance for 04008C over    Korgåsen    --- Across-Track Index 151
      2.00 km      Distance for 04092C over    Korgåsen    --- Across-Track Index 152
     34.00 km      Distance for 04232C over    Korgåsen    --- Across-Track Index 116
     29.00 km      Distance for 04257C over    Korgåsen    --- Across-Track Index 121
     29.00 km      Distance for 06202C over    Korgåsen    --- Across-Track Index 121
     27.00 km      Distance for 06591C over    Korgåsen    --- Across-Track Index 123
      7.00 km      Distance for 06731C over    Korgåsen    --- Across-Track Index 157
     27.00 km      Distance for 06980C over    Korgåsen    --- Across-Track Index 123
      6.00 km      Distance for 07120C over    Korgåsen    --- Across-Track Index 156
     29.00 km      Distance for 07369C over    Korgåsen    --- Across-Track Index 121
      6.00 km      Distance for 07509C over    Korgåsen    --- Across-Track Index 156
     26.00 km      Distance for 07758C over    Korgåsen    --- Across-Track Index 124
      0.00 km      Distance for 07898C over    Korgåsen    --- Across-Track Index 150
     29.00 km      Distance for 08147C over    Korgåsen    --- Across-Track Index 121
      6.00 km      Distance for 08287C over    Korgåsen    --- Across-Track Index 156
     28.00 km      Distance for 08925C over    Korgåsen    --- Across-Track Index 122
     29.00 km      Distance for 09314C over    Korgåsen    --- Across-Track Index 121
      5.00 km      Distance for 09843C over    Korgåsen    --- Across-Track Index 155
     23.00 km      Distance for 10481C over    Korgåsen    --- Across-Track Index 127
      8.00 km      Distance for 11399C over    Korgåsen    --- Across-Track Index 158
     25.00 km      Distance for 12037C over    Korgåsen    --- Across-Track Index 125
      8.00 km      Distance for 12177C over    Korgåsen    --- Across-Track Index 158
     13.00 km      Distance for 01027C over    Bjørnøya    --- Across-Track Index 163
     43.00 km      Distance for 01058C over    Bjørnøya    --- Across-Track Index 107
     11.00 km      Distance for 01068C over    Bjørnøya    --- Across-Track Index 161
      8.00 km      Distance for 01198C over    Bjørnøya    --- Across-Track Index 142
     22.00 km      Distance for 01208C over    Bjørnøya    --- Across-Track Index 128
     24.00 km      Distance for 01348C over    Bjørnøya    --- Across-Track Index 126
     21.00 km      Distance for 01478C over    Bjørnøya    --- Across-Track Index 129
      5.00 km      Distance for 01488C over    Bjørnøya    --- Across-Track Index 145
      2.00 km      Distance for 01727C over    Bjørnøya    --- Across-Track Index 152
     28.00 km      Distance for 01737C over    Bjørnøya    --- Across-Track Index 122
     18.00 km      Distance for 01867C over    Bjørnøya    --- Across-Track Index 132
      9.00 km      Distance for 01877C over    Bjørnøya    --- Across-Track Index 141
      7.00 km      Distance for 02505C over    Bjørnøya    --- Across-Track Index 157
     32.00 km      Distance for 02515C over    Bjørnøya    --- Across-Track Index 118
     16.00 km      Distance for 02645C over    Bjørnøya    --- Across-Track Index 134
     10.00 km      Distance for 02655C over    Bjørnøya    --- Across-Track Index 140
     34.00 km      Distance for 02785C over    Bjørnøya    --- Across-Track Index 116
     10.00 km      Distance for 02795C over    Bjørnøya    --- Across-Track Index 160
     10.00 km      Distance for 02894C over    Bjørnøya    --- Across-Track Index 160
     34.00 km      Distance for 02904C over    Bjørnøya    --- Across-Track Index 116
     18.00 km      Distance for 03034C over    Bjørnøya    --- Across-Track Index 132
      6.00 km      Distance for 03044C over    Bjørnøya    --- Across-Track Index 144
      9.00 km      Distance for 03283C over    Bjørnøya    --- Across-Track Index 159
     34.00 km      Distance for 03293C over    Bjørnøya    --- Across-Track Index 116
     17.00 km      Distance for 03423C over    Bjørnøya    --- Across-Track Index 133
      8.00 km      Distance for 03433C over    Bjørnøya    --- Across-Track Index 142
     40.00 km      Distance for 03563C over    Bjørnøya    --- Across-Track Index 110
      8.00 km      Distance for 03672C over    Bjørnøya    --- Across-Track Index 158
     32.00 km      Distance for 03682C over    Bjørnøya    --- Across-Track Index 118
     17.00 km      Distance for 03812C over    Bjørnøya    --- Across-Track Index 133
      8.00 km      Distance for 03822C over    Bjørnøya    --- Across-Track Index 142
     41.00 km      Distance for 03952C over    Bjørnøya    --- Across-Track Index 109
     10.00 km      Distance for 04061C over    Bjørnøya    --- Across-Track Index 160
     34.00 km      Distance for 04071C over    Bjørnøya    --- Across-Track Index 116
     15.00 km      Distance for 04201C over    Bjørnøya    --- Across-Track Index 135
      8.00 km      Distance for 04211C over    Bjørnøya    --- Across-Track Index 142
     39.00 km      Distance for 06286C over    Bjørnøya    --- Across-Track Index 111
     29.00 km      Distance for 06405C over    Bjørnøya    --- Across-Track Index 121
      4.00 km      Distance for 06545C over    Bjørnøya    --- Across-Track Index 146
     28.00 km      Distance for 06794C over    Bjørnøya    --- Across-Track Index 122
      5.00 km      Distance for 06934C over    Bjørnøya    --- Across-Track Index 145
     27.00 km      Distance for 07183C over    Bjørnøya    --- Across-Track Index 123
      5.00 km      Distance for 07323C over    Bjørnøya    --- Across-Track Index 145
     36.00 km      Distance for 07453C over    Bjørnøya    --- Across-Track Index 114
     30.00 km      Distance for 07572C over    Bjørnøya    --- Across-Track Index 120
      6.00 km      Distance for 08101C over    Bjørnøya    --- Across-Track Index 144
     28.00 km      Distance for 08350C over    Bjørnøya    --- Across-Track Index 122
     36.00 km      Distance for 08620C over    Bjørnøya    --- Across-Track Index 114
      6.00 km      Distance for 08879C over    Bjørnøya    --- Across-Track Index 144
     26.00 km      Distance for 09517C over    Bjørnøya    --- Across-Track Index 124
      4.00 km      Distance for 10435C over    Bjørnøya    --- Across-Track Index 146
     10.00 km      Distance for 11981C over    Bjørnøya    --- Across-Track Index 140
      2.00 km      Distance for 11991C over    Bjørnøya    --- Across-Track Index 148
      9.00 km      Distance for 01168B over    Filefjell   --- Across-Track Index 159
      5.00 km      Distance for 01837B over    Filefjell   --- Across-Track Index 155
      4.00 km      Distance for 02437D over    Filefjell   --- Across-Track Index 154
      6.00 km      Distance for 02615B over    Filefjell   --- Across-Track Index 156
     25.00 km      Distance for 02755B over    Filefjell   --- Across-Track Index 125
      5.00 km      Distance for 02826D over    Filefjell   --- Across-Track Index 145
      8.00 km      Distance for 03004B over    Filefjell   --- Across-Track Index 158
      1.00 km      Distance for 03215D over    Filefjell   --- Across-Track Index 151
      3.00 km      Distance for 03604D over    Filefjell   --- Across-Track Index 153
     11.00 km      Distance for 03782B over    Filefjell   --- Across-Track Index 161
      2.00 km      Distance for 03993D over    Filefjell   --- Across-Track Index 152
     12.00 km      Distance for 04171B over    Filefjell   --- Across-Track Index 162
      7.00 km      Distance for 04771D over    Filefjell   --- Across-Track Index 157
      8.00 km      Distance for 06327D over    Filefjell   --- Across-Track Index 158
      9.00 km      Distance for 06716D over    Filefjell   --- Across-Track Index 159
      8.00 km      Distance for 07105D over    Filefjell   --- Across-Track Index 158
      6.00 km      Distance for 07494D over    Filefjell   --- Across-Track Index 156
      1.00 km      Distance for 07883D over    Filefjell   --- Across-Track Index 149
      9.00 km      Distance for 08272D over    Filefjell   --- Across-Track Index 159
      6.00 km      Distance for 09828D over    Filefjell   --- Across-Track Index 156
      9.00 km      Distance for 11384D over    Filefjell   --- Across-Track Index 159
      8.00 km      Distance for 12162D over    Filefjell   --- Across-Track Index 158
     32.00 km      Distance for 01099D over   Juvvasshøe   --- Across-Track Index 118
     25.00 km      Distance for 01588B over   Juvvasshøe   --- Across-Track Index 125
      7.00 km      Distance for 02437D over   Juvvasshøe   --- Across-Track Index 157
      4.00 km      Distance for 02755B over   Juvvasshøe   --- Across-Track Index 154
      2.00 km      Distance for 02826D over   Juvvasshøe   --- Across-Track Index 148
      3.00 km      Distance for 03215D over   Juvvasshøe   --- Across-Track Index 153
      7.00 km      Distance for 03533B over   Juvvasshøe   --- Across-Track Index 143
      6.00 km      Distance for 03604D over   Juvvasshøe   --- Across-Track Index 156
      4.00 km      Distance for 03993D over   Juvvasshøe   --- Across-Track Index 154
     10.00 km      Distance for 04771D over   Juvvasshøe   --- Across-Track Index 160
      6.00 km      Distance for 06256B over   Juvvasshøe   --- Across-Track Index 144
     11.00 km      Distance for 06327D over   Juvvasshøe   --- Across-Track Index 161
     10.00 km      Distance for 06645B over   Juvvasshøe   --- Across-Track Index 140
     11.00 km      Distance for 06716D over   Juvvasshøe   --- Across-Track Index 161
     10.00 km      Distance for 07105D over   Juvvasshøe   --- Across-Track Index 160
      8.00 km      Distance for 07494D over   Juvvasshøe   --- Across-Track Index 158
      2.00 km      Distance for 07883D over   Juvvasshøe   --- Across-Track Index 152
     11.00 km      Distance for 08272D over   Juvvasshøe   --- Across-Track Index 161
      9.00 km      Distance for 09828D over   Juvvasshøe   --- Across-Track Index 159
     11.00 km      Distance for 11384D over   Juvvasshøe   --- Across-Track Index 161
     11.00 km      Distance for 12162D over   Juvvasshøe   --- Across-Track Index 161
len x 870, len y 870, len D 870
Traceback (most recent call last):
  File "/homevip/bgre/publication_1/plot_scatter.py", line 445, in <module>
  File "/homevip/bgre/publication_1/plot_scatter.py", line 332, in plot_scatter_across_track_uncertainty
  File "/home/bgre/anaconda3/envs/NEVAR/lib/python3.13/site-packages/numpy/lib/_polynomial_impl.py", line 647, in polyfit
    raise TypeError("expected non-empty vector for x")
TypeError: expected non-empty vector for x
